Customer ID,avg_order_time,avg_first_half,avg_second_half,time_since_last_order,total_orders,total_sum,avg_incr,Recency,Frequency,Monetary_Value,RFM_Score
12346.0,36 days 08:51:32.727272,4 days 04:58:00,63 days 04:06:10,325 days 02:49:00,12,77556.46,15.015874325960162,1,6,10,17
12347.0,57 days 10:30:17.142857,52 days 14:47:40,61 days 01:17:15,1 days 20:58:00,8,4921.53,1.160353140961624,5,5,9,19
12348.0,90 days 17:33:30,80 days 04:10:00,94 days 06:01:20,74 days 23:37:00,5,2019.3999999999999,1.1755853905009384,0,3,8,11
12349.0,190 days 06:50:20,18 days 20:37:00,275 days 23:57:00,18 days 02:59:00,4,4428.69,14.63479029347866,0,3,9,12
12350.0,,,,309 days 20:49:00,1,334.4,,0,0,3,3
12351.0,,,,374 days 21:27:00,1,300.93,,0,0,3,3
12352.0,39 days 13:48:33.333333,27 days 07:23:00,49 days 09:21:00,35 days 22:13:00,10,2849.84,1.8086361671286524,3,6,8,17
12353.0,204 days 05:03:00,,204 days 05:03:00,203 days 19:03:00,2,406.76,,0,1,3,4
12354.0,,,,231 days 23:39:00,1,1079.4,,0,0,6,6
12355.0,353 days 01:50:00,,353 days 01:50:00,213 days 23:01:00,2,947.61,,0,1,6,7
12356.0,80 days 09:23:36,22 days 01:21:00,119 days 06:45:20,22 days 04:10:00,6,6371.7300000000005,5.408058100605564,0,4,10,14
12357.0,177 days 15:01:00,,177 days 15:01:00,32 days 20:43:00,3,18287.66,,0,2,10,12
12358.0,182 days 12:36:45,181 days 04:29:00,182 days 23:19:20,1 days 02:24:00,5,3887.07,1.009851455232795,0,3,9,12
12359.0,75 days 05:15:00,49 days 17:13:00,95 days 14:52:36,57 days 00:03:00,10,8873.39,1.9232690346821617,2,6,10,18
12360.0,86 days 04:15:42.857142,87 days 16:39:40,85 days 00:57:45,51 days 21:28:00,8,4252.889999999999,0.969734504631255,7,5,9,21
12361.0,131 days 15:44:40,103 days 00:56:00,145 days 23:09:00,286 days 22:59:00,4,511.25,1.4165970237774304,0,3,4,7
12362.0,73 days 12:33:00,154 days 13:13:00,19 days 12:06:20,2 days 21:10:00,11,5356.23,0.12620065033198086,10,6,9,25
12363.0,132 days 20:49:00,,132 days 20:49:00,109 days 02:32:00,2,552.0,,0,1,4,5
12364.0,34 days 22:19:20,34 days 00:43:00,35 days 09:07:30,7 days 02:28:00,4,1313.1,1.039681244005469,0,3,7,10
12365.0,0 days 00:13:00,,0 days 00:13:00,290 days 22:46:00,2,641.38,,0,1,5,6
12366.0,,,,633 days 02:22:00,1,500.24,,0,0,4,4
12367.0,,,,3 days 20:02:00,1,168.9,,0,0,2,2
12368.0,,,,627 days 20:54:00,1,917.6999999999999,,0,0,6,6
12369.0,114 days 02:32:00,,114 days 02:32:00,412 days 23:37:00,3,1791.1499999999999,,0,2,7,9
12370.0,102 days 20:51:40,22 days 01:14:30,143 days 06:40:15,50 days 21:59:00,7,4316.5599999999995,6.497354705632272,0,4,9,13
12371.0,150 days 03:58:15,0 days 00:02:00,200 days 05:17:00,44 days 02:34:00,5,4067.38,144158.5,0,3,9,12
12372.0,112 days 11:43:00,,112 days 11:43:00,71 days 00:38:00,3,1298.04,,0,2,7,9
12373.0,181 days 00:31:00,,181 days 00:31:00,310 days 23:40:00,3,1127.65,,0,2,6,8
12374.0,187 days 16:32:00,166 days 20:15:00,198 days 02:40:30,24 days 21:13:00,4,2989.2200000000003,1.1874071299244553,0,3,9,12
12375.0,87 days 20:13:00,,87 days 20:13:00,10 days 02:14:00,2,457.5,,0,1,4,5
12376.0,28 days 03:33:00,,28 days 03:33:00,389 days 00:35:00,2,503.15,,0,1,4,5
12377.0,91 days 08:03:40,208 days 03:50:00,32 days 22:10:30,314 days 21:05:00,4,3426.32,0.15816680567139282,0,3,9,12
12378.0,432 days 20:27:00,,432 days 20:27:00,129 days 02:16:00,2,5416.32,,0,1,9,10
12379.0,150 days 23:06:40,112 days 01:57:00,170 days 09:41:30,81 days 02:41:00,4,1620.22,1.5203597340718848,0,3,7,10
12380.0,64 days 02:20:12,33 days 12:50:45,84 days 11:19:50,21 days 01:23:00,11,9676.300000000001,2.5189054494563314,2,6,10,18
12381.0,28 days 18:41:45,60 days 05:48:00,18 days 06:59:40,4 days 00:06:00,5,1845.31,0.3036342816741212,0,3,8,11
12383.0,41 days 22:23:30,20 days 23:42:00,48 days 21:57:20,184 days 04:48:00,5,1850.56,2.330664196060265,0,3,8,11
12384.0,92 days 21:16:00,,92 days 21:16:00,28 days 04:11:00,2,585.27,,0,1,4,5
12385.0,,,,378 days 21:36:00,1,1938.4,,0,0,8,8
12386.0,29 days 02:44:00,,29 days 02:44:00,337 days 00:13:00,2,401.9,,0,1,3,4
12387.0,,,,414 days 20:23:00,1,143.94,,0,0,1,1
12388.0,80 days 23:56:34.285714,92 days 08:21:40,72 days 11:37:45,15 days 00:20:00,8,3901.11,0.7849033074734613,8,5,9,22
12389.0,126 days 12:48:30,,126 days 12:48:30,402 days 00:58:00,3,1433.33,,0,2,7,9
12390.0,,,,79 days 03:17:00,1,549.84,,0,0,4,4
12391.0,128 days 05:11:00,32 days 12:23:00,192 days 00:23:00,21 days 00:43:00,6,2724.84,5.905281592379813,0,4,8,12
12392.0,,,,590 days 22:46:00,1,234.75000000000003,,0,0,2,2
12393.0,71 days 05:10:24,47 days 21:59:00,86 days 17:58:00,71 days 21:09:00,6,2399.45,1.8104320352468877,0,4,8,12
12394.0,153 days 18:07:00,,153 days 18:07:00,63 days 04:42:00,2,1272.48,,0,1,7,8
12395.0,41 days 15:47:30,56 days 20:42:50,30 days 06:06:00,18 days 21:29:00,15,4721.17,0.5320529130037431,9,7,9,25
12396.0,,,,673 days 23:28:00,1,931.43,,0,0,6,6
12397.0,99 days 19:31:00,,99 days 19:31:00,35 days 02:58:00,2,2409.8999999999996,,0,1,8,9
12398.0,,,,45 days 02:23:00,1,1635.6599999999999,,0,0,7,7
12399.0,87 days 12:45:00,129 days 12:04:00,66 days 13:05:30,118 days 23:35:00,7,1962.3000000000002,0.5138537354411102,0,4,8,12
12400.0,,,,413 days 23:05:00,1,205.25,,0,0,2,2
12401.0,,,,302 days 23:00:00,1,84.3,,0,0,1,1
12402.0,69 days 09:49:36,74 days 11:47:00,66 days 00:31:20,322 days 23:01:00,6,1256.9,0.8863055117914488,0,4,7,11
12403.0,471 days 23:12:00,,471 days 23:12:00,49 days 01:59:00,2,1019.3600000000001,,0,1,6,7
12404.0,,,,681 days 20:25:00,1,63.24,,0,0,1,1
12405.0,,,,148 days 03:58:00,1,1710.39,,0,0,7,7
12406.0,168 days 19:19:30,101 days 04:37:00,191 days 08:13:40,21 days 17:28:00,5,6390.360000000001,1.8908820979478487,0,3,10,13
12407.0,53 days 17:12:30,28 days 23:04:00,61 days 23:15:20,49 days 02:39:00,5,1708.12,2.139730801202123,0,3,7,10
12408.0,66 days 13:34:17.142857,79 days 08:26:20,56 days 23:25:15,32 days 00:23:00,8,4340.7699999999995,0.7180177013351847,9,5,9,23
12409.0,81 days 03:12:50,19 days 23:54:30,111 days 16:52:00,78 days 02:12:00,7,23419.29,5.586205699005018,0,4,10,14
12410.0,96 days 22:36:30,,96 days 22:36:30,308 days 02:11:00,3,1013.7099999999999,,0,2,6,8
12411.0,,,,409 days 03:25:00,1,346.9,,0,0,3,3
12412.0,92 days 23:22:48,68 days 13:50:00,109 days 05:44:40,74 days 02:34:00,6,2596.93,1.5929586497890296,0,4,8,12
12413.0,111 days 22:31:20,65 days 02:46:00,135 days 08:24:00,66 days 03:50:00,4,999.45,2.078621248640232,0,3,6,9
12414.0,49 days 05:17:48,0 days 00:42:30,82 days 00:21:20,216 days 21:59:00,6,952.41,2778.8549019607844,0,4,6,10
12415.0,18 days 15:19:42.222222,24 days 22:35:36.923076,12 days 18:52:04.285714,23 days 22:28:00,28,144458.37,0.5126480844446688,9,8,10,27
12416.0,,,,656 days 02:31:00,1,202.56,,0,0,2,2
12417.0,38 days 10:20:06.315789,34 days 19:03:00,41 days 16:53:30,2 days 21:58:00,20,6797.41,1.1986008821827037,5,7,10,22
12418.0,172 days 14:47:00,53 days 22:24:00,231 days 22:58:30,112 days 01:42:00,4,2021.2,4.300815049443758,0,3,8,11
12419.0,27 days 23:24:00,,27 days 23:24:00,385 days 02:46:00,2,503.01,,0,1,4,5
12420.0,,,,63 days 03:55:00,1,600.39,,0,0,4,4
12421.0,97 days 23:02:00,93 days 00:36:00,101 days 05:59:20,15 days 03:43:00,6,1098.6,1.088412115420984,0,4,6,10
12422.0,39 days 02:49:00,27 days 23:31:51.428571,47 days 18:42:20,95 days 03:02:00,17,5231.8,1.7075989594970225,3,7,9,19
12423.0,51 days 16:04:20,50 days 12:33:45,52 days 14:04:48,0 days 02:40:00,10,2622.39,1.0408370702541105,6,6,8,20
12424.0,128 days 14:57:00,125 days 19:14:00,130 days 00:48:30,162 days 00:44:00,4,3340.03,1.033642646587986,0,3,9,12
12425.0,370 days 03:21:00,,370 days 03:21:00,77 days 19:19:00,2,1741.41,,0,1,7,8
12426.0,468 days 03:45:00,,468 days 03:45:00,194 days 00:24:00,2,1345.21,,0,1,7,8
12427.0,174 days 23:06:00,,174 days 23:06:00,21 days 03:54:00,3,825.8,,0,2,5,7
12428.0,32 days 05:51:07.500000,6 days 10:04:20,47 days 17:43:12,25 days 04:28:00,9,7956.46,7.436252839577398,1,5,10,16
12429.0,76 days 17:42:00,35 days 00:15:40,108 days 00:46:45,8 days 19:28:00,8,6204.41,3.0856826912269333,1,5,10,16
12430.0,,,,42 days 21:41:00,1,256.4,,0,0,2,2
12431.0,25 days 07:29:39.230769,26 days 16:04:55,24 days 03:33:42.857142,35 days 00:55:00,27,10432.22,0.9054495440653215,7,8,10,25
12432.0,32 days 11:34:00,0 days 00:02:00,43 days 07:24:40,42 days 01:07:00,5,5059.32,31182.333333333332,0,3,9,12
12433.0,52 days 21:24:20,27 days 13:51:30,73 days 03:26:36,0 days 02:48:00,10,16794.14,2.6522946753459324,2,6,10,18
12434.0,148 days 11:30:00,,148 days 11:30:00,84 days 00:12:00,3,1103.43,,0,2,6,8
12435.0,131 days 13:25:36,130 days 01:27:30,132 days 13:24:20,79 days 03:44:00,6,13925.93,1.0192048766379675,0,4,10,14
12436.0,,,,99 days 00:41:00,1,509.01,,0,0,4,4
12437.0,19 days 08:42:55.263157,18 days 21:12:13.333333,19 days 19:04:33,1 days 01:15:00,39,12683.4,1.0482611449354489,6,8,10,24
12438.0,125 days 23:59:00,,125 days 23:59:00,13 days 23:22:00,2,2906.85,,0,1,8,9
12439.0,43 days 03:31:00,,43 days 03:31:00,682 days 00:39:00,2,1142.88,,0,1,6,7
12440.0,255 days 01:08:00,,255 days 01:08:00,461 days 23:39:00,2,859.2,,0,1,5,6
12441.0,,,,366 days 02:05:00,1,173.55,,0,0,2,2
12442.0,,,,2 days 22:28:00,1,172.06,,0,0,2,2
12443.0,,,,731 days 21:08:00,1,485.31,,0,0,4,4
12444.0,37 days 11:50:45,49 days 18:41:00,33 days 09:34:00,20 days 23:27:00,5,5005.46,0.6709448807912836,0,3,9,12
12445.0,398 days 06:15:00,,398 days 06:15:00,21 days 18:07:00,2,434.98,,0,1,4,5
12446.0,,,,57 days 00:00:00,1,1002.3100000000001,,0,0,6,6
12447.0,,,,242 days 23:25:00,1,476.49,,0,0,4,4
12448.0,,,,43 days 23:04:00,1,449.45,,0,0,4,4
12449.0,83 days 05:37:48,125 days 15:00:00,54 days 23:23:00,21 days 23:04:00,6,4835.89,0.4376064123825318,0,4,9,13
12450.0,79 days 12:22:30,22 days 21:09:00,98 days 09:27:00,155 days 22:09:00,5,688.2,4.30019120458891,0,3,5,8
12451.0,74 days 02:48:51.428571,68 days 06:42:20,78 days 11:53:45,10 days 04:10:00,8,12669.88,1.1496243647594477,5,5,10,20
12452.0,0 days 02:23:00,,0 days 02:23:00,16 days 02:22:00,2,430.57,,0,1,4,5
12453.0,,,,133 days 22:42:00,1,707.09,,0,0,5,5
12454.0,91 days 05:55:00,3 days 23:39:00,120 days 08:00:20,55 days 19:37:00,5,16679.78,30.19347156879828,0,3,10,13
12455.0,72 days 00:19:46.666666,106 days 05:20:45,44 days 15:31:00,72 days 21:19:00,10,5879.95,0.420310439115917,10,6,10,26
12456.0,105 days 02:44:30,,105 days 02:44:30,43 days 22:09:00,3,3181.04,,0,2,9,11
12457.0,52 days 16:27:42.857142,67 days 05:23:40,41 days 18:45:45,65 days 23:37:00,8,2995.91,0.6215234615768687,9,5,9,23
12458.0,138 days 17:37:20,60 days 01:03:00,178 days 01:54:30,70 days 21:25:00,4,1777.49,2.965829314273157,0,3,7,10
12459.0,,,,604 days 21:57:00,1,454.36,,0,0,4,4
12460.0,,,,455 days 22:59:00,1,326.65,,0,0,3,3
12461.0,60 days 06:34:00,,60 days 06:34:00,93 days 19:53:00,2,826.88,,0,1,5,6
12462.0,284 days 18:27:00,,284 days 18:27:00,18 days 03:39:00,2,1189.5900000000001,,0,1,6,7
12463.0,62 days 16:19:00,34 days 21:15:00,76 days 13:51:00,52 days 23:06:00,4,1344.78,2.1951030158256195,0,3,7,10
12464.0,42 days 17:09:00,36 days 07:26:20,47 days 12:26:00,9 days 23:17:00,8,1212.05,1.3086784946990608,5,5,6,16
12465.0,152 days 02:57:00,,152 days 02:57:00,16 days 20:16:00,2,742.19,,0,1,5,6
12466.0,,,,681 days 20:24:00,1,56.73,,0,0,1,1
12467.0,,,,422 days 21:09:00,1,132.8,,0,0,1,1
12468.0,123 days 18:21:45,72 days 23:59:00,140 days 16:29:20,187 days 01:14:00,5,3670.74,1.9272380191338705,0,3,9,12
12469.0,14 days 02:10:00,,14 days 02:10:00,522 days 00:10:00,2,3070.54,,0,1,9,10
12470.0,,,,689 days 01:49:00,1,211.95,,0,0,2,2
12471.0,9 days 08:40:47.692307,7 days 22:08:50.526315,10 days 17:29:09,1 days 21:07:00,79,39918.19,1.3541382953219043,4,9,10,23
12472.0,38 days 12:10:40,26 days 05:57:07.500000,48 days 07:33:30,31 days 22:49:00,19,16249.29,1.8407087840675713,3,7,10,20
12473.0,40 days 12:52:45,77 days 01:49:00,28 days 08:34:00,28 days 23:04:00,5,3928.05,0.3679103334564687,0,3,9,12
12474.0,21 days 15:21:56,24 days 02:04:34.285714,19 days 11:59:37.500000,16 days 22:11:00,31,12372.75,0.8095710525883348,8,8,10,26
12475.0,356 days 01:21:00,,356 days 01:21:00,53 days 02:40:00,2,1149.6399999999999,,0,1,6,7
12476.0,22 days 02:20:43.636363,10 days 10:15:00,31 days 19:45:30,15 days 00:10:00,23,14083.91,3.051981351981352,1,7,10,18
12477.0,75 days 02:28:45,107 days 07:34:40,55 days 18:37:12,22 days 02:59:00,9,20276.37,0.5197358090094132,9,5,10,24
12478.0,,,,3 days 02:54:00,1,680.99,,0,0,5,5
12479.0,,,,10 days 23:24:00,1,527.2,,0,0,4,4
12480.0,79 days 20:15:10,54 days 00:53:30,92 days 17:56:00,27 days 21:58:00,7,5464.85,1.7163602716752235,0,4,9,13
12481.0,41 days 18:31:21.428571,42 days 04:20:50,41 days 11:09:15,22 days 04:21:00,15,12185.51,0.9830166417429241,7,7,10,24
12482.0,2 days 18:13:49.285714,4 days 02:01:32.307692,1 days 14:40:28,575 days 19:59:00,29,23691.4,0.3945339611129083,10,8,10,28
12483.0,36 days 16:11:53.333333,34 days 08:37:22.500000,38 days 12:39:30,16 days 19:48:00,19,5097.18,1.1213104979801374,6,7,9,22
12484.0,58 days 23:32:21.818181,39 days 13:48:48,75 days 03:38:40,32 days 01:13:00,12,6354.1,1.89894622569113,3,6,10,19
12485.0,,,,528 days 21:28:00,1,708.1,,0,0,5,5
12486.0,,,,431 days 00:36:00,1,1037.28,,0,0,6,6
12487.0,,,,730 days 01:14:00,1,285.29999999999995,,0,0,2,2
12488.0,32 days 23:08:00,,32 days 23:08:00,9 days 04:00:00,3,1298.66,,0,2,7,9
12489.0,,,,335 days 23:37:00,1,334.93,,0,0,3,3
12490.0,36 days 15:45:45,34 days 00:13:20,38 days 19:45:00,4 days 20:43:00,21,9823.64,1.1415396133950448,6,7,10,23
12491.0,,,,38 days 00:32:00,1,460.40000000000003,,0,0,4,4
12492.0,170 days 00:08:30,,170 days 00:08:30,62 days 21:35:00,3,715.21,,0,2,5,7
12493.0,31 days 19:24:00,,31 days 19:24:00,165 days 02:33:00,2,433.74,,0,1,4,5
12494.0,70 days 02:27:45,72 days 15:10:40,68 days 14:02:00,15 days 03:16:00,9,1815.27,0.9442716367298548,7,5,7,19
12495.0,,,,640 days 01:57:00,1,357.4,,0,0,3,3
12496.0,0 days 00:09:00,,0 days 00:09:00,619 days 22:44:00,2,45.34,,0,1,1,2
12497.0,281 days 13:25:00,,281 days 13:25:00,81 days 00:21:00,3,6248.5,,0,2,10,12
12498.0,18 days 01:41:30,,18 days 01:41:30,20 days 23:57:00,3,403.7,,0,2,3,5
12499.0,,,,559 days 21:38:00,1,393.72,,0,0,3,3
12500.0,36 days 02:44:10,42 days 11:20:22.500000,31 days 00:39:12,22 days 20:30:00,19,5955.21,0.7305252788263643,8,7,10,25
12501.0,,,,336 days 00:22:00,1,2169.39,,0,0,8,8
12502.0,53 days 12:17:45,41 days 02:48:00,57 days 15:27:40,95 days 00:58:00,5,3723.87,1.401967076521191,0,3,9,12
12503.0,,,,583 days 22:51:00,1,1126.0,,0,0,6,6
12504.0,192 days 17:52:40,179 days 04:45:00,199 days 12:26:30,17 days 20:48:00,4,779.05,1.1133968881396656,0,3,5,8
12505.0,,,,408 days 03:32:00,1,955.2,,0,0,6,6
12506.0,,,,232 days 03:56:00,1,73.5,,0,0,1,1
12507.0,150 days 02:35:20,286 days 00:01:00,82 days 03:52:30,133 days 19:41:00,4,1844.06,0.28727712879485046,0,3,8,11
12508.0,2 days 23:10:00,,2 days 23:10:00,25 days 21:13:00,2,397.88,,0,1,3,4
12509.0,,,,283 days 22:05:00,1,176.5,,0,0,2,2
12510.0,74 days 02:33:30,16 days 07:57:20,108 days 18:31:12,142 days 02:35:00,9,5178.02,6.6602449257285405,1,5,9,15
12511.0,,,,428 days 02:11:00,1,3084.02,,0,0,9,9
12512.0,0 days 00:02:00,,0 days 00:02:00,65 days 21:55:00,2,132.18,,0,1,1,2
12513.0,,,,112 days 01:59:00,1,612.29,,0,0,5,5
12514.0,374 days 04:20:00,,374 days 04:20:00,266 days 20:12:00,2,1597.76,,0,1,7,8
12515.0,,,,352 days 21:07:00,1,383.7,,0,0,3,3
12516.0,173 days 22:19:40,168 days 19:29:00,176 days 11:45:00,77 days 03:37:00,4,2648.62,1.0454812846323775,0,3,8,11
12517.0,40 days 11:42:45,63 days 23:49:00,32 days 15:40:40,27 days 22:46:00,5,2481.6,0.5102677909328008,0,3,8,11
12518.0,27 days 11:13:45,33 days 02:27:00,25 days 14:09:20,0 days 02:37:00,5,2056.89,0.7730575310662163,0,3,8,11
12519.0,413 days 01:05:00,,413 days 01:05:00,63 days 03:24:00,2,716.54,,0,1,5,6
12520.0,48 days 12:57:00,13 days 21:15:00,60 days 02:11:00,78 days 21:27:00,5,2634.26,4.327631907976994,0,3,8,11
12521.0,,,,142 days 01:59:00,1,599.68,,0,0,4,4
12522.0,12 days 00:49:00,,12 days 00:49:00,38 days 21:20:00,2,192.72,,0,1,2,3
12523.0,32 days 09:46:46.363636,35 days 16:40:54,29 days 16:01:40,18 days 23:55:00,23,4352.35,0.8311462769458641,8,7,9,24
12524.0,41 days 06:03:07.500000,37 days 03:13:25.714285,44 days 10:55:06.666666,8 days 21:19:00,17,11126.11,1.197138706481189,5,7,10,22
12525.0,74 days 13:03:30,,74 days 13:03:30,497 days 20:42:00,3,973.73,,0,2,6,8
12526.0,46 days 22:55:00,,46 days 22:55:00,0 days 00:41:00,3,1316.6599999999999,,0,2,7,9
12527.0,111 days 23:04:30,34 days 20:46:00,137 days 15:50:40,81 days 00:55:00,5,735.51,3.9483461472068413,0,3,5,8
12528.0,60 days 15:31:00,81 days 13:39:30,46 days 16:45:20,8 days 22:10:00,6,1933.48,0.5724980383309425,0,4,8,12
12529.0,,,,527 days 23:40:00,1,316.48,,0,0,3,3
12530.0,72 days 20:44:37.500000,63 days 08:06:00,78 days 13:55:48,59 days 00:16:00,9,3759.26,1.2406617985658839,5,5,9,19
12531.0,671 days 20:55:00,,671 days 20:55:00,14 days 01:38:00,2,1933.2,,0,1,8,9
12532.0,,,,29 days 23:03:00,1,349.83000000000004,,0,0,3,3
12533.0,110 days 23:06:00,,110 days 23:06:00,627 days 01:54:00,2,1367.8899999999999,,0,1,7,8
12534.0,,,,130 days 02:24:00,1,1089.18,,0,0,6,6
12535.0,94 days 20:01:00,,94 days 20:01:00,91 days 04:02:00,2,716.3499999999999,,0,1,5,6
12536.0,7 days 23:44:00,,7 days 23:44:00,42 days 22:30:00,3,12601.830000000002,,0,2,10,12
12537.0,,,,408 days 04:14:00,1,732.94,,0,0,5,5
12538.0,349 days 04:14:00,,349 days 04:14:00,28 days 19:34:00,2,640.45,,0,1,5,6
12539.0,115 days 16:05:00,132 days 22:25:00,107 days 00:55:00,21 days 23:20:00,7,11214.75,0.8051978581689957,0,4,10,14
12540.0,22 days 06:34:50.625000,23 days 13:59:08,21 days 02:52:14.117647,19 days 01:19:00,33,22254.489999999998,0.8955539293538115,7,8,10,25
12541.0,125 days 12:34:00,,125 days 12:34:00,29 days 02:10:00,3,981.18,,0,2,6,8
12542.0,156 days 02:46:00,,156 days 02:46:00,483 days 17:38:00,2,481.88,,0,1,4,5
12543.0,,,,447 days 20:59:00,1,980.25,,0,0,6,6
12544.0,,,,35 days 20:35:00,1,372.7,,0,0,3,3
12545.0,184 days 01:35:00,,184 days 01:35:00,74 days 23:11:00,2,1000.39,,0,1,6,7
12546.0,31 days 02:25:00,,31 days 02:25:00,46 days 00:41:00,2,1161.5,,0,1,6,7
12547.0,151 days 11:21:30,,151 days 11:21:30,197 days 00:12:00,3,383.58,,0,2,3,5
12548.0,,,,165 days 21:15:00,1,95.19999999999999,,0,0,1,1
12549.0,24 days 09:31:12,0 days 13:16:00,40 days 07:01:20,575 days 00:45:00,6,1575.68,72.89112227805695,0,4,7,11
12550.0,,,,78 days 22:15:00,1,964.83,,0,0,6,6
12551.0,,,,357 days 01:27:00,1,168.0,,0,0,2,2
12552.0,0 days 21:51:00,,0 days 21:51:00,38 days 02:48:00,2,437.82,,0,1,4,5
12553.0,37 days 17:43:54.545454,32 days 18:32:48,41 days 21:03:10,7 days 20:12:00,12,4608.75,1.2778043825894345,5,6,9,20
12554.0,,,,448 days 00:21:00,1,468.5,,0,0,4,4
12555.0,,,,681 days 20:24:00,1,129.23,,0,0,1,1
12556.0,100 days 23:31:00,,100 days 23:31:00,49 days 23:44:00,2,599.56,,0,1,4,5
12557.0,100 days 21:28:34.285714,117 days 00:33:40,88 days 19:09:45,15 days 19:51:00,8,18096.14,0.7588093745116617,8,5,10,23
12558.0,,,,7 days 02:09:00,1,269.96,,0,0,2,2
12559.0,8 days 23:37:00,,8 days 23:37:00,310 days 03:01:00,2,561.71,,0,1,4,5
12560.0,68 days 22:59:30,,68 days 22:59:30,4 days 22:56:00,3,2134.01,,0,2,8,10
12561.0,,,,302 days 01:11:00,1,238.85,,0,0,2,2
12562.0,53 days 09:30:52.500000,86 days 08:43:00,33 days 14:47:36,7 days 19:30:00,9,4966.92,0.3892443894084253,10,5,9,24
12563.0,,,,408 days 02:58:00,1,249.24,,0,0,2,2
12564.0,,,,260 days 21:55:00,1,456.9,,0,0,4,4
12565.0,,,,288 days 02:16:00,1,145.92,,0,0,1,1
12566.0,,,,85 days 22:20:00,1,351.65,,0,0,3,3
12567.0,46 days 00:02:17.142857,49 days 20:01:00,43 days 03:03:15,22 days 01:48:00,15,11767.48,0.8654178453477516,7,7,10,24
12568.0,,,,644 days 03:35:00,1,70.0,,0,0,1,1
12569.0,8 days 01:37:58.064516,12 days 12:52:28,3 days 21:05:37.500000,1 days 20:26:00,32,4124.6900000000005,0.3094106253254403,10,8,9,27
12570.0,,,,681 days 19:22:00,1,77.52,,0,0,1,1
12571.0,81 days 21:44:00,,81 days 21:44:00,39 days 02:31:00,2,519.61,,0,1,4,5
12572.0,43 days 01:00:00,,43 days 01:00:00,8 days 03:30:00,2,1020.4200000000001,,0,1,6,7
12573.0,59 days 11:36:45,40 days 20:23:00,65 days 16:41:20,226 days 20:58:00,5,717.4100000000001,1.608237140800934,0,3,5,8
12574.0,,,,315 days 03:30:00,1,218.45,,0,0,2,2
12575.0,69 days 03:54:00,,69 days 03:54:00,456 days 23:41:00,2,622.8199999999999,,0,1,5,6
12576.0,61 days 08:33:07.500000,44 days 15:39:20,71 days 09:05:24,35 days 02:39:00,9,2323.59,1.5985453452083485,3,5,8,16
12577.0,100 days 02:33:17.142857,118 days 06:09:20,86 days 11:51:15,34 days 23:26:00,8,1617.1,0.7314095813399939,8,5,7,20
12578.0,140 days 16:43:40,58 days 06:02:00,181 days 22:04:30,20 days 23:20:00,4,4642.45,3.1230120884099093,0,3,9,12
12579.0,,,,77 days 19:35:00,1,440.42,,0,0,4,4
12580.0,329 days 22:39:00,,329 days 22:39:00,246 days 02:26:00,2,1052.9,,0,1,6,7
12581.0,,,,39 days 03:54:00,1,197.71,,0,0,2,2
12582.0,112 days 23:36:40,155 days 00:57:00,91 days 22:56:30,238 days 04:05:00,4,1980.4,0.5931124220069247,0,3,8,11
12583.0,28 days 02:37:18.461538,29 days 23:44:00,26 days 11:57:17.142857,2 days 04:43:00,27,13591.58,0.8835977610754755,7,8,10,25
12584.0,34 days 14:17:30,51 days 00:37:20,24 days 17:41:36,3 days 03:15:00,9,2338.15,0.4847971256441896,10,5,8,23
12585.0,117 days 00:41:00,,117 days 00:41:00,233 days 23:11:00,2,2040.1,,0,1,8,9
12586.0,235 days 09:03:00,308 days 20:33:00,198 days 15:18:00,16 days 20:26:00,4,2062.67,0.6431390007487302,0,3,8,11
12587.0,,,,7 days 00:03:00,1,144.0,,0,0,1,1
12588.0,186 days 00:53:00,198 days 00:16:00,180 days 01:11:30,38 days 21:49:00,4,958.78,0.9092906542842714,0,3,6,9
12589.0,94 days 09:59:00,75 days 07:25:40,108 days 17:54:00,28 days 02:31:00,8,4695.66,1.4439857747504894,4,5,9,18
12590.0,0 days 00:06:00,,0 days 00:06:00,210 days 21:58:00,2,9864.26,,0,1,10,11
12591.0,45 days 13:56:30,,45 days 13:56:30,316 days 22:15:00,3,1338.95,,0,2,7,9
12592.0,106 days 18:14:30,0 days 00:12:00,142 days 08:15:20,91 days 21:46:00,5,2582.66,17081.277777777777,0,3,8,11
12593.0,55 days 01:37:00,,55 days 01:37:00,108 days 00:07:00,3,418.1,,0,2,4,6
12594.0,43 days 11:53:30,58 days 15:46:10,32 days 02:59:00,37 days 00:30:00,15,5090.110000000001,0.5476630682502067,9,7,9,25
12595.0,,,,504 days 03:40:00,1,299.02,,0,0,3,3
12596.0,190 days 23:40:00,,190 days 23:40:00,50 days 23:48:00,2,618.27,,0,1,5,6
12597.0,82 days 23:51:00,85 days 02:04:00,81 days 22:44:30,18 days 23:17:00,4,3811.22,0.963113349221377,0,3,9,12
12598.0,63 days 21:50:00,106 days 23:40:30,35 days 04:36:20,9 days 00:32:00,11,4534.09,0.32893787397375274,10,6,9,25
12599.0,45 days 16:14:20,39 days 05:49:24,50 days 06:32:08.571428,28 days 23:16:00,13,2296.7200000000003,1.2810637320009297,5,7,8,20
12600.0,35 days 04:38:36,37 days 18:17:20,33 days 02:12:21.818181,28 days 02:21:00,21,4967.42,0.8763277033877473,7,7,9,23
12601.0,42 days 23:52:00,50 days 23:23:00,37 days 16:11:20,189 days 02:33:00,6,681.26,0.739088774754892,0,4,5,9
12602.0,,,,58 days 01:28:00,1,153.12,,0,0,1,1
12603.0,,,,21 days 02:08:00,1,739.1999999999999,,0,0,5,5
12604.0,182 days 02:02:00,,182 days 02:02:00,78 days 22:42:00,2,254.18,,0,1,2,3
12605.0,27 days 07:59:00,35 days 02:30:00,23 days 10:43:30,375 days 22:32:00,4,1232.95,0.6679228486646884,0,3,7,10
12606.0,,,,681 days 20:27:00,1,21.0,,0,0,1,1
12607.0,,,,59 days 20:44:00,1,1579.51,,0,0,7,7
12608.0,,,,404 days 02:01:00,1,415.79,,0,0,4,4
12609.0,80 days 03:23:00,73 days 15:31:00,84 days 00:54:12,77 days 20:16:00,9,3435.86,1.1410943791194803,6,5,9,20
12610.0,25 days 22:55:30,19 days 23:05:00,27 days 22:52:20,22 days 03:16:00,5,2099.54,1.4003246941497072,0,3,8,11
12611.0,,,,51 days 23:38:00,1,1193.32,,0,0,6,6
12612.0,,,,73 days 21:15:00,1,704.0400000000001,,0,0,5,5
12613.0,74 days 05:32:06.666666,84 days 07:01:45,66 days 04:20:24,56 days 21:51:00,10,6817.370000000001,0.7851295602510262,8,6,10,24
12614.0,,,,277 days 02:28:00,1,315.6,,0,0,3,3
12615.0,89 days 20:41:51.428571,72 days 14:32:00,102 days 19:19:15,1 days 21:48:00,8,5740.9800000000005,1.415938958604331,4,5,10,19
12616.0,146 days 13:49:30,,146 days 13:49:30,94 days 21:33:00,3,1131.1,,0,2,6,8
12617.0,,,,28 days 22:11:00,1,352.98,,0,0,3,3
12618.0,,,,21 days 01:40:00,1,177.31,,0,0,2,2
12619.0,60 days 10:53:20,102 days 23:50:00,26 days 10:08:00,15 days 21:58:00,10,3781.38,0.25654372597936753,10,6,9,25
12620.0,94 days 23:05:00,,94 days 23:05:00,14 days 02:30:00,3,1339.4099999999999,,0,2,7,9
12621.0,19 days 14:48:21.176470,19 days 10:32:18.750000,19 days 18:35:56.666666,1 days 01:25:00,35,24311.2,1.0172773129920343,6,8,10,24
12622.0,,,,231 days 20:11:00,1,180.1,,0,0,2,2
12623.0,70 days 00:20:50,48 days 23:05:30,80 days 12:58:30,275 days 23:00:00,7,3747.84,1.6449567764216977,0,4,9,13
12624.0,71 days 02:30:00,,71 days 02:30:00,105 days 21:46:00,2,641.13,,0,1,5,6
12625.0,128 days 07:27:00,87 days 04:23:00,148 days 20:59:00,211 days 02:56:00,4,5164.88,1.7076141242442828,0,3,9,12
12626.0,37 days 21:38:07.500000,61 days 17:24:20,23 days 14:34:24,22 days 20:44:00,9,6620.48,0.38245660090079614,10,5,10,25
12627.0,21 days 15:41:20,15 days 12:58:00,24 days 17:03:00,10 days 00:43:00,7,4478.53,1.5900884797569041,0,4,9,13
12628.0,30 days 01:53:30,,30 days 01:53:30,3 days 23:35:00,3,786.46,,0,2,5,7
12629.0,37 days 16:38:00,,37 days 16:38:00,385 days 03:32:00,2,1558.22,,0,1,7,8
12630.0,34 days 00:07:00,,34 days 00:07:00,9 days 02:02:00,2,1270.88,,0,1,7,8
12631.0,105 days 23:50:30,47 days 23:12:30,135 days 00:09:30,56 days 22:57:00,7,4124.09,2.814571645734554,0,4,9,13
12632.0,44 days 00:32:00,,44 days 00:32:00,520 days 03:11:00,2,804.88,,0,1,5,6
12633.0,77 days 19:59:20,71 days 12:42:30,80 days 23:37:45,58 days 01:10:00,7,5678.16,1.132183684862018,0,4,10,14
12634.0,12 days 18:24:00,,12 days 18:24:00,535 days 02:45:00,2,490.0,,0,1,4,5
12635.0,122 days 08:04:40,64 days 04:56:00,151 days 09:39:00,89 days 01:46:00,4,2930.41,2.3580838452885695,0,3,9,12
12636.0,,,,738 days 02:55:00,1,141.0,,0,0,1,1
12637.0,39 days 16:00:50,43 days 23:26:24,36 days 14:08:17.142857,66 days 23:04:00,13,9800.49,0.832011384103365,8,7,10,25
12638.0,606 days 02:41:00,,606 days 02:41:00,32 days 23:39:00,2,921.49,,0,1,6,7
12639.0,194 days 13:51:30,,194 days 13:51:30,238 days 00:02:00,3,1312.37,,0,2,7,9
12640.0,28 days 23:55:30,,28 days 23:55:30,23 days 00:58:00,3,1174.5800000000002,,0,2,6,8
12641.0,,,,114 days 23:24:00,1,185.9,,0,0,2,2
12642.0,41 days 02:50:00,,41 days 02:50:00,24 days 21:47:00,3,1013.26,,0,2,6,8
12643.0,43 days 21:41:49.090909,45 days 04:29:12,42 days 20:02:20,127 days 23:54:00,12,8304.82,0.9479497724473842,7,6,10,23
12644.0,188 days 07:10:20,24 days 01:25:00,270 days 10:03:00,129 days 02:17:00,4,1918.4900000000002,11.239803723481021,0,3,8,11
12645.0,79 days 09:13:37.500000,67 days 23:32:20,86 days 05:26:24,33 days 00:12:00,9,3986.28,1.2683975932742435,5,5,9,19
12646.0,44 days 21:22:00,,44 days 21:22:00,4 days 02:36:00,2,1346.9699999999998,,0,1,7,8
12647.0,19 days 05:25:25.714285,11 days 05:25:21.176470,26 days 18:45:30,21 days 23:54:00,36,16955.55,2.3856887096964736,2,8,10,20
12648.0,182 days 05:45:40,60 days 15:17:00,243 days 01:00:00,154 days 00:55:00,4,1112.0,4.00815419677726,0,3,6,9
12649.0,84 days 03:02:25.714285,90 days 20:54:40,79 days 01:38:15,106 days 22:09:00,8,2294.65,0.8701122619496439,7,5,8,20
12650.0,,,,2 days 20:16:00,1,314.44,,0,0,3,3
12651.0,43 days 15:08:20,58 days 18:23:00,36 days 01:31:00,334 days 00:04:00,4,377.75,0.6136747692707656,0,3,3,6
12652.0,102 days 23:44:00,,102 days 23:44:00,330 days 21:50:00,2,1017.03,,0,1,6,7
12653.0,189 days 00:22:30,,189 days 00:22:30,148 days 02:09:00,3,4160.83,,0,2,9,11
12654.0,71 days 05:13:30,97 days 21:25:00,62 days 07:49:40,10 days 02:40:00,5,601.98,0.6366804998876789,0,3,4,7
12655.0,,,,423 days 03:33:00,1,261.35,,0,0,2,2
12656.0,77 days 21:14:34.285714,109 days 16:06:40,54 days 01:05:30,16 days 23:08:00,8,6407.83,0.4927951791970957,9,5,10,24
12657.0,22 days 09:22:20,36 days 06:27:00,15 days 10:50:00,10 days 21:03:00,4,1643.18,0.4260248530453597,0,3,7,10
12658.0,,,,18 days 02:28:00,1,686.05,,0,0,5,5
12659.0,,,,29 days 00:57:00,1,91.68,,0,0,1,1
12660.0,,,,10 days 23:24:00,1,245.1,,0,0,2,2
12661.0,,,,435 days 20:04:00,1,162.0,,0,0,2,2
12662.0,32 days 11:28:53.684210,27 days 03:01:33.333333,37 days 07:05:30,0 days 00:51:00,20,6726.54,1.3748940418828082,4,7,10,21
12663.0,43 days 19:12:00,,43 days 19:12:00,624 days 03:10:00,2,239.4,,0,1,2,3
12664.0,71 days 19:51:54,145 days 18:33:45,22 days 12:44:00,7 days 19:43:00,11,6070.04,0.15455871756852516,10,6,10,26
12665.0,172 days 08:41:30,,172 days 08:41:30,324 days 04:16:00,3,313.6,,0,2,3,5
12666.0,,,,393 days 20:10:00,1,1248.42,,0,0,7,7
12667.0,,,,57 days 19:50:00,1,620.13,,0,0,5,5
12668.0,66 days 13:55:06,27 days 10:20:15,92 days 16:18:20,11 days 01:54:00,11,13349.87,3.378670599131229,1,6,10,17
12669.0,52 days 23:49:30,,52 days 23:49:30,150 days 02:56:00,3,2744.0299999999997,,0,2,8,10
12670.0,109 days 08:51:40,217 days 00:01:30,55 days 13:16:45,9 days 21:27:00,7,3760.29,0.2560047554815245,0,4,9,13
12671.0,,,,605 days 20:20:00,1,2622.481,,0,0,8,8
12672.0,265 days 23:23:00,,265 days 23:23:00,329 days 03:30:00,2,437.04999999999995,,0,1,4,5
12673.0,198 days 01:34:30,,198 days 01:34:30,4 days 22:55:00,3,1230.02,,0,2,7,9
12674.0,56 days 09:00:40,37 days 00:33:00,66 days 01:14:30,38 days 00:38:00,4,1970.6,1.7840770543769813,0,3,8,11
12675.0,24 days 17:05:00,,24 days 17:05:00,553 days 03:01:00,2,957.25,,0,1,6,7
12676.0,45 days 21:29:36,18 days 17:01:45,64 days 00:28:10,24 days 00:25:00,11,2843.09,3.421758670712432,1,6,8,15
12677.0,111 days 00:35:00,,111 days 00:35:00,554 days 22:20:00,2,395.1,,0,1,3,4
12678.0,32 days 22:36:54,38 days 15:21:33.333333,28 days 06:44:00,41 days 23:46:00,21,34281.18,0.731899020316623,8,7,10,25
12679.0,75 days 00:01:20,77 days 23:52:00,73 days 12:06:00,58 days 00:20:00,4,1113.02,0.9424282356293183,0,3,6,9
12680.0,37 days 15:02:00,23 days 20:43:00,44 days 12:11:30,0 days 00:00:00,4,880.81,1.8651311003113815,0,3,6,9
12681.0,16 days 04:19:08.181818,16 days 09:04:08.571428,15 days 23:58:54.782608,14 days 01:17:00,45,29834.76,0.9768815081824458,7,8,10,25
12682.0,14 days 09:53:34.117647,17 days 02:51:55.200000,11 days 19:25:09.230769,3 days 02:50:00,52,22950.22,0.6898105237299975,9,9,10,28
12683.0,36 days 02:28:30,49 days 04:50:00,25 days 09:16:21.818181,3 days 20:19:00,21,11633.7,0.5159684352342978,9,7,10,26
12684.0,34 days 07:29:40,8 days 02:10:30,47 days 10:09:15,7 days 02:57:00,7,2283.63,5.861486631475044,0,4,8,12
12685.0,13 days 00:39:36,9 days 01:28:30,15 days 16:07:00,27 days 23:04:00,6,2863.08,1.7294708204008125,0,4,8,12
12686.0,,,,371 days 02:59:00,1,89.14,,0,0,1,1
12687.0,0 days 00:02:00,,0 days 00:02:00,480 days 00:38:00,2,2138.91,,0,1,8,9
12688.0,,,,113 days 04:01:00,1,4873.8099999999995,,0,0,9,9
12689.0,101 days 22:27:00,,101 days 22:27:00,25 days 04:19:00,2,1247.61,,0,1,7,8
12690.0,,,,205 days 03:41:00,1,389.01,,0,0,3,3
12691.0,65 days 08:48:10,50 days 13:46:00,72 days 18:19:15,27 days 20:01:00,7,1170.4,1.4387615686705297,0,4,6,10
12692.0,,,,636 days 22:48:00,1,110.95,,0,0,1,1
12693.0,65 days 20:39:10,63 days 00:30:30,67 days 06:43:30,126 days 18:59:00,7,1703.02,1.0675808948711027,0,4,7,11
12694.0,175 days 08:43:30,,175 days 08:43:30,69 days 23:44:00,3,1843.35,,0,2,8,10
12695.0,109 days 16:00:00,68 days 13:25:00,130 days 05:17:30,6 days 23:28:00,7,1407.12,1.899392251202836,0,4,7,11
12696.0,74 days 00:41:00,,74 days 00:41:00,434 days 02:07:00,2,851.91,,0,1,5,6
12697.0,70 days 08:31:30,,70 days 08:31:30,28 days 04:03:00,3,957.5899999999999,,0,2,6,8
12698.0,,,,589 days 20:59:00,1,339.75,,0,0,3,3
12699.0,,,,417 days 00:43:00,1,638.11,,0,0,5,5
12700.0,69 days 06:12:20,58 days 21:04:00,74 days 10:46:30,7 days 02:03:00,4,4939.99,1.2644661728628044,0,3,9,12
12701.0,110 days 18:40:48,39 days 22:36:00,158 days 00:04:00,79 days 02:03:00,6,2446.41,3.955838375408582,0,4,8,12
12702.0,,,,19 days 02:14:00,1,219.0,,0,0,2,2
12703.0,204 days 09:55:40,49 days 21:15:00,281 days 16:16:00,70 days 18:58:00,4,1006.53,5.646495440941045,0,3,6,9
12704.0,23 days 03:50:42.857142,30 days 10:38:00,17 days 16:45:15,6 days 23:35:00,8,2340.84,0.5813506546831516,9,5,8,22
12705.0,39 days 20:34:18.461538,48 days 00:00:30,32 days 21:03:17.142857,14 days 23:33:00,14,11762.1,0.6849384150039907,9,7,10,26
12707.0,,,,291 days 04:12:00,1,603.42,,0,0,4,4
12708.0,40 days 16:54:31.764705,44 days 03:02:15,37 days 15:54:20,29 days 02:58:00,18,5117.66,0.8535160988686006,8,7,9,24
12709.0,21 days 16:03:18.181818,19 days 08:44:00,23 days 20:07:21.176470,14 days 21:12:00,34,30291.76,1.2310770671771147,5,8,10,23
12710.0,52 days 10:57:30,,52 days 10:57:30,96 days 00:50:00,3,1149.02,,0,2,6,8
12711.0,65 days 00:29:00,,65 days 00:29:00,611 days 00:51:00,2,1339.05,,0,1,7,8
12712.0,35 days 02:16:39,40 days 13:25:53.333333,30 days 14:58:10.909090,28 days 04:31:00,21,6723.03,0.7550297180146175,8,7,10,25
12713.0,,,,0 days 00:34:00,1,848.55,,0,0,5,5
12714.0,66 days 00:31:10.909090,55 days 19:19:24,74 days 12:51:00,8 days 21:07:00,12,14093.710000000001,1.3356371501031616,4,6,10,20
12715.0,,,,105 days 21:28:00,1,343.36,,0,0,3,3
12716.0,129 days 19:27:00,,129 days 19:27:00,3 days 03:55:00,2,1053.49,,0,1,6,7
12717.0,219 days 12:06:30,,219 days 12:06:30,150 days 22:03:00,3,1308.91,,0,2,7,9
12718.0,,,,70 days 20:12:00,1,238.25,,0,0,2,2
12719.0,59 days 22:55:00,,59 days 22:55:00,4 days 23:05:00,2,644.95,,0,1,5,6
12720.0,17 days 09:02:39.310344,22 days 10:32:04.285714,12 days 15:39:12,2 days 04:47:00,30,7787.28,0.5638511922789528,9,8,10,27
12721.0,62 days 20:43:42.857142,55 days 23:41:20,68 days 00:30:30,31 days 00:37:00,8,4013.08,1.2149451758012768,5,5,9,19
12722.0,21 days 16:58:20,32 days 23:21:00,16 days 01:47:00,84 days 22:00:00,4,997.63,0.4875002632632,0,3,6,9
12723.0,15 days 10:36:45,0 days 00:04:00,20 days 14:07:40,3 days 02:31:00,5,725.0699999999999,7411.916666666667,0,3,5,8
12724.0,88 days 08:20:20,75 days 23:43:00,94 days 12:39:00,4 days 20:48:00,7,2317.52,1.2439706460250588,0,4,8,12
12725.0,71 days 00:35:20,13 days 00:55:00,100 days 00:25:30,370 days 21:05:00,4,2266.7599999999998,7.6711318242343545,0,3,8,11
12726.0,59 days 14:07:00,66 days 17:07:45,54 days 20:06:30,27 days 23:15:00,11,4014.6000000000004,0.8219876077039381,8,6,9,23
12727.0,71 days 13:32:26.666666,89 days 12:27:45,57 days 04:48:12,10 days 01:04:00,10,5679.53,0.6389701162265263,9,6,10,25
12728.0,78 days 00:59:15,51 days 01:57:00,87 days 00:40:00,70 days 21:19:00,5,1070.17,1.7037127669698329,0,3,6,9
12729.0,,,,113 days 01:10:00,1,453.01,,0,0,4,4
12730.0,,,,521 days 00:31:00,1,829.25,,0,0,5,5
12731.0,39 days 00:09:45,56 days 07:00:34.285714,25 days 13:30:13.333333,23 days 00:51:00,17,25775.71,0.45410760834143743,10,7,10,27
12732.0,,,,179 days 01:17:00,1,236.26000000000002,,0,0,2,2
12733.0,151 days 16:58:40,192 days 03:27:00,131 days 11:44:30,233 days 20:31:00,4,2424.87,0.6843274169006857,0,3,8,11
12734.0,19 days 23:40:30,,19 days 23:40:30,352 days 00:03:00,3,639.6500000000001,,0,2,5,7
12735.0,21 days 23:11:00,,21 days 23:11:00,314 days 23:13:00,2,779.5699999999999,,0,1,5,6
12736.0,,,,332 days 04:53:00,1,234.0,,0,0,2,2
12737.0,0 days 00:02:00,,0 days 00:02:00,498 days 00:21:00,2,3710.5,,0,1,9,10
12738.0,,,,371 days 18:23:00,1,155.35,,0,0,1,1
12739.0,105 days 07:31:00,8 days 19:15:00,153 days 13:39:00,77 days 23:50:00,4,2726.73,17.446863905325444,0,3,8,11
12740.0,,,,63 days 02:06:00,1,427.6,,0,0,4,4
12741.0,3 days 22:12:00,,3 days 22:12:00,528 days 22:14:00,2,406.07,,0,1,3,4
12742.0,,,,625 days 00:07:00,1,1201.52,,0,0,6,6
12743.0,0 days 00:15:00,,0 days 00:15:00,133 days 20:29:00,2,540.13,,0,1,4,5
12744.0,53 days 23:29:54,68 days 05:16:45,44 days 11:38:40,51 days 01:32:00,11,25317.059999999998,0.6520845474495712,9,6,10,25
12745.0,97 days 20:56:00,,97 days 20:56:00,486 days 02:36:00,3,925.41,,0,2,6,8
12746.0,,,,540 days 02:09:00,1,254.55,,0,0,2,2
12747.0,29 days 04:50:50.400000,25 days 00:07:50,33 days 01:49:00,1 days 22:16:00,26,8898.48,1.3227399593606948,5,8,10,23
12748.0,2 days 04:29:04.464285,2 days 15:57:03.592814,1 days 17:09:13.846153,0 days 00:30:00,337,54130.11,0.6435215624173454,9,10,10,29
12749.0,64 days 17:21:22.500000,40 days 15:37:00,79 days 04:00:00,3 days 02:54:00,9,6897.360000000001,1.9474862053060458,2,5,10,17
12750.0,,,,128 days 03:37:00,1,275.88,,0,0,2,2
12751.0,,,,444 days 00:01:00,1,268.27,,0,0,2,2
12752.0,,,,80 days 23:18:00,1,4366.78,,0,0,9,9
12753.0,67 days 23:49:36,40 days 02:25:30,86 days 14:05:40,22 days 01:58:00,6,21429.39,2.159227414546011,0,4,10,14
12754.0,24 days 07:29:40,0 days 00:01:00,36 days 11:14:00,235 days 03:50:00,4,3056.31,52514.0,0,3,9,12
12755.0,41 days 07:16:30,46 days 11:59:30,37 days 20:07:50,280 days 00:08:00,11,5236.259999999999,0.8137431332870367,8,6,9,23
12756.0,,,,86 days 03:19:00,1,112.07999999999998,,0,0,1,1
12757.0,16 days 07:27:25,5 days 03:53:24,24 days 06:34:34.285714,15 days 00:20:00,13,7834.650000000001,4.702366538672299,1,7,10,18
12758.0,103 days 15:17:00,74 days 10:09:00,118 days 05:51:00,116 days 02:28:00,7,9903.24,1.5888083307672929,0,4,10,14
12759.0,97 days 14:17:25.714285,99 days 08:01:40,96 days 06:59:15,51 days 22:01:00,8,5020.74,0.9693626565685989,7,5,9,21
12760.0,,,,455 days 04:00:00,1,347.8,,0,0,3,3
12761.0,7 days 01:30:00,,7 days 01:30:00,457 days 00:33:00,2,782.95,,0,1,5,6
12762.0,17 days 20:00:00,,17 days 20:00:00,7 days 02:27:00,2,1898.52,,0,1,8,9
12763.0,230 days 22:26:00,,230 days 22:26:00,137 days 22:38:00,2,494.08,,0,1,4,5
12764.0,,,,316 days 02:31:00,1,1693.88,,0,0,7,7
12765.0,33 days 20:01:36,27 days 14:55:00,37 days 23:26:00,471 days 22:59:00,6,1404.58,1.3748837209302325,0,4,7,11
12766.0,50 days 11:54:37.500000,24 days 10:09:00,66 days 03:22:00,3 days 04:04:00,9,8918.99,2.7081236316073816,2,5,10,17
12767.0,,,,375 days 03:12:00,1,949.82,,0,0,6,6
12768.0,,,,450 days 00:42:00,1,168.69000000000003,,0,0,2,2
12769.0,,,,238 days 02:25:00,1,1143.6,,0,0,6,6
12770.0,245 days 21:50:00,,245 days 21:50:00,210 days 03:17:00,2,3246.45,,0,1,9,10
12771.0,,,,485 days 00:59:00,1,282.3,,0,0,2,2
12772.0,,,,59 days 03:31:00,1,892.47,,0,0,6,6
12773.0,,,,563 days 19:20:00,1,124.25,,0,0,1,1
12774.0,,,,535 days 02:12:00,1,98.7,,0,0,1,1
12775.0,65 days 08:21:30,48 days 23:40:30,73 days 12:42:00,16 days 20:17:00,7,1686.1200000000001,1.5010100580517576,0,4,7,11
12776.0,,,,667 days 00:39:00,1,55.5,,0,0,1,1
12777.0,,,,457 days 01:15:00,1,519.45,,0,0,4,4
12778.0,72 days 21:11:37.500000,96 days 17:32:40,58 days 13:47:00,19 days 01:20:00,9,1775.68,0.6055379799845888,9,5,7,21
12779.0,53 days 18:47:32.307692,60 days 21:02:30,47 days 16:51:51.428571,37 days 01:07:00,14,6474.11,0.783594548898902,8,7,10,25
12780.0,,,,598 days 03:10:00,1,337.4,,0,0,3,3
12781.0,221 days 01:54:00,,221 days 01:54:00,63 days 02:13:00,2,826.74,,0,1,5,6
12782.0,51 days 11:34:30,31 days 01:01:30,65 days 02:36:30,4 days 03:34:00,11,4618.24,2.097390467881391,2,6,9,17
12783.0,14 days 14:28:12,10 days 21:46:30,17 days 01:36:00,1 days 20:54:00,6,2225.91,1.5647025116989781,0,4,8,12
12784.0,260 days 01:16:00,,260 days 01:16:00,8 days 21:12:00,3,1763.1499999999999,,0,2,7,9
12785.0,183 days 11:56:00,,183 days 11:56:00,363 days 23:02:00,3,1100.4,,0,2,6,8
12786.0,,,,609 days 00:38:00,1,728.5,,0,0,5,5
12787.0,134 days 13:55:40,220 days 18:39:00,91 days 11:34:00,9 days 04:06:00,4,862.18,0.41436340703135077,0,3,5,8
12788.0,21 days 16:25:20,16 days 00:19:00,24 days 12:28:30,462 days 22:29:00,4,444.9,1.531224250834815,0,3,4,7
12789.0,314 days 00:44:00,,314 days 00:44:00,64 days 23:16:00,3,273.35,,0,2,2,4
12790.0,218 days 01:10:00,,218 days 01:10:00,191 days 22:36:00,2,591.85,,0,1,4,5
12791.0,50 days 03:35:36,0 days 09:19:30,83 days 07:46:20,373 days 01:23:00,6,863.51,214.45278522490318,0,4,5,9
12792.0,278 days 00:47:00,,278 days 00:47:00,256 days 01:14:00,2,827.01,,0,1,5,6
12793.0,33 days 11:33:30,,33 days 11:33:30,334 days 00:38:00,3,885.53,,0,2,6,8
12794.0,45 days 02:53:00,,45 days 02:53:00,52 days 21:56:00,2,860.41,,0,1,5,6
12795.0,,,,18 days 02:23:00,1,430.48,,0,0,4,4
12796.0,,,,627 days 21:01:00,1,381.0,,0,0,3,3
12797.0,58 days 22:02:00,,58 days 22:02:00,365 days 01:55:00,2,552.08,,0,1,4,5
12798.0,137 days 01:08:20,250 days 21:44:00,80 days 02:50:30,9 days 20:58:00,4,8510.93,0.31931697407169585,0,3,10,13
12799.0,,,,528 days 20:53:00,1,219.35,,0,0,2,2
12800.0,103 days 01:34:30,,103 days 01:34:30,469 days 22:39:00,3,584.25,,0,2,4,6
12801.0,,,,500 days 03:12:00,1,1071.82,,0,0,6,6
12802.0,62 days 20:00:20,46 days 13:54:30,70 days 23:03:15,186 days 03:14:00,7,2416.42,1.523429172040045,0,4,8,12
12803.0,,,,392 days 21:53:00,1,1092.81,,0,0,6,6
12804.0,34 days 22:06:00,,34 days 22:06:00,465 days 00:52:00,2,325.37,,0,1,3,4
12805.0,97 days 17:07:00,69 days 03:24:00,111 days 23:58:30,381 days 00:23:00,4,1434.95,1.619847535253706,0,3,7,10
12806.0,51 days 00:56:40,16 days 03:05:00,68 days 11:52:30,434 days 23:16:00,4,2878.96,4.246824542518837,0,3,8,11
12807.0,,,,382 days 22:29:00,1,330.35,,0,0,3,3
12808.0,106 days 11:55:15,27 days 07:31:00,132 days 21:23:20,36 days 02:45:00,5,776.7,4.865458120396973,0,3,5,8
12809.0,234 days 22:16:00,,234 days 22:16:00,177 days 01:59:00,3,1755.94,,0,2,7,9
12810.0,142 days 01:01:00,,142 days 01:01:00,534 days 01:57:00,2,534.99,,0,1,4,5
12811.0,41 days 17:20:30,48 days 21:29:00,39 days 07:57:40,260 days 03:08:00,5,1033.9,0.8044094741676017,0,3,6,9
12812.0,,,,44 days 02:56:00,1,229.64000000000001,,0,0,2,2
12813.0,95 days 20:29:00,,95 days 20:29:00,501 days 03:00:00,3,1687.8000000000002,,0,2,7,9
12814.0,,,,101 days 00:39:00,1,125.92,,0,0,1,1
12815.0,50 days 20:47:00,,50 days 20:47:00,147 days 02:29:00,2,1063.46,,0,1,6,7
12816.0,80 days 23:17:00,,80 days 23:17:00,95 days 00:09:00,2,572.2,,0,1,4,5
12817.0,76 days 15:45:30,,76 days 15:45:30,280 days 20:22:00,3,690.98,,0,2,5,7
12818.0,,,,261 days 00:44:00,1,1542.08,,0,0,7,7
12819.0,,,,457 days 21:30:00,1,540.52,,0,0,4,4
12820.0,73 days 02:33:30,57 days 11:03:30,83 days 12:53:30,2 days 21:38:00,11,2689.52,1.4538120819158,4,6,8,18
12821.0,397 days 00:37:00,,397 days 00:37:00,213 days 20:59:00,2,220.79999999999998,,0,1,2,3
12822.0,16 days 20:18:00,,16 days 20:18:00,70 days 02:46:00,2,948.88,,0,1,6,7
12823.0,35 days 13:48:24.705882,20 days 15:28:00,48 days 20:19:53.333333,74 days 05:15:00,18,6501.5,2.366115745724009,2,7,10,19
12824.0,,,,59 days 00:01:00,1,397.12,,0,0,3,3
12825.0,120 days 03:39:00,,120 days 03:39:00,520 days 22:54:00,2,518.63,,0,1,4,5
12826.0,65 days 08:42:00,71 days 05:43:36,60 days 11:10:40,2 days 02:25:00,12,2800.75,0.8487776473692351,8,6,8,22
12827.0,19 days 10:16:30,,19 days 10:16:30,5 days 00:33:00,3,430.15,,0,2,4,6
12828.0,25 days 12:53:48,15 days 12:29:00,32 days 05:10:20,2 days 04:05:00,6,1018.71,2.075723000283383,0,4,6,10
12829.0,106 days 22:04:30,,106 days 22:04:30,336 days 01:37:00,3,385.3,,0,2,3,5
12830.0,26 days 19:24:12,18 days 15:12:00,32 days 06:12:20,37 days 00:56:00,6,6814.64,1.7312288809381833,0,4,10,14
12831.0,100 days 10:32:00,,100 days 10:32:00,261 days 23:48:00,3,451.11,,0,2,4,6
12832.0,65 days 23:42:00,,65 days 23:42:00,31 days 23:20:00,2,383.03000000000003,,0,1,3,4
12833.0,,,,144 days 23:04:00,1,417.38,,0,0,4,4
12834.0,,,,282 days 03:01:00,1,312.38,,0,0,3,3
12835.0,7 days 12:50:52.682926,6 days 21:39:45,8 days 03:18:37.142857,427 days 01:51:00,42,6110.83,1.1789651699103767,5,8,10,23
12836.0,45 days 06:27:24,34 days 07:27:25.714285,54 days 20:34:52.500000,58 days 21:40:00,16,7406.42,1.5988461104753862,3,7,10,20
12837.0,396 days 00:57:00,,396 days 00:57:00,172 days 20:43:00,2,662.6600000000001,,0,1,5,6
12838.0,62 days 02:55:40,37 days 12:35:00,81 days 19:12:12,33 days 00:30:00,10,2975.9100000000003,2.1799241232534468,2,6,9,17
12839.0,29 days 04:55:48,30 days 10:32:30,28 days 01:35:46.153846,2 days 00:17:00,26,9669.12,0.9220502875894979,7,8,10,25
12840.0,88 days 11:06:20,118 days 13:33:30,73 days 09:52:45,143 days 03:21:00,7,4041.97,0.6191681773055668,0,4,9,13
12841.0,13 days 04:48:35.384615,10 days 21:11:06.315789,15 days 09:39:12,4 days 01:37:00,40,6958.2,1.4152926438541342,4,8,10,22
12842.0,222 days 10:26:00,333 days 02:30:00,167 days 02:24:00,69 days 21:17:00,4,1917.99,0.5016448808555882,0,3,8,11
12843.0,22 days 19:03:02.068965,15 days 15:19:04.285714,29 days 11:20:04,65 days 00:41:00,30,6583.36,1.884627738816492,3,8,10,21
12844.0,188 days 00:33:20,151 days 04:32:00,206 days 10:34:00,28 days 23:19:00,4,648.6,1.365446093922246,0,3,5,8
12845.0,7 days 15:48:00,19 days 20:45:00,1 days 13:19:30,266 days 23:16:00,4,354.09,0.0782905086523335,0,3,3,6
12846.0,,,,681 days 20:21:00,1,15.58,,0,0,1,1
12847.0,365 days 00:32:00,,365 days 00:32:00,21 days 23:34:00,2,1609.0,,0,1,7,8
12848.0,,,,675 days 00:05:00,1,208.0,,0,0,2,2
12849.0,111 days 23:59:24,97 days 23:13:00,121 days 08:30:20,30 days 23:09:00,6,3042.47,1.2387227416538482,0,4,9,13
12850.0,,,,445 days 00:24:00,1,330.0,,0,0,3,3
12851.0,380 days 21:28:00,,380 days 21:28:00,96 days 00:09:00,2,280.76,,0,1,2,3
12852.0,,,,294 days 04:03:00,1,311.55,,0,0,3,3
12853.0,53 days 19:09:12,61 days 06:43:30,48 days 19:26:20,134 days 01:21:00,11,3907.5,0.7965043695380774,8,6,9,23
12854.0,108 days 07:53:20,38 days 11:39:00,143 days 06:00:30,78 days 00:35:00,7,2970.9700000000003,3.7221981630848626,0,4,9,13
12855.0,9 days 21:07:00,7 days 20:38:00,10 days 21:21:30,372 days 03:13:00,4,612.84,1.3855363138363668,0,3,5,8
12856.0,11 days 04:26:48,12 days 00:16:30,10 days 15:13:40,7 days 01:58:00,6,2170.78,0.8853621638289056,0,4,8,12
12857.0,94 days 13:20:36,94 days 11:13:00,94 days 14:45:40,210 days 02:30:00,6,3688.0,1.0015633461488511,0,4,9,13
12858.0,,,,382 days 23:55:00,1,147.27,,0,0,1,1
12859.0,,,,458 days 00:30:00,1,575.1,,0,0,4,4
12860.0,,,,692 days 21:28:00,1,54.22,,0,0,1,1
12861.0,,,,619 days 01:11:00,1,68.25,,0,0,1,1
12862.0,69 days 20:27:00,,69 days 20:27:00,425 days 01:03:00,2,984.62,,0,1,6,7
12863.0,107 days 09:40:12,20 days 23:19:00,165 days 00:34:20,51 days 22:35:00,6,2792.55,7.868947095378434,0,4,8,12
12864.0,369 days 19:41:00,,369 days 19:41:00,137 days 23:47:00,2,299.57,,0,1,3,4
12865.0,150 days 00:43:40,98 days 03:17:00,175 days 23:27:00,25 days 22:19:00,4,3323.4700000000003,1.7931812874601074,0,3,9,12
12866.0,109 days 13:17:00,,109 days 13:17:00,282 days 22:39:00,3,1227.35,,0,2,7,9
12867.0,58 days 01:55:25,65 days 04:37:12,52 days 23:59:51.428571,25 days 21:20:00,13,7829.26,0.812975431125449,8,7,10,25
12868.0,29 days 13:48:08.571428,20 days 09:46:40,36 days 10:49:15,185 days 02:08:00,8,2043.7600000000002,1.7861586887477314,3,5,8,16
12869.0,,,,681 days 00:40:00,1,337.66999999999996,,0,0,3,3
12870.0,124 days 11:35:00,,124 days 11:35:00,374 days 23:08:00,3,1676.95,,0,2,7,9
12871.0,177 days 14:16:30,,177 days 14:16:30,83 days 21:43:00,3,744.02,,0,2,5,7
12872.0,37 days 05:42:38.181818,39 days 08:02:00,35 days 11:46:30,326 days 01:58:00,12,3283.96,0.9022721655308782,7,6,9,22
12873.0,199 days 14:34:00,,199 days 14:34:00,281 days 21:52:00,3,2027.3000000000002,,0,2,8,10
12874.0,169 days 02:32:00,,169 days 02:32:00,384 days 21:27:00,2,948.42,,0,1,6,7
12875.0,138 days 12:43:15,95 days 00:35:00,153 days 00:46:00,142 days 21:20:00,5,1356.99,1.6104505426243285,0,3,7,10
12876.0,177 days 15:40:00,195 days 22:55:00,168 days 12:02:30,57 days 00:24:00,4,4081.79,0.8599007707982634,0,3,9,12
12877.0,36 days 03:47:44.210526,40 days 02:49:40,32 days 14:16:00,3 days 02:20:00,20,2942.1400000000003,0.8124679041480823,8,7,9,24
12878.0,29 days 23:05:00,,29 days 23:05:00,235 days 23:43:00,2,854.99,,0,1,5,6
12879.0,23 days 12:06:30,,23 days 12:06:30,44 days 00:26:00,3,573.22,,0,2,4,6
12880.0,192 days 22:53:00,,192 days 22:53:00,381 days 02:00:00,2,640.13,,0,1,5,6
12881.0,,,,275 days 01:06:00,1,298.0,,0,0,3,3
12882.0,24 days 04:56:00,,24 days 04:56:00,8 days 20:32:00,2,1463.04,,0,1,7,8
12883.0,21 days 14:04:40,64 days 18:12:00,0 days 00:01:00,24 days 03:18:00,4,703.47,1.0723630592373354e-05,0,3,5,8
12884.0,,,,87 days 23:40:00,1,309.05,,0,0,3,3
12885.0,30 days 00:57:30,,30 days 00:57:30,62 days 23:10:00,3,1175.22,,0,2,6,8
12886.0,151 days 22:48:00,,151 days 22:48:00,67 days 02:41:00,2,1378.4,,0,1,7,8
12887.0,,,,383 days 01:32:00,1,222.4,,0,0,2,2
12888.0,41 days 01:31:00,,41 days 01:31:00,213 days 20:48:00,2,354.12,,0,1,3,4
12889.0,40 days 08:32:00,35 days 00:16:00,43 days 00:40:00,380 days 20:42:00,4,385.46000000000004,1.2289749285940972,0,3,3,6
12890.0,181 days 13:40:30,,181 days 13:40:30,23 days 19:24:00,3,1035.32,,0,2,6,8
12891.0,47 days 09:23:54,35 days 17:05:00,55 days 04:16:30,185 days 00:19:00,11,840.5,1.5450947982498784,4,6,5,15
12892.0,,,,396 days 02:59:00,1,263.38,,0,0,2,2
12893.0,,,,30 days 00:16:00,1,176.55,,0,0,2,2
12894.0,,,,574 days 22:03:00,1,157.35,,0,0,1,1
12895.0,44 days 05:16:00,,44 days 05:16:00,41 days 22:59:00,2,372.8,,0,1,3,4
12897.0,113 days 00:05:00,162 days 01:31:00,88 days 11:22:00,204 days 00:37:00,4,514.25,0.5459204442711391,0,3,4,7
12898.0,195 days 19:32:00,,195 days 19:32:00,463 days 04:42:00,2,296.21000000000004,,0,1,3,4
12899.0,,,,413 days 02:57:00,1,366.4,,0,0,3,3
12900.0,,,,421 days 21:33:00,1,340.33,,0,0,3,3
12901.0,9 days 16:52:04.444444,7 days 07:29:36.923076,11 days 22:08:38.571428,8 days 02:43:00,28,17654.54,1.6305099692666065,3,8,10,21
12902.0,,,,264 days 00:44:00,1,138.68,,0,0,1,1
12903.0,,,,428 days 00:11:00,1,833.53,,0,0,5,5
12904.0,154 days 01:16:00,,154 days 01:16:00,17 days 22:16:00,2,496.06,,0,1,4,5
12905.0,105 days 19:59:00,,105 days 19:59:00,576 days 02:45:00,2,1018.42,,0,1,6,7
12906.0,16 days 16:43:00,0 days 00:00:00,22 days 06:17:20,11 days 02:55:00,5,2919.81,inf,0,3,8,11
12907.0,98 days 21:35:00,,98 days 21:35:00,395 days 00:42:00,2,508.90999999999997,,0,1,4,5
12908.0,113 days 11:55:00,124 days 22:22:00,109 days 16:26:00,175 days 21:11:00,5,1776.0,0.8779557759224467,0,3,7,10
12909.0,87 days 17:12:42.857142,133 days 08:12:20,53 days 11:58:00,39 days 00:07:00,8,3103.19,0.40121381091839586,10,5,9,24
12910.0,49 days 20:06:30,75 days 23:22:12,31 days 04:03:51.428571,22 days 22:22:00,13,5796.52,0.4102646669157476,10,7,10,27
12911.0,,,,551 days 00:37:00,1,1651.72,,0,0,7,7
12912.0,9 days 11:20:00,16 days 21:59:00,6 days 23:47:00,2 days 03:55:00,5,1662.3,0.4132764070774662,0,3,7,10
12913.0,61 days 03:59:25,65 days 23:09:48,57 days 17:43:25.714285,4 days 00:39:00,13,6283.240000000001,0.8752879632488612,7,7,10,24
12914.0,,,,400 days 00:22:00,1,223.98,,0,0,2,2
12915.0,146 days 21:19:20,116 days 15:09:00,162 days 00:24:30,148 days 01:16:00,4,975.1,1.3891389648047918,0,3,6,9
12916.0,90 days 23:51:30,121 days 00:15:30,75 days 23:39:30,138 days 02:15:00,7,4479.73,0.6279256608830137,0,4,9,13
12917.0,120 days 10:04:00,115 days 23:25:30,123 days 09:09:40,127 days 20:08:00,6,4359.2,1.063855182414152,0,4,9,13
12918.0,,,,625 days 21:28:00,1,10953.5,,0,0,10,10
12919.0,32 days 05:41:00,26 days 13:08:30,36 days 00:42:40,7 days 23:03:00,6,1335.19,1.3571724411542871,0,4,7,11
12920.0,235 days 23:42:20,0 days 00:00:00,353 days 23:33:30,16 days 21:45:00,4,486.64,inf,0,3,4,7
12921.0,9 days 23:42:27.123287,9 days 19:18:41.666666,10 days 03:59:04.864864,8 days 20:28:00,74,35233.24,1.0368579856077633,6,9,10,25
12922.0,,,,160 days 21:15:00,1,405.38,,0,0,3,3
12923.0,255 days 12:42:30,,255 days 12:42:30,63 days 20:30:00,3,770.42,,0,2,5,7
12924.0,58 days 08:50:27.272727,55 days 14:04:12,60 days 16:29:00,87 days 22:55:00,12,2469.4,1.0917593029851007,6,6,8,20
12925.0,294 days 00:19:30,,294 days 00:19:30,4 days 01:39:00,3,729.3299999999999,,0,2,5,7
12926.0,104 days 16:27:20,78 days 01:58:00,117 days 23:42:00,410 days 20:53:00,4,1523.97,1.5110727689926893,0,3,7,10
12927.0,,,,394 days 02:48:00,1,197.31,,0,0,2,2
12928.0,46 days 17:49:49.090909,21 days 10:29:48,67 days 19:56:30,34 days 22:26:00,12,4304.89,3.1641442445367316,1,6,9,16
12929.0,,,,311 days 00:42:00,1,117.85,,0,0,1,1
12930.0,93 days 01:53:00,,93 days 01:53:00,77 days 21:32:00,2,415.8,,0,1,4,5
12931.0,12 days 19:18:05.357142,10 days 17:46:20,14 days 17:24:53.793103,21 days 00:11:00,57,92347.34,1.3710357907530335,4,9,10,23
12932.0,18 days 07:39:25.714285,23 days 17:08:00,14 days 06:33:00,538 days 22:28:00,8,1698.56,0.6018800515403537,9,5,7,21
12933.0,100 days 17:08:25.714285,109 days 13:51:20,94 days 01:36:15,23 days 20:12:00,8,1636.63,0.8584517738616823,7,5,7,19
12934.0,,,,736 days 01:59:00,1,181.65,,0,0,2,2
12935.0,43 days 05:14:42.857142,28 days 19:00:50,54 days 00:55:07.500000,1 days 19:25:00,15,4243.86,1.8768345627399352,3,7,9,19
12936.0,20 days 09:13:40,56 days 20:46:00,2 days 03:27:30,16 days 19:18:00,4,1063.9,0.03770485797327992,0,3,6,9
12937.0,90 days 02:55:15,83 days 23:43:20,93 days 19:14:24,14 days 21:45:00,9,3097.61,1.1168403935727476,6,5,9,20
12938.0,,,,25 days 01:29:00,1,114.14,,0,0,1,1
12939.0,33 days 06:28:44.210526,34 days 02:36:00,32 days 12:22:12,63 days 22:17:00,20,25264.8,0.953298314194967,7,7,10,24
12940.0,33 days 01:53:00,,33 days 01:53:00,54 days 00:41:00,2,899.6899999999999,,0,1,6,7
12941.0,,,,723 days 23:38:00,1,377.49,,0,0,3,3
12942.0,117 days 02:32:30,,117 days 02:32:30,130 days 22:11:00,3,675.6,,0,2,5,7
12943.0,47 days 02:49:00,,47 days 02:49:00,557 days 22:58:00,2,496.5,,0,1,4,5
12944.0,319 days 00:23:00,,319 days 00:23:00,35 days 01:46:00,2,604.51,,0,1,4,5
12945.0,367 days 22:57:00,,367 days 22:57:00,287 days 22:35:00,2,900.11,,0,1,6,7
12946.0,,,,436 days 02:36:00,1,324.45,,0,0,3,3
12947.0,45 days 22:45:00,69 days 08:51:30,30 days 08:00:40,143 days 02:44:00,6,1603.99,0.4372811166782626,0,4,7,11
12948.0,90 days 03:35:15,158 days 23:12:00,48 days 20:37:12,15 days 19:40:00,9,2317.4300000000003,0.3073547913608723,10,5,8,23
12949.0,33 days 14:38:31.428571,27 days 06:30:48,39 days 08:56:27.272727,30 days 01:25:00,22,15526.699999999999,1.443730571963138,4,7,10,21
12950.0,10 days 23:44:30,,10 days 23:44:30,1 days 23:33:00,3,1843.0,,0,2,8,10
12951.0,49 days 06:49:21.428571,43 days 20:53:10,53 days 08:16:30,8 days 00:36:00,15,3213.7200000000003,1.2159672223702573,5,7,9,21
12952.0,24 days 05:59:20,35 days 00:22:00,18 days 20:48:00,5 days 02:15:00,4,1387.79,0.5388124231486257,0,3,7,10
12953.0,512 days 19:47:00,,512 days 19:47:00,9 days 03:26:00,2,828.8100000000001,,0,1,5,6
12954.0,,,,638 days 02:34:00,1,162.45,,0,0,2,2
12955.0,26 days 15:08:36,31 days 00:26:30,23 days 16:56:40,0 days 20:21:00,11,4757.16,0.7642565830469517,8,6,9,23
12956.0,139 days 07:01:40,0 days 16:01:00,208 days 14:32:00,305 days 20:42:00,4,521.89,312.582726326743,0,3,4,7
12957.0,59 days 21:49:20,77 days 19:15:24,47 days 03:05:00,9 days 02:57:00,13,8706.97,0.6057460409834748,9,7,10,26
12958.0,182 days 23:54:00,,182 days 23:54:00,399 days 20:34:00,2,467.34,,0,1,4,5
12959.0,,,,483 days 19:30:00,1,150.95,,0,0,1,1
12960.0,82 days 14:39:40,83 days 23:26:00,81 days 22:16:30,413 days 03:19:00,4,1322.0700000000002,0.9756090501629096,0,3,7,10
12961.0,,,,378 days 20:06:00,1,211.99,,0,0,2,2
12962.0,106 days 02:17:00,,106 days 02:17:00,6 days 20:55:00,2,266.39000000000004,,0,1,2,3
12963.0,46 days 10:44:32.727272,86 days 22:51:36,12 days 16:38:40,7 days 23:55:00,12,3235.79,0.14598221464039007,10,6,9,25
12964.0,,,,436 days 19:03:00,1,132.24,,0,0,1,1
12965.0,,,,88 days 21:19:00,1,769.8100000000001,,0,0,5,5
12966.0,,,,9 days 00:12:00,1,160.18,,0,0,1,1
12967.0,12 days 16:03:30,,12 days 16:03:30,357 days 17:40:00,3,2938.5200000000004,,0,2,9,11
12968.0,,,,111 days 21:06:00,1,135.95,,0,0,1,1
12969.0,,,,602 days 02:00:00,1,122.45,,0,0,1,1
12970.0,80 days 21:21:13.333333,88 days 17:38:45,74 days 14:43:12,6 days 22:20:00,10,1453.6,0.8408534282891326,8,6,7,21
12971.0,6 days 06:24:39.652173,8 days 07:55:53.684210,4 days 05:44:39.310344,3 days 00:30:00,116,15704.6,0.508895360148142,9,10,10,29
12972.0,82 days 14:03:40,13 days 22:00:00,116 days 22:05:30,413 days 04:09:00,4,1161.2,8.401472055888224,0,3,6,9
12973.0,,,,413 days 02:36:00,1,385.55,,0,0,3,3
12974.0,367 days 21:48:00,,367 days 21:48:00,197 days 03:17:00,2,408.95,,0,1,3,4
12975.0,59 days 09:25:36,112 days 23:51:00,23 days 15:48:40,436 days 03:04:00,6,2100.09,0.20938145956122614,0,4,8,12
12976.0,64 days 19:44:08.571428,30 days 06:05:20,90 days 17:58:15,211 days 02:55:00,8,3156.38,2.9995925659545817,1,5,9,15
12977.0,118 days 08:05:00,0 days 00:08:00,177 days 12:03:30,155 days 20:10:00,4,513.88,31950.4375,0,3,4,7
12978.0,86 days 00:34:45,28 days 00:00:00,105 days 08:46:20,384 days 22:21:00,5,2502.82,3.7630539021164022,0,3,8,11
12979.0,,,,728 days 21:05:00,1,517.7,,0,0,4,4
12980.0,28 days 23:54:24,34 days 05:42:46.666666,24 days 16:58:27.272727,157 days 03:16:00,21,16245.78,0.7216318460963934,9,7,10,26
12981.0,103 days 21:46:00,,103 days 21:46:00,29 days 00:50:00,2,372.22,,0,1,3,4
12982.0,51 days 23:43:00,22 days 08:00:20,74 days 05:30:00,242 days 00:59:00,8,2744.81,3.323659580642821,1,5,8,14
12983.0,,,,597 days 23:52:00,1,490.08000000000004,,0,0,4,4
12984.0,,,,18 days 00:13:00,1,97.5,,0,0,1,1
12985.0,27 days 22:02:00,,27 days 22:02:00,0 days 02:04:00,2,1239.38,,0,1,7,8
12986.0,28 days 18:48:00,38 days 18:49:15,20 days 18:47:00,428 days 00:53:00,10,2729.84,0.5358532119947895,9,6,8,23
12987.0,153 days 18:31:30,78 days 07:48:00,178 days 22:06:00,73 days 00:47:00,5,1312.21,2.2843387594424938,0,3,7,10
12988.0,,,,291 days 22:19:00,1,505.82,,0,0,4,4
12989.0,22 days 16:33:46.875000,18 days 10:52:48,26 days 10:17:00,2 days 21:22:00,33,13551.75,1.4321787692678227,4,8,10,22
12990.0,98 days 00:14:10,84 days 12:52:30,104 days 17:55:00,30 days 23:49:00,7,955.5,1.239069270737067,0,4,6,10
12991.0,183 days 00:55:30,,183 days 00:55:30,22 days 21:16:00,3,764.8199999999999,,0,2,5,7
12992.0,,,,724 days 20:04:00,1,93.35000000000001,,0,0,1,1
12993.0,90 days 21:19:08.571428,71 days 08:51:20,105 days 12:40:00,22 days 21:01:00,8,1259.6299999999999,1.478622443353205,4,5,7,16
12994.0,132 days 03:36:00,,132 days 03:36:00,3 days 21:07:00,3,974.4200000000001,,0,2,6,8
12995.0,,,,84 days 21:06:00,1,211.32,,0,0,2,2
12996.0,,,,375 days 03:23:00,1,355.5,,0,0,3,3
12997.0,84 days 07:31:34.285714,72 days 16:23:20,93 days 00:52:45,21 days 21:03:00,8,2110.91,1.2800351922035733,5,5,8,18
12998.0,80 days 10:05:00,,80 days 10:05:00,492 days 04:45:00,3,920.08,,0,2,6,8
12999.0,24 days 13:29:00,,24 days 13:29:00,195 days 23:26:00,3,455.88,,0,2,4,6
13000.0,206 days 05:53:20,360 days 17:23:00,129 days 00:08:30,106 days 02:07:00,4,1032.5,0.3576301923406418,0,3,6,9
13001.0,22 days 20:57:11.250000,18 days 12:32:36,26 days 17:04:45.882352,3 days 21:59:00,33,24042.65,1.442107807482835,4,8,10,22
13002.0,58 days 01:40:00,,58 days 01:40:00,317 days 21:32:00,3,414.13,,0,2,4,6
13003.0,54 days 13:13:30,,54 days 13:13:30,105 days 02:00:00,3,149.05,,0,2,1,3
13004.0,20 days 08:57:48,19 days 21:43:45.882352,20 days 19:34:23.333333,11 days 01:23:00,36,11650.85,1.0457240769475205,6,8,10,24
13005.0,94 days 15:20:20,25 days 22:15:00,128 days 23:53:00,173 days 01:57:00,4,999.6800000000001,4.975304673898487,0,3,6,9
13006.0,,,,55 days 23:01:00,1,81.57,,0,0,1,1
13007.0,,,,579 days 02:12:00,1,175.25,,0,0,2,2
13008.0,199 days 23:08:30,,199 days 23:08:30,322 days 22:26:00,3,612.13,,0,2,5,7
13009.0,,,,672 days 00:28:00,1,234.0,,0,0,2,2
13010.0,274 days 03:41:00,,274 days 03:41:00,373 days 21:41:00,2,330.12,,0,1,3,4
13011.0,,,,371 days 19:28:00,1,50.550000000000004,,0,0,1,1
13012.0,58 days 07:05:06,93 days 05:00:15,35 days 00:28:20,8 days 23:45:00,11,2957.83,0.375713302078735,10,6,9,25
13013.0,24 days 23:19:33.103448,22 days 18:55:47.142857,27 days 00:13:44,0 days 21:49:00,30,11455.03,1.1852141427290137,5,8,10,23
13014.0,42 days 04:53:12,65 days 18:53:00,26 days 11:33:20,10 days 00:23:00,11,5381.08,0.40253484354272884,10,6,9,25
13015.0,54 days 23:40:24,41 days 04:30:15,64 days 04:27:10,52 days 23:31:00,11,6579.78,1.5583675109558073,4,6,10,20
13016.0,24 days 23:34:00,,24 days 23:34:00,72 days 22:42:00,3,789.89,,0,2,5,7
13017.0,,,,6 days 20:57:00,1,204.0,,0,0,2,2
13018.0,18 days 14:08:38.823529,27 days 13:24:56.250000,10 days 14:47:30,15 days 23:22:00,35,9763.16,0.3852217229773891,10,8,10,28
13019.0,70 days 19:03:12,60 days 23:28:00,77 days 08:06:40,378 days 21:54:00,6,1229.95,1.2682974975704568,0,4,7,11
13020.0,97 days 00:37:00,,97 days 00:37:00,562 days 01:38:00,2,618.96,,0,1,5,6
13021.0,45 days 15:17:11.250000,51 days 10:29:51.428571,41 days 03:00:40,3 days 20:13:00,17,4887.24,0.7995245157885831,8,7,9,24
13022.0,,,,429 days 02:00:00,1,65.3,,0,0,1,1
13023.0,154 days 18:12:00,0 days 00:01:00,232 days 03:17:30,63 days 20:23:00,4,2208.16,334277.5,0,3,8,11
13024.0,111 days 19:17:00,,111 days 19:17:00,470 days 03:08:00,2,555.87,,0,1,4,5
13025.0,,,,731 days 02:48:00,1,323.39,,0,0,3,3
13026.0,90 days 15:40:30,79 days 07:43:00,97 days 10:51:00,0 days 19:52:00,9,1733.0800000000002,1.2285704280223773,5,5,7,17
13027.0,31 days 22:36:33.333333,25 days 20:59:00,36 days 19:06:36,113 days 03:11:00,19,17239.2,1.4221154620360181,4,7,10,21
13028.0,22 days 21:01:00,,22 days 21:01:00,22 days 01:40:00,2,661.3199999999999,,0,1,5,6
13029.0,123 days 04:51:45,148 days 19:13:00,114 days 16:04:40,30 days 03:37:00,5,1927.3,0.7706275016762105,0,3,8,11
13030.0,356 days 23:59:00,,356 days 23:59:00,10 days 22:20:00,2,752.44,,0,1,5,6
13031.0,36 days 18:09:15,49 days 01:04:00,32 days 15:51:00,406 days 21:16:00,5,3292.84,0.665935092886271,0,3,9,12
13032.0,51 days 00:14:07.500000,0 days 08:12:20,81 days 09:51:12,51 days 20:56:00,9,2815.96,238.11347325660122,1,5,8,14
13033.0,72 days 04:46:00,,72 days 04:46:00,356 days 22:27:00,2,220.55,,0,1,2,3
13034.0,173 days 10:29:30,,173 days 10:29:30,54 days 00:29:00,3,756.8199999999999,,0,2,5,7
13035.0,178 days 20:38:00,,178 days 20:38:00,73 days 03:53:00,3,1364.2,,0,2,7,9
13036.0,,,,684 days 01:15:00,1,307.1,,0,0,3,3
13037.0,54 days 08:36:32.727272,39 days 04:14:00,67 days 00:15:20,137 days 21:04:00,12,3914.9500000000003,1.7104855768662626,3,6,9,18
13038.0,105 days 01:27:00,,105 days 01:27:00,79 days 22:13:00,3,908.46,,0,2,6,8
13039.0,46 days 00:00:40,103 days 22:47:00,17 days 00:37:30,583 days 20:05:00,4,1010.73,0.1637917788451903,0,3,6,9
13040.0,24 days 20:45:00,,24 days 20:45:00,8 days 02:12:00,2,676.99,,0,1,5,6
13041.0,46 days 09:00:20,67 days 03:26:00,35 days 23:47:30,450 days 01:06:00,4,799.13,0.5360393438553669,0,3,5,8
13042.0,66 days 23:00:30,,66 days 23:00:30,597 days 23:07:00,3,1488.59,,0,2,7,9
13043.0,,,,272 days 21:58:00,1,516.42,,0,0,4,4
13044.0,40 days 21:39:24,22 days 12:04:30,53 days 04:02:40,290 days 21:30:00,11,4848.05,2.362717112335221,2,6,9,17
13045.0,193 days 13:01:00,,193 days 13:01:00,98 days 21:46:00,3,808.9200000000001,,0,2,5,7
13046.0,212 days 21:43:30,,212 days 21:43:30,30 days 04:14:00,3,949.25,,0,2,6,8
13047.0,30 days 02:06:13.043478,23 days 00:21:43.636363,36 days 13:42:00,31 days 00:44:00,24,8428.53,1.5889938254169707,3,7,10,20
13048.0,83 days 09:03:30,58 days 07:15:40,98 days 10:08:12,13 days 23:27:00,9,4049.13,1.6881314344475458,3,5,9,17
13049.0,112 days 07:57:20,11 days 23:05:00,162 days 12:23:30,63 days 21:19:00,4,1408.24,13.586269956458636,0,3,7,10
13050.0,20 days 21:00:21.176470,21 days 07:33:07.500000,20 days 11:37:53.333333,14 days 03:32:00,35,11986.52,0.9610585070397144,7,8,10,25
13051.0,40 days 22:03:00,,40 days 22:03:00,578 days 03:36:00,2,155.8,,0,1,1,2
13052.0,73 days 16:16:50,39 days 00:36:00,91 days 00:07:15,211 days 22:38:00,7,3119.33,2.331967577763542,0,4,9,13
13053.0,,,,621 days 01:22:00,1,127.65,,0,0,1,1
13055.0,117 days 02:03:00,216 days 00:41:00,67 days 14:44:00,77 days 22:24:00,4,2321.11,0.31298600685994965,0,3,8,11
13056.0,,,,550 days 22:40:00,1,209.48,,0,0,2,2
13057.0,50 days 13:45:00,,50 days 13:45:00,529 days 21:06:00,3,709.59,,0,2,5,7
13058.0,63 days 12:21:00,,63 days 12:21:00,24 days 00:07:00,3,271.4,,0,2,2,4
13059.0,40 days 23:48:33.333333,26 days 06:47:15,52 days 18:13:36,249 days 02:10:00,10,2291.77,2.007374379908712,2,6,8,16
13060.0,,,,253 days 01:13:00,1,307.53,,0,0,3,3
13061.0,,,,71 days 20:46:00,1,248.61,,0,0,2,2
13062.0,,,,190 days 21:38:00,1,346.98,,0,0,3,3
13063.0,,,,480 days 00:23:00,1,188.4,,0,0,2,2
13064.0,115 days 19:40:36,132 days 01:46:30,104 days 23:36:40,12 days 00:19:00,6,1666.8400000000001,0.7948864228884104,0,4,7,11
13065.0,43 days 13:17:00,77 days 01:42:00,32 days 09:08:40,372 days 19:58:00,5,1055.0500000000002,0.420146209895899,0,3,6,9
13066.0,7 days 19:51:00,,7 days 19:51:00,23 days 23:53:00,2,470.8,,0,1,4,5
13067.0,181 days 23:57:30,,181 days 23:57:30,81 days 23:12:00,3,508.51,,0,2,4,6
13068.0,309 days 06:40:00,,309 days 06:40:00,9 days 21:50:00,2,344.0,,0,1,3,4
13069.0,14 days 16:03:34.054054,11 days 14:34:40,17 days 13:40:25.263157,0 days 04:11:00,38,9284.45,1.513665905349593,4,8,10,22
13070.0,179 days 23:40:20,142 days 20:04:00,198 days 13:28:30,191 days 23:05:00,4,751.7,1.390134867077653,0,3,5,8
13071.0,,,,611 days 23:13:00,1,129.22,,0,0,1,1
13072.0,,,,266 days 04:38:00,1,177.15,,0,0,2,2
13073.0,26 days 04:39:00,,26 days 04:39:00,410 days 22:44:00,2,418.08,,0,1,4,5
13074.0,70 days 17:42:20,33 days 22:21:00,89 days 03:23:00,510 days 19:57:00,4,1378.74,2.6271054624342525,0,3,7,10
13075.0,,,,129 days 02:31:00,1,919.61,,0,0,6,6
13076.0,,,,457 days 02:23:00,1,135.4,,0,0,1,1
13077.0,72 days 17:36:42,66 days 07:22:30,77 days 00:26:10,0 days 17:26:00,11,2740.65,1.1615339634662547,5,6,8,19
13078.0,13 days 03:06:57.857142,12 days 17:53:20,13 days 11:42:24.827586,2 days 21:14:00,57,29018.06,1.0582499342408282,6,9,10,25
13079.0,82 days 14:55:36,163 days 00:35:00,29 days 00:29:20,3 days 19:57:00,6,419.18,0.17801253789411656,0,4,4,8
13080.0,143 days 08:37:20,47 days 22:45:00,191 days 01:33:30,178 days 21:51:00,4,280.73,3.9848432181910347,0,3,2,5
13081.0,26 days 15:53:11.111111,24 days 18:53:36.923076,28 days 09:39:55.714285,11 days 01:56:00,28,56838.37,1.1458611891992014,6,8,10,24
13082.0,29 days 13:13:57,28 days 18:17:53.333333,30 days 04:43:27.272727,125 days 20:34:00,21,7335.75,1.0498713409104024,6,7,10,23
13083.0,210 days 12:41:30,,210 days 12:41:30,3 days 21:49:00,3,395.43,,0,2,3,5
13084.0,,,,491 days 04:01:00,1,122.39999999999999,,0,0,1,1
13085.0,83 days 00:38:00,0 days 18:07:20,144 days 17:31:00,157 days 00:39:00,8,2433.2799999999997,191.6716738197425,1,5,8,14
13086.0,,,,382 days 02:22:00,1,439.33000000000004,,0,0,4,4
13087.0,,,,725 days 21:34:00,1,313.64,,0,0,3,3
13088.0,,,,416 days 21:15:00,1,236.11,,0,0,2,2
13089.0,3 days 15:17:36.831683,3 days 13:24:46.800000,3 days 17:08:14.117647,2 days 03:48:00,203,113416.91,1.043602904732821,6,10,10,26
13090.0,21 days 03:04:23.478260,11 days 17:17:38.181818,29 days 18:02:15,8 days 00:11:00,24,13091.74,2.5384034278824297,2,7,10,19
13091.0,350 days 14:02:00,,350 days 14:02:00,27 days 20:56:00,3,2321.82,,0,2,8,10
13092.0,54 days 06:46:43.636363,41 days 20:48:12,64 days 15:05:30,70 days 01:32:00,12,2140.28,1.5436768720910559,4,6,8,18
13093.0,8 days 12:28:33.333333,10 days 07:31:34.615384,6 days 20:30:02.142857,275 days 00:36:00,55,54144.25,0.664578298009131,9,9,10,28
13094.0,30 days 15:59:20,21 days 08:49:00,37 days 07:23:51.428571,20 days 22:43:00,13,2209.44,1.7460384524310182,3,7,8,18
13095.0,,,,70 days 00:47:00,1,74.39999999999999,,0,0,1,1
13096.0,,,,393 days 22:42:00,1,419.70000000000005,,0,0,4,4
13097.0,26 days 03:27:06.666666,19 days 10:55:41.538461,32 days 08:30:34.285714,32 days 02:07:00,28,13324.1,1.663016959098639,3,8,10,21
13098.0,11 days 16:54:22.222222,13 days 12:50:46.153846,10 days 00:06:17.142857,0 days 22:36:00,28,28882.44,0.7391337685914752,8,8,10,26
13099.0,,,,98 days 19:10:00,1,207.35999999999999,,0,0,2,2
13101.0,148 days 23:36:00,120 days 01:13:00,163 days 10:47:30,233 days 22:13:00,4,695.4,1.3615052668722125,0,3,5,8
13102.0,16 days 03:19:26.666666,15 days 06:58:42.352941,16 days 21:31:41.052631,0 days 23:58:00,37,11380.1,1.1050460613137454,6,8,10,24
13103.0,268 days 21:28:30,,268 days 21:28:30,39 days 03:12:00,3,709.6400000000001,,0,2,5,7
13104.0,81 days 05:45:30,99 days 14:57:20,70 days 05:02:24,2 days 23:40:00,9,1709.1,0.7047558856059409,9,5,7,21
13105.0,,,,435 days 23:09:00,1,72.0,,0,0,1,1
13106.0,280 days 02:02:00,,280 days 02:02:00,132 days 21:38:00,2,603.46,,0,1,4,5
13107.0,78 days 15:30:15,77 days 00:00:20,79 days 15:12:12,43 days 21:58:00,9,5253.07,1.0341978288906057,6,5,9,20
13108.0,62 days 17:26:00,,62 days 17:26:00,372 days 02:15:00,2,748.46,,0,1,5,6
13109.0,245 days 22:38:30,,245 days 22:38:30,59 days 02:34:00,3,1134.03,,0,2,6,8
13110.0,64 days 06:34:10.909090,85 days 09:50:00,46 days 15:51:00,30 days 22:20:00,12,2957.4700000000003,0.5463127083502723,9,6,9,24
13111.0,,,,718 days 03:50:00,1,321.88000000000005,,0,0,3,3
13112.0,,,,540 days 19:47:00,1,20.6,,0,0,1,1
13113.0,17 days 05:54:20,19 days 11:07:21.176470,15 days 06:17:25.263157,0 days 00:01:00,37,18230.07,0.7841418737884505,8,8,10,26
13114.0,,,,730 days 02:54:00,1,234.38,,0,0,2,2
13115.0,65 days 07:54:20,48 days 23:31:45,78 days 09:48:24,11 days 00:12:00,10,5494.7,1.6008166534929305,3,6,10,19
13116.0,,,,137 days 22:17:00,1,501.14,,0,0,4,4
13117.0,35 days 09:46:35.294117,26 days 02:30:37.500000,43 days 16:14:06.666666,21 days 00:48:00,18,2255.66,1.6731328918074653,3,7,8,18
13118.0,52 days 11:37:30,20 days 23:22:20,71 days 09:22:36,19 days 00:04:00,9,2415.41,3.4037966161554847,1,5,8,14
13119.0,,,,668 days 04:12:00,1,134.9,,0,0,1,1
13120.0,,,,238 days 02:31:00,1,30.599999999999998,,0,0,1,1
13121.0,,,,268 days 20:03:00,1,283.73,,0,0,2,2
13122.0,146 days 01:41:00,,146 days 01:41:00,93 days 20:57:00,2,922.39,,0,1,6,7
13123.0,56 days 21:35:00,,56 days 21:35:00,472 days 02:32:00,2,506.75,,0,1,4,5
13124.0,98 days 14:58:20,25 days 23:10:00,134 days 22:52:30,89 days 00:05:00,4,4641.66,5.197445841133993,0,3,9,12
13125.0,,,,523 days 00:52:00,1,148.62,,0,0,1,1
13126.0,53 days 13:48:00,56 days 04:39:36,51 days 16:54:00,4 days 02:50:00,13,3774.81,0.920098468109086,7,7,9,23
13127.0,,,,77 days 02:24:00,1,259.17,,0,0,2,2
13128.0,,,,630 days 21:42:00,1,263.5,,0,0,2,2
13129.0,77 days 01:53:00,,77 days 01:53:00,451 days 23:03:00,2,233.25,,0,1,2,3
13130.0,,,,93 days 21:20:00,1,64.0,,0,0,1,1
13131.0,107 days 12:35:40,56 days 23:51:30,132 days 18:57:45,22 days 23:29:00,7,3313.77,2.3298922281181653,0,4,9,13
13132.0,,,,261 days 00:06:00,1,77.3,,0,0,1,1
13133.0,92 days 21:30:30,,92 days 21:30:30,273 days 02:19:00,3,200.45000000000002,,0,2,2,4
13134.0,66 days 04:14:48,87 days 23:48:00,51 days 15:12:40,85 days 02:15:00,6,2475.23,0.5868032536751165,0,4,8,12
13135.0,294 days 17:24:00,,294 days 17:24:00,196 days 01:58:00,2,3371.45,,0,1,9,10
13136.0,56 days 05:35:55,62 days 03:09:24,52 days 00:29:08.571428,55 days 23:09:00,13,6274.56,0.837259921907751,8,7,10,25
13137.0,32 days 18:57:56,16 days 13:23:51.428571,46 days 23:50:15,10 days 00:41:00,16,7586.9400000000005,2.8380580203355277,1,7,10,18
13138.0,62 days 08:51:00,77 days 23:07:00,54 days 13:43:00,21 days 19:59:00,7,1274.01,0.6999652613858035,0,4,7,11
13139.0,60 days 04:06:00,109 days 08:17:20,23 days 06:57:30,15 days 22:56:00,8,8202.98,0.21299420795474752,10,5,10,25
13140.0,95 days 17:07:00,70 days 20:08:00,104 days 00:06:40,107 days 21:17:00,5,1054.9199999999998,1.4681855017907093,0,3,6,9
13141.0,40 days 08:46:15,27 days 19:55:51.428571,50 days 02:45:26.666666,84 days 02:56:00,17,7656.08,1.8007211720313383,3,7,10,20
13142.0,,,,18 days 20:43:00,1,307.09,,0,0,3,3
13143.0,,,,584 days 00:28:00,1,405.1,,0,0,3,3
13144.0,98 days 21:01:00,,98 days 21:01:00,332 days 01:35:00,2,135.35,,0,1,1,2
13145.0,93 days 08:15:40,89 days 13:28:30,95 days 05:39:15,39 days 00:05:00,7,1128.52,1.0633546176004218,0,4,6,10
13146.0,,,,25 days 21:21:00,1,228.91,,0,0,2,2
13147.0,29 days 16:30:20,56 days 04:07:00,16 days 10:42:00,9 days 22:51:00,4,712.8000000000001,0.29277881488990815,0,3,5,8
13148.0,28 days 02:52:40.800000,28 days 14:11:15,27 days 16:26:18.461538,28 days 21:27:00,26,8497.82,0.9683045254224733,7,8,10,25
13149.0,91 days 15:44:00,139 days 23:23:00,67 days 11:54:30,13 days 23:41:00,4,1676.06,0.48220407515268177,0,3,7,10
13150.0,73 days 01:58:00,,73 days 01:58:00,483 days 23:51:00,3,449.96999999999997,,0,2,4,6
13151.0,166 days 01:01:30,,166 days 01:01:30,295 days 00:21:00,3,2465.21,,0,2,8,10
13152.0,46 days 04:37:10,50 days 15:03:00,43 days 23:24:15,416 days 23:06:00,7,2146.38,0.8686096594104495,0,4,8,12
13153.0,,,,5 days 00:36:00,1,486.22,,0,0,4,4
13154.0,168 days 03:37:00,,168 days 03:37:00,398 days 20:50:00,3,1624.8400000000001,,0,2,7,9
13155.0,91 days 15:38:12,61 days 13:37:00,111 days 16:59:00,32 days 21:09:00,6,1370.48,1.8143970583259077,0,4,7,11
13156.0,145 days 11:42:00,,145 days 11:42:00,384 days 23:41:00,3,1586.54,,0,2,7,9
13157.0,74 days 00:13:52.500000,55 days 16:36:00,85 days 00:00:36,48 days 23:00:00,9,5687.36,1.5262681430495286,4,5,10,19
13158.0,73 days 10:41:30,69 days 16:46:00,74 days 16:40:00,94 days 00:52:00,5,1508.18,1.071677659765259,0,3,7,10
13159.0,35 days 15:52:00,9 days 03:28:00,48 days 22:04:00,8 days 01:30:00,4,1429.35,5.349635479951397,0,3,7,10
13160.0,,,,21 days 23:43:00,1,91.8,,0,0,1,1
13161.0,187 days 01:19:00,,187 days 01:19:00,312 days 22:47:00,2,472.13,,0,1,4,5
13162.0,40 days 20:56:00,23 days 13:38:25.714285,56 days 00:18:52.500000,121 days 20:51:00,16,9275.49,2.3766237387883016,2,7,10,19
13163.0,,,,609 days 20:29:00,1,17.65,,0,0,1,1
13164.0,98 days 02:00:00,,98 days 02:00:00,568 days 22:58:00,2,372.20000000000005,,0,1,3,4
13165.0,183 days 11:00:30,,183 days 11:00:30,45 days 21:45:00,3,1451.16,,0,2,7,9
13166.0,131 days 00:47:00,,131 days 00:47:00,282 days 21:34:00,2,875.9300000000001,,0,1,6,7
13167.0,92 days 23:51:30,246 days 23:15:00,41 days 16:03:40,18 days 00:26:00,5,1125.15,0.16872261354103693,0,3,6,9
13168.0,126 days 11:29:00,223 days 22:55:00,93 days 23:40:20,35 days 23:54:00,5,1840.73,0.41966645477707665,0,3,8,11
13169.0,249 days 10:06:30,,249 days 10:06:30,63 days 00:39:00,3,840.0799999999999,,0,2,5,7
13170.0,,,,26 days 00:31:00,1,108.81,,0,0,1,1
13171.0,138 days 22:05:30,,138 days 22:05:30,21 days 02:23:00,3,468.40999999999997,,0,2,4,6
13172.0,,,,399 days 21:40:00,1,69.6,,0,0,1,1
13173.0,72 days 12:17:54,20 days 12:07:00,107 days 04:25:10,3 days 20:59:00,11,2399.82,5.227255280477755,1,6,8,15
13174.0,65 days 08:37:43.636363,33 days 14:43:48,91 days 19:32:40,15 days 22:15:00,12,7995.36,2.731452213806905,1,6,10,17
13175.0,153 days 01:02:00,,153 days 01:02:00,581 days 23:37:00,2,831.4499999999999,,0,1,5,6
13176.0,,,,45 days 21:07:00,1,481.49,,0,0,4,4
13177.0,365 days 23:21:00,,365 days 23:21:00,64 days 02:54:00,2,512.2,,0,1,4,5
13178.0,34 days 20:30:42,36 days 05:32:13.333333,33 days 17:29:27.272727,25 days 20:36:00,21,14059.19,0.9309447149592089,7,7,10,24
13179.0,,,,618 days 01:10:00,1,572.3100000000001,,0,0,4,4
13180.0,,,,606 days 23:13:00,1,86.10000000000001,,0,0,1,1
13181.0,,,,380 days 21:45:00,1,359.69,,0,0,3,3
13182.0,,,,44 days 23:04:00,1,121.18,,0,0,1,1
13183.0,44 days 20:25:34.285714,50 days 03:43:00,40 days 20:57:30,7 days 02:20:00,15,7036.18,0.8149412237098985,8,7,10,25
13184.0,30 days 15:24:06.666666,26 days 10:48:15,33 days 23:52:48,14 days 00:48:00,10,1668.95,1.2852467624529875,5,6,7,18
13185.0,,,,267 days 00:54:00,1,71.4,,0,0,1,1
13186.0,44 days 13:15:30,,44 days 13:15:30,39 days 01:10:00,3,1575.89,,0,2,7,9
13187.0,95 days 16:33:00,0 days 01:45:00,143 days 11:57:00,336 days 17:53:00,4,341.36,1967.9714285714285,0,3,3,6
13188.0,,,,10 days 21:22:00,1,114.60000000000001,,0,0,1,1
13189.0,96 days 21:27:00,,96 days 21:27:00,18 days 02:11:00,2,260.68,,0,1,2,3
13190.0,94 days 01:47:00,,94 days 01:47:00,543 days 21:03:00,3,570.66,,0,2,4,6
13191.0,,,,657 days 19:48:00,1,164.69,,0,0,2,2
13192.0,118 days 05:55:12,75 days 12:37:00,146 days 17:27:20,94 days 22:37:00,6,2558.58,1.9427469802710018,0,4,8,12
13193.0,,,,60 days 22:20:00,1,112.08,,0,0,1,1
13194.0,285 days 21:07:00,,285 days 21:07:00,135 days 03:49:00,2,472.78,,0,1,4,5
13195.0,,,,413 days 23:43:00,1,136.73,,0,0,1,1
13196.0,101 days 00:10:00,87 days 00:33:30,107 days 23:58:15,10 days 22:56:00,7,3068.84,1.2410334880120657,0,4,9,13
13197.0,,,,609 days 03:36:00,1,373.01000000000005,,0,0,3,3
13198.0,60 days 13:58:34.285714,38 days 15:59:40,77 days 00:27:45,9 days 21:33:00,8,4974.23,1.9918896185920654,2,5,9,16
13199.0,11 days 01:51:11.818181,12 days 15:09:03.750000,9 days 14:44:58.235294,3 days 00:20:00,67,15964.21,0.7611701036396644,8,9,10,27
13200.0,35 days 16:15:00,51 days 23:10:00,27 days 12:47:30,18 days 21:15:00,4,870.09,0.5298342910597355,0,3,6,9
13201.0,46 days 17:09:40,78 days 05:07:00,30 days 23:11:00,501 days 22:20:00,4,1233.06,0.3959174975805091,0,3,7,10
13202.0,48 days 00:48:00,51 days 17:19:20,45 days 06:24:30,393 days 20:26:00,8,1772.3700000000001,0.8752025170293325,7,5,7,19
13203.0,79 days 04:56:40,71 days 23:22:30,84 days 23:48:00,9 days 02:05:00,10,2648.25,1.1808669223532817,5,6,8,19
13204.0,,,,730 days 21:54:00,1,966.6600000000001,,0,0,6,6
13205.0,,,,442 days 20:24:00,1,2803.2,,0,0,8,8
13206.0,27 days 16:15:10,11 days 04:50:12,39 days 10:41:34.285714,399 days 20:00:00,13,8308.19,3.521442476135861,1,7,10,18
13207.0,198 days 23:25:00,160 days 23:07:00,217 days 23:34:00,14 days 21:58:00,4,535.86,1.354234706864492,0,3,4,7
13208.0,84 days 17:33:37.500000,142 days 10:02:20,50 days 02:52:24,58 days 02:56:00,9,1976.3,0.3519191479194535,10,5,8,23
13209.0,54 days 11:57:00,64 days 13:36:12,47 days 07:20:25.714285,29 days 22:56:00,13,8509.51,0.7326652258472239,8,7,10,25
13210.0,,,,93 days 04:32:00,1,353.48,,0,0,3,3
13211.0,80 days 07:55:26.666666,55 days 11:28:15,100 days 05:05:12,9 days 22:07:00,10,2618.77,1.806338228713234,3,6,8,17
13212.0,20 days 22:56:00,,20 days 22:56:00,19 days 00:10:00,3,786.83,,0,2,5,7
13213.0,51 days 04:29:12,43 days 19:02:00,56 days 02:47:20,56 days 01:08:00,11,3851.5200000000004,1.2813950292304928,5,6,9,20
13214.0,38 days 03:18:20,32 days 01:23:30,41 days 04:15:45,417 days 02:50:00,7,3264.23,1.2844725811517756,0,4,9,13
13215.0,,,,401 days 18:24:00,1,81.6,,0,0,1,1
13216.0,,,,267 days 00:32:00,1,333.74,,0,0,3,3
13217.0,177 days 16:54:20,498 days 23:19:00,17 days 01:42:00,121 days 21:18:00,4,666.48,0.03421203893007701,0,3,5,8
13218.0,,,,126 days 19:51:00,1,62.63999999999999,,0,0,1,1
13219.0,,,,617 days 22:32:00,1,76.23,,0,0,1,1
13220.0,124 days 06:45:45,339 days 00:24:00,52 days 16:53:00,77 days 23:12:00,5,1336.09,0.1554598266227488,0,3,7,10
13221.0,119 days 03:34:00,,119 days 03:34:00,239 days 19:52:00,2,847.4100000000001,,0,1,5,6
13222.0,,,,576 days 22:56:00,1,88.5,,0,0,1,1
13223.0,92 days 23:55:12,68 days 10:31:30,109 days 08:51:00,199 days 23:47:00,6,969.1200000000001,1.598057868221184,0,4,6,10
13224.0,91 days 00:45:00,,91 days 00:45:00,59 days 21:55:00,2,2155.95,,0,1,8,9
13225.0,47 days 22:41:20,41 days 21:07:08.571428,53 days 06:03:45,2 days 23:21:00,16,16260.070000000002,1.2715533578114053,5,7,10,22
13226.0,120 days 00:49:00,,120 days 00:49:00,272 days 22:15:00,2,312.46000000000004,,0,1,3,4
13227.0,,,,201 days 01:03:00,1,257.7,,0,0,2,2
13228.0,,,,80 days 22:22:00,1,358.0,,0,0,3,3
13229.0,,,,225 days 00:43:00,1,160.95,,0,0,1,1
13230.0,20 days 05:17:27.096774,16 days 23:37:44,23 days 06:05:56.250000,3 days 20:47:00,32,6541.48,1.3691349498181897,4,8,10,22
13232.0,38 days 11:28:30,23 days 11:49:00,45 days 23:18:15,12 days 02:11:00,7,1328.35,1.9568491530934997,0,4,7,11
13233.0,206 days 15:45:00,273 days 21:39:00,173 days 00:48:00,73 days 23:25:00,4,1176.46,0.6317342724361656,0,3,6,9
13234.0,59 days 23:09:00,,59 days 23:09:00,672 days 01:09:00,2,346.5,,0,1,3,4
13235.0,,,,211 days 19:37:00,1,1031.07,,0,0,6,6
13236.0,82 days 03:52:00,,82 days 03:52:00,24 days 00:00:00,2,744.85,,0,1,5,6
13237.0,,,,387 days 02:43:00,1,643.0,,0,0,5,5
13238.0,114 days 14:31:00,114 days 23:47:30,114 days 08:20:00,16 days 21:13:00,6,1006.63,0.9943987317883294,0,4,6,10
13239.0,60 days 05:12:45,4 days 18:09:00,78 days 16:54:00,261 days 02:25:00,5,1594.69,16.547525186158563,0,3,7,10
13240.0,79 days 10:24:25.714285,80 days 08:13:20,78 days 18:02:45,95 days 22:42:00,8,1475.79,0.980201250432177,7,5,7,19
13241.0,,,,411 days 01:33:00,1,112.53,,0,0,1,1
13242.0,92 days 15:56:50,100 days 11:05:30,88 days 18:22:30,111 days 23:57:00,7,699.4,0.8835727937898117,0,4,5,9
13243.0,107 days 00:01:00,181 days 23:56:00,82 days 00:02:40,202 days 23:36:00,5,1220.38,0.45056650233774426,0,3,6,9
13244.0,,,,92 days 01:04:00,1,121.74000000000001,,0,0,1,1
13245.0,381 days 21:37:00,,381 days 21:37:00,50 days 01:10:00,2,989.22,,0,1,6,7
13246.0,50 days 17:07:24,32 days 23:49:30,62 days 12:39:20,17 days 20:00:00,11,3351.75,1.8951858751056807,3,6,9,18
13247.0,21 days 15:49:20,31 days 02:49:00,16 days 22:19:30,17 days 01:51:00,4,501.12,0.5440759668816533,0,3,4,7
13248.0,64 days 23:35:00,,64 days 23:35:00,124 days 00:10:00,2,465.67999999999995,,0,1,4,5
13249.0,74 days 00:09:22.500000,50 days 00:21:40,88 days 09:38:00,91 days 23:24:00,9,1608.93,1.767495892439775,3,5,7,15
13250.0,41 days 21:32:00,,41 days 21:32:00,460 days 01:17:00,2,253.09,,0,1,2,3
13251.0,,,,401 days 23:30:00,1,252.68,,0,0,2,2
13252.0,231 days 05:30:00,,231 days 05:30:00,393 days 20:50:00,2,399.29999999999995,,0,1,3,4
13253.0,182 days 07:18:40,273 days 01:20:00,136 days 22:18:00,156 days 02:41:00,4,2951.11,0.50146998982706,0,3,9,12
13254.0,,,,375 days 21:08:00,1,51.410000000000004,,0,0,1,1
13255.0,251 days 11:57:00,,251 days 11:57:00,8 days 23:36:00,3,678.76,,0,2,5,7
13257.0,,,,435 days 21:52:00,1,149.75,,0,0,1,1
13258.0,97 days 05:11:30,20 days 22:09:00,122 days 15:32:20,11 days 03:19:00,5,1009.43,5.861871729341609,0,3,6,9
13259.0,79 days 15:02:45,30 days 08:51:40,109 days 04:21:24,61 days 02:02:00,9,1402.54,3.595138534242921,1,5,7,13
13260.0,,,,60 days 23:29:00,1,557.62,,0,0,4,4
13261.0,17 days 01:41:00,,17 days 01:41:00,268 days 00:28:00,2,944.1,,0,1,6,7
13262.0,168 days 13:26:00,,168 days 13:26:00,262 days 21:44:00,3,573.45,,0,2,4,6
13263.0,10 days 20:07:41.052631,12 days 07:54:50,9 days 11:55:15,0 days 22:51:00,39,8676.2,0.7702268865754864,8,8,10,26
13264.0,,,,442 days 00:08:00,1,722.5600000000001,,0,0,5,5
13265.0,55 days 01:17:00,28 days 05:25:00,63 days 23:54:20,52 days 21:48:00,5,2092.6600000000003,2.267298150654037,0,3,8,11
13266.0,39 days 12:12:36.666666,59 days 09:05:15,23 days 14:42:30,10 days 22:11:00,19,6135.04,0.39766564041389274,10,7,10,27
13267.0,20 days 20:24:27.428571,21 days 12:15:31.764705,20 days 05:26:13.333333,2 days 01:38:00,36,9429.81,0.9402978020181365,7,8,10,25
13268.0,24 days 23:51:06,17 days 05:33:30,30 days 04:02:50,17 days 00:59:00,11,3174.75,1.7507741081803587,3,6,9,18
13269.0,27 days 06:20:13.333333,28 days 07:23:23.076923,26 days 07:04:25.714285,0 days 21:57:00,28,8537.32,0.9288833331353782,7,8,10,25
13270.0,,,,365 days 21:57:00,1,590.0,,0,0,4,4
13271.0,,,,36 days 22:19:00,1,211.49,,0,0,2,2
13272.0,58 days 01:54:00,,58 days 01:54:00,30 days 22:50:00,2,276.56,,0,1,2,3
13273.0,,,,112 days 22:48:00,1,138.98,,0,0,1,1
13274.0,,,,408 days 23:02:00,1,360.85,,0,0,3,3
13275.0,248 days 22:04:00,,248 days 22:04:00,383 days 00:41:00,2,238.86,,0,1,2,3
13276.0,144 days 17:39:45,140 days 01:33:00,146 days 07:02:00,63 days 00:06:00,5,1891.91,1.04446857352511,0,3,8,11
13277.0,87 days 08:06:00,79 days 15:24:30,91 days 04:26:45,15 days 03:29:00,7,523.3,1.1449389411821127,0,4,4,8
13278.0,189 days 23:56:40,130 days 23:31:00,219 days 12:09:30,40 days 01:01:00,4,1435.85,1.6758805159826309,0,3,7,10
13279.0,,,,77 days 19:26:00,1,137.75,,0,0,1,1
13280.0,87 days 00:41:10,108 days 03:44:30,76 days 11:09:30,121 days 23:36:00,7,2293.33,0.7069880477320226,0,4,8,12
13281.0,,,,438 days 20:47:00,1,350.85,,0,0,3,3
13282.0,129 days 08:27:20,185 days 21:52:00,101 days 01:45:00,17 days 21:17:00,4,1313.19,0.5436625926368635,0,3,7,10
13283.0,193 days 14:24:40,72 days 23:20:00,253 days 21:57:00,59 days 03:00:00,4,373.36,3.4796060144651695,0,3,3,6
13284.0,,,,330 days 03:27:00,1,201.19,,0,0,2,2
13285.0,120 days 04:34:36,167 days 01:23:30,88 days 22:42:00,22 days 23:31:00,6,3364.59,0.5324249106784695,0,4,9,13
13286.0,,,,599 days 21:15:00,1,734.91,,0,0,5,5
13287.0,50 days 14:21:30,,50 days 14:21:30,602 days 21:24:00,3,781.59,,0,2,5,7
13288.0,55 days 18:23:15,13 days 20:29:00,69 days 17:41:20,442 days 20:18:00,5,927.61,5.033903119621702,0,3,6,9
13289.0,,,,723 days 00:57:00,1,307.95,,0,0,3,3
13290.0,,,,437 days 20:21:00,1,208.63,,0,0,2,2
13291.0,51 days 01:36:00,33 days 10:40:15,62 days 19:33:10,155 days 02:14:00,11,3270.79,1.8781706213457503,3,6,9,18
13292.0,121 days 22:52:00,31 days 23:03:00,151 days 22:48:20,38 days 02:46:00,5,994.51,4.754325735682883,0,3,6,9
13293.0,55 days 05:04:36,37 days 12:18:30,67 days 00:15:20,391 days 23:22:00,6,1192.94,1.786338630901142,0,4,6,10
13294.0,228 days 10:00:00,,228 days 10:00:00,189 days 03:56:00,3,1689.53,,0,2,7,9
13295.0,72 days 08:42:40,165 days 02:37:00,25 days 23:45:30,359 days 01:29:00,4,1101.97,0.15741071766551562,0,3,6,9
13296.0,87 days 23:51:24,32 days 21:26:00,124 days 17:28:20,136 days 23:04:00,6,792.51,3.7919252909963546,0,4,5,9
13297.0,89 days 03:29:30,78 days 12:37:00,94 days 10:55:45,7 days 03:18:00,7,4368.62,1.2028595558778532,0,4,9,13
13298.0,,,,0 days 23:39:00,1,360.0,,0,0,3,3
13299.0,130 days 00:42:30,,130 days 00:42:30,267 days 23:55:00,3,1218.7,,0,2,6,8
13300.0,202 days 10:36:30,,202 days 10:36:30,168 days 23:41:00,3,1285.51,,0,2,7,9
13301.0,62 days 23:24:00,69 days 22:42:00,59 days 11:45:00,103 days 01:25:00,4,618.09,0.8505093226901769,0,3,5,8
13302.0,371 days 05:24:00,,371 days 05:24:00,154 days 18:54:00,2,159.2,,0,1,1,2
13303.0,,,,399 days 21:55:00,1,61.72,,0,0,1,1
13304.0,106 days 00:37:40,123 days 01:13:00,97 days 12:20:00,350 days 22:15:00,4,1217.99,0.7924692284683932,0,3,6,9
13305.0,42 days 08:01:44,49 days 02:35:34.285714,36 days 09:47:07.500000,3 days 21:35:00,16,3616.41,0.7413802072286053,8,7,9,24
13306.0,,,,429 days 21:55:00,1,53.65,,0,0,1,1
13307.0,236 days 01:53:00,,236 days 01:53:00,119 days 19:36:00,3,273.34000000000003,,0,2,2,4
13308.0,191 days 08:03:00,393 days 03:51:00,90 days 10:09:00,22 days 03:19:00,4,1670.3700000000001,0.22998987902520707,0,3,7,10
13309.0,77 days 00:52:48,93 days 00:17:00,66 days 09:16:40,6 days 20:16:00,6,1706.37,0.7137435261851965,0,4,7,11
13310.0,93 days 12:05:00,21 days 16:11:00,117 days 10:43:00,27 days 19:27:00,5,1541.2,5.418698535772644,0,3,7,10
13311.0,145 days 22:29:00,,145 days 22:29:00,3 days 23:55:00,2,598.57,,0,1,4,5
13312.0,,,,450 days 22:14:00,1,124.75,,0,0,1,1
13313.0,65 days 00:02:43.636363,37 days 08:50:36,88 days 00:42:50,21 days 20:02:00,12,3445.32,2.355722354579457,2,6,9,17
13314.0,36 days 01:04:30,,36 days 01:04:30,1 days 00:21:00,3,775.94,,0,2,5,7
13315.0,,,,688 days 21:16:00,1,310.26,,0,0,3,3
13316.0,66 days 21:44:20,61 days 13:39:45,71 days 04:12:00,36 days 23:10:00,10,12940.82,1.1560149898911287,5,6,10,21
13317.0,36 days 16:08:00,35 days 15:28:00,37 days 11:52:00,65 days 23:15:00,19,6486.091,1.0519014962593516,6,7,10,23
13318.0,18 days 02:42:30,,18 days 02:42:30,0 days 17:59:00,3,640.76,,0,2,5,7
13319.0,12 days 18:30:18.947368,11 days 20:34:40.714285,13 days 15:40:35.172413,4 days 23:16:00,58,21323.22,1.1514469291267084,5,9,10,24
13320.0,80 days 01:31:36,132 days 12:00:00,45 days 02:32:40,77 days 18:43:00,6,2211.6,0.3404227812718379,0,4,8,12
13321.0,14 days 00:06:00,,14 days 00:06:00,71 days 21:26:00,2,567.36,,0,1,4,5
13322.0,,,,16 days 22:29:00,1,199.48000000000002,,0,0,2,2
13323.0,20 days 06:57:15,52 days 02:37:00,9 days 16:24:00,2 days 19:38:00,5,787.85,0.1858283246931514,0,3,5,8
13324.0,31 days 00:21:28.235294,25 days 08:55:52.500000,36 days 00:44:13.333333,35 days 20:22:00,18,10513.47,1.4200897671731323,4,7,10,21
13325.0,,,,81 days 02:14:00,1,675.3,,0,0,5,5
13326.0,,,,431 days 20:50:00,1,281.76,,0,0,2,2
13327.0,35 days 22:27:41.052631,29 days 07:59:13.333333,41 days 21:05:18,38 days 02:29:00,20,9134.48,1.427708580492779,4,7,10,21
13328.0,,,,315 days 21:28:00,1,1308.48,,0,0,7,7
13329.0,100 days 12:58:17.142857,101 days 06:36:20,99 days 23:44:45,31 days 02:21:00,8,4808.77,0.9873036897526679,7,5,9,21
13330.0,112 days 10:03:00,99 days 14:00:00,120 days 23:25:00,92 days 00:23:00,6,2796.1,1.2148186889818688,0,4,8,12
13331.0,,,,401 days 04:46:00,1,262.4,,0,0,2,2
13332.0,,,,13 days 23:20:00,1,350.9,,0,0,3,3
13333.0,123 days 13:59:00,,123 days 13:59:00,410 days 23:26:00,3,1015.7400000000001,,0,2,6,8
13334.0,142 days 12:45:00,116 days 01:31:00,151 days 08:29:40,81 days 21:29:00,5,6201.8,1.3040648752575326,0,3,10,13
13336.0,,,,76 days 22:45:00,1,795.12,,0,0,5,5
13337.0,,,,545 days 23:23:00,1,1575.26,,0,0,7,7
13338.0,181 days 22:53:40,142 days 23:22:00,201 days 10:39:30,157 days 03:44:00,4,2445.62,1.4089599867885487,0,3,8,11
13339.0,,,,200 days 04:19:00,1,860.12,,0,0,5,5
13340.0,55 days 10:45:32.727272,75 days 18:33:00,38 days 12:16:00,44 days 23:35:00,12,22100.56,0.5082437473078368,9,6,10,25
13341.0,,,,260 days 03:00:00,1,775.85,,0,0,5,5
13343.0,,,,177 days 00:26:00,1,353.43,,0,0,3,3
13344.0,104 days 23:38:30,,104 days 23:38:30,67 days 03:05:00,3,2511.69,,0,2,8,10
13345.0,,,,287 days 03:49:00,1,389.5,,0,0,3,3
13346.0,26 days 19:01:24,27 days 12:59:30,26 days 07:02:40,462 days 01:09:00,6,299.4,0.9546934950432221,0,4,3,7
13347.0,,,,69 days 23:22:00,1,341.36,,0,0,3,3
13348.0,,,,63 days 19:22:00,1,233.76,,0,0,2,2
13349.0,,,,10 days 04:43:00,1,247.32,,0,0,2,2
13350.0,63 days 03:00:00,,63 days 03:00:00,15 days 20:17:00,2,979.1200000000001,,0,1,6,7
13351.0,,,,65 days 23:55:00,1,373.94,,0,0,3,3
13352.0,,,,59 days 22:55:00,1,397.97999999999996,,0,0,3,3
13354.0,,,,70 days 23:33:00,1,743.53,,0,0,5,5
13355.0,,,,121 days 22:02:00,1,674.7,,0,0,5,5
13356.0,,,,79 days 22:17:00,1,768.24,,0,0,5,5
13357.0,92 days 11:51:30,0 days 00:08:00,123 days 07:46:00,256 days 22:54:00,5,3805.51,22198.25,0,3,9,12
13358.0,,,,268 days 00:58:00,1,439.03,,0,0,4,4
13359.0,339 days 18:25:00,,339 days 18:25:00,63 days 03:20:00,2,1043.31,,0,1,6,7
13360.0,89 days 16:27:00,6 days 06:43:00,131 days 09:19:00,431 days 00:13:00,4,1553.65,20.92214972907221,0,3,7,10
13361.0,145 days 07:07:00,,145 days 07:07:00,471 days 21:54:00,2,1450.5,,0,1,7,8
13362.0,69 days 07:52:20,23 days 12:35:30,92 days 05:30:45,8 days 22:09:00,7,5394.07,3.920554678159732,0,4,9,13
13363.0,196 days 00:46:30,,196 days 00:46:30,17 days 00:10:00,3,1723.8600000000001,,0,2,7,9
13364.0,,,,70 days 18:37:00,1,134.95999999999998,,0,0,1,1
13365.0,184 days 00:36:00,,184 days 00:36:00,33 days 00:14:00,2,2225.37,,0,1,8,9
13366.0,,,,49 days 23:13:00,1,56.160000000000004,,0,0,1,1
13367.0,,,,431 days 02:50:00,1,510.20000000000005,,0,0,4,4
13368.0,55 days 15:45:20,8 days 23:00:00,79 days 00:08:00,256 days 02:51:00,4,1121.5,8.81922480620155,0,3,6,9
13369.0,,,,365 days 01:20:00,1,308.28000000000003,,0,0,3,3
13370.0,,,,371 days 02:24:00,1,754.87,,0,0,5,5
13371.0,127 days 02:04:00,,127 days 02:04:00,504 days 19:17:00,2,2297.66,,0,1,8,9
13372.0,,,,89 days 00:04:00,1,378.64,,0,0,3,3
13373.0,134 days 14:03:24,158 days 22:47:30,118 days 08:14:00,60 days 01:59:00,6,7587.1900000000005,0.7445317022554748,0,4,10,14
13374.0,34 days 23:35:00,,34 days 23:35:00,414 days 02:46:00,2,422.8,,0,1,4,5
13375.0,356 days 02:07:00,,356 days 02:07:00,88 days 02:31:00,2,1792.23,,0,1,7,8
13376.0,67 days 13:36:30,,67 days 13:36:30,98 days 20:34:00,3,1019.76,,0,2,6,8
13377.0,249 days 02:14:00,,249 days 02:14:00,396 days 00:30:00,2,1552.88,,0,1,7,8
13379.0,55 days 00:39:30,,55 days 00:39:30,25 days 23:05:00,3,572.56,,0,2,4,6
13380.0,,,,432 days 02:32:00,1,62.4,,0,0,1,1
13381.0,64 days 06:14:27.272727,71 days 18:50:12,57 days 23:44:40,31 days 00:52:00,12,8224.369999999999,0.8078214675667327,8,6,10,24
13382.0,112 days 18:01:45,96 days 23:15:00,118 days 00:17:20,280 days 02:47:00,5,1387.58,1.2170110168176556,0,3,7,10
13383.0,,,,543 days 01:05:00,1,305.28000000000003,,0,0,3,3
13384.0,46 days 23:52:12,80 days 12:06:15,24 days 15:42:50,30 days 01:46:00,11,6680.83,0.3062536167031482,10,6,10,26
13385.0,,,,329 days 02:58:00,1,534.57,,0,0,4,4
13386.0,22 days 23:43:00,,22 days 23:43:00,413 days 23:58:00,2,835.46,,0,1,5,6
13387.0,,,,416 days 22:43:00,1,186.94,,0,0,2,2
13388.0,236 days 01:17:00,,236 days 01:17:00,130 days 23:58:00,3,1185.6499999999999,,0,2,6,8
13389.0,110 days 12:54:30,,110 days 12:54:30,10 days 22:49:00,3,797.96,,0,2,5,7
13390.0,,,,74 days 04:12:00,1,544.08,,0,0,4,4
13391.0,,,,203 days 02:00:00,1,59.8,,0,0,1,1
13392.0,,,,676 days 23:16:00,1,91.14,,0,0,1,1
13393.0,49 days 13:07:20,7 days 21:24:00,70 days 08:59:00,583 days 03:16:00,4,1131.45,8.917546638507568,0,3,6,9
13394.0,40 days 22:38:46.666666,37 days 21:05:00,43 days 09:29:48,1 days 01:14:00,19,6621.7,1.1456558804656705,6,7,10,23
13395.0,118 days 01:02:00,,118 days 01:02:00,184 days 21:46:00,3,1180.23,,0,2,6,8
13396.0,290 days 03:22:00,,290 days 03:22:00,28 days 19:51:00,2,1360.99,,0,1,7,8
13397.0,68 days 10:47:20,62 days 18:50:00,72 days 23:33:12,72 days 01:54:00,10,3191.87,1.1624068134055967,5,6,9,20
13398.0,256 days 03:43:00,,256 days 03:43:00,191 days 23:33:00,2,670.3399999999999,,0,1,5,6
13399.0,27 days 10:06:00,,27 days 10:06:00,463 days 22:51:00,3,275.4,,0,2,2,4
13400.0,,,,582 days 03:50:00,1,310.83,,0,0,3,3
13402.0,145 days 17:38:20,58 days 21:28:00,189 days 03:43:30,126 days 20:59:00,4,1226.85,3.211766578624658,0,3,7,10
13403.0,352 days 21:32:30,,352 days 21:32:30,17 days 04:22:00,3,229.5,,0,2,2,4
13404.0,211 days 03:40:00,,211 days 03:40:00,0 days 21:13:00,2,252.49,,0,1,2,3
13405.0,130 days 00:33:36,121 days 11:37:30,135 days 17:11:00,73 days 19:49:00,6,1213.8110000000001,1.117147552697392,0,4,6,10
13406.0,204 days 07:15:00,,204 days 07:15:00,426 days 22:06:00,2,568.92,,0,1,4,5
13407.0,41 days 12:44:00,,41 days 12:44:00,578 days 00:09:00,3,2244.7,,0,2,8,10
13408.0,6 days 23:46:02.285714,8 days 10:10:39.230769,5 days 14:00:22.641509,1 days 03:45:00,106,50174.782,0.6628148375559468,9,10,10,29
13410.0,88 days 09:13:45,112 days 17:00:40,73 days 18:57:36,23 days 21:17:00,9,2201.96,0.6546960168576017,9,5,8,22
13411.0,,,,106 days 22:53:00,1,213.55,,0,0,2,2
13412.0,,,,619 days 20:22:00,1,487.34999999999997,,0,0,4,4
13413.0,9 days 13:18:48,23 days 11:28:30,0 days 06:32:20,639 days 00:33:00,6,429.44000000000005,0.011604576758310286,0,4,4,8
13414.0,93 days 22:57:00,69 days 23:57:30,109 days 22:16:40,133 days 01:05:00,6,2494.14,1.5704423886174426,0,4,8,12
13415.0,85 days 07:06:00,98 days 00:36:00,78 days 22:21:00,472 days 01:12:00,4,784.1700000000001,0.805215506248406,0,3,5,8
13416.0,346 days 09:57:00,,346 days 09:57:00,43 days 03:54:00,3,940.8,,0,2,6,8
13417.0,132 days 23:14:00,60 days 22:42:30,180 days 23:35:00,4 days 04:01:00,6,1669.49,2.969548497365048,0,4,7,11
13418.0,23 days 21:31:04,25 days 10:08:12.857142,22 days 13:28:33.750000,11 days 02:27:00,31,11559.66,0.8874664643965103,7,8,10,25
13419.0,,,,63 days 00:01:00,1,221.06,,0,0,2,2
13420.0,20 days 21:13:00,,20 days 21:13:00,149 days 04:02:00,2,159.85,,0,1,1,2
13421.0,88 days 23:56:34.285714,42 days 08:32:40,123 days 23:29:30,39 days 22:29:00,8,4058.75,2.9270650023500093,1,5,9,15
13422.0,,,,63 days 23:08:00,1,2626.3,,0,0,8,8
13423.0,,,,428 days 03:48:00,1,217.03,,0,0,2,2
13424.0,,,,449 days 02:01:00,1,572.77,,0,0,4,4
13425.0,117 days 18:39:30,70 days 22:21:00,133 days 09:25:40,107 days 19:37:00,5,3390.4300000000003,1.88059316696201,0,3,9,12
13426.0,34 days 17:59:11.428571,32 days 18:28:24,36 days 13:10:49.090909,0 days 03:51:00,22,8167.38,1.1153338147048144,6,7,10,23
13427.0,140 days 14:15:36,122 days 11:00:30,152 days 16:25:40,18 days 23:48:00,6,1006.53,1.2468245619506957,0,4,6,10
13428.0,252 days 00:30:00,,252 days 00:30:00,9 days 22:30:00,3,478.53999999999996,,0,2,4,6
13429.0,21 days 13:43:40,14 days 20:52:00,24 days 22:09:30,10 days 03:40:00,4,1006.8000000000001,1.6761395479170558,0,3,6,9
13430.0,67 days 17:53:00,,67 days 17:53:00,18 days 04:31:00,2,679.45,,0,1,5,6
13431.0,84 days 13:59:25.714285,71 days 08:55:00,94 days 11:47:45,66 days 23:01:00,8,3316.24,1.3239382145463392,5,5,9,19
13432.0,40 days 22:36:00,,40 days 22:36:00,570 days 23:32:00,2,439.1,,0,1,4,5
13433.0,65 days 02:38:40,93 days 01:36:00,51 days 03:10:00,500 days 19:55:00,4,658.3199999999999,0.5494120105062082,0,3,5,8
13434.0,145 days 07:09:00,195 days 04:19:00,128 days 16:05:40,73 days 22:20:00,5,1666.8600000000001,0.6592411794913761,0,3,7,10
13435.0,61 days 20:43:37.500000,124 days 14:17:40,24 days 05:23:12,4 days 22:05:00,9,4447.33,0.19442455499551325,10,5,9,24
13436.0,,,,1 days 02:17:00,1,196.89,,0,0,2,2
13437.0,29 days 07:55:00,30 days 11:45:00,28 days 18:00:00,13 days 22:50:00,7,3408.06,0.9429449948752989,0,4,9,13
13438.0,,,,546 days 18:04:00,1,46.5,,0,0,1,1
13439.0,135 days 11:52:00,,135 days 11:52:00,254 days 22:30:00,3,986.61,,0,2,6,8
13440.0,4 days 16:26:10,14 days 01:16:30,0 days 00:01:00,422 days 23:39:00,7,1295.25,4.9415659822597785e-05,0,4,7,11
13441.0,339 days 23:00:00,,339 days 23:00:00,91 days 03:12:00,2,720.9,,0,1,5,6
13442.0,35 days 11:32:00,,35 days 11:32:00,666 days 22:47:00,3,419.87,,0,2,4,6
13443.0,45 days 19:00:12,35 days 09:26:30,52 days 17:22:40,448 days 00:19:00,6,1273.1599999999999,1.4896582395625886,0,4,7,11
13444.0,131 days 22:28:00,,131 days 22:28:00,373 days 23:48:00,2,619.08,,0,1,5,6
13445.0,,,,625 days 21:16:00,1,241.89999999999998,,0,0,2,2
13446.0,23 days 07:53:54,16 days 18:01:30,27 days 17:08:50,429 days 17:59:00,11,3881.8900000000003,1.654492188849505,3,6,9,18
13447.0,6 days 01:44:00,,6 days 01:44:00,22 days 23:12:00,3,1129.14,,0,2,6,8
13448.0,59 days 18:01:35,59 days 00:50:00,60 days 06:18:25.714285,16 days 00:17:00,13,8745.93,1.0208025946525898,6,7,10,23
13449.0,,,,23 days 04:22:00,1,291.88,,0,0,3,3
13450.0,48 days 01:23:15,29 days 03:05:36,61 days 13:53:00,26 days 00:56:00,13,4120.04,2.1140000381446447,2,7,9,18
13451.0,60 days 04:46:30,45 days 12:01:15,69 days 23:56:40,25 days 20:52:00,11,7090.06,1.5383813139503086,4,6,10,20
13452.0,106 days 14:13:00,,106 days 14:13:00,258 days 22:31:00,3,729.8,,0,2,5,7
13453.0,118 days 10:05:30,,118 days 10:05:30,165 days 03:16:00,3,781.6899999999999,,0,2,5,7
13454.0,,,,640 days 22:10:00,1,219.87,,0,0,2,2
13455.0,141 days 05:16:36,68 days 14:46:30,189 days 14:56:40,24 days 01:29:00,6,2212.9900000000002,2.763549631518844,0,4,8,12
13456.0,37 days 22:44:48,25 days 23:09:00,45 days 22:28:40,17 days 03:32:00,6,1766.72,1.769201280233937,0,4,7,11
13457.0,48 days 20:02:00,,48 days 20:02:00,688 days 04:02:00,2,148.22,,0,1,1,2
13458.0,25 days 09:41:52,24 days 20:45:42.857142,25 days 21:01:00,6 days 21:21:00,16,11959.27,1.0406439514846157,6,7,10,23
13459.0,57 days 20:49:00,,57 days 20:49:00,624 days 02:26:00,2,1160.4099999999999,,0,1,6,7
13460.0,20 days 07:27:00,,20 days 07:27:00,28 days 19:33:00,2,183.44,,0,1,2,3
13461.0,111 days 17:48:00,95 days 00:56:00,122 days 21:02:40,38 days 03:49:00,6,4160.0,1.2929112838798933,0,4,9,13
13462.0,118 days 06:23:00,36 days 00:57:00,145 days 16:11:40,252 days 01:30:00,5,1153.85,4.042076934440655,0,3,6,9
13464.0,111 days 23:55:48,72 days 12:25:00,138 days 07:36:20,57 days 21:49:00,6,3097.64,1.9073625408985715,0,4,9,13
13465.0,139 days 23:43:00,,139 days 23:43:00,445 days 21:37:00,2,931.12,,0,1,6,7
13466.0,111 days 00:42:15,127 days 19:52:00,105 days 10:19:00,183 days 20:11:00,5,1013.3499999999999,0.8247805206658264,0,3,6,9
13467.0,25 days 17:05:00,,25 days 17:05:00,10 days 02:49:00,2,1071.9099999999999,,0,1,6,7
13468.0,10 days 04:57:35.833333,10 days 08:57:36,10 days 01:10:34.054054,1 days 02:11:00,73,12898.48,0.9687344397739038,7,9,10,26
13469.0,,,,652 days 21:47:00,1,82.4,,0,0,1,1
13470.0,15 days 21:51:00,,15 days 21:51:00,98 days 21:53:00,2,165.0,,0,1,2,3
13471.0,15 days 08:51:20,25 days 20:47:00,10 days 02:53:30,0 days 21:06:00,4,2501.84,0.3912664107176417,0,3,8,11
13472.0,91 days 23:53:00,,91 days 23:53:00,463 days 03:09:00,2,592.24,,0,1,4,5
13473.0,94 days 19:28:17.142857,39 days 07:10:20,136 days 10:41:45,60 days 01:30:00,8,2657.7599999999998,3.472001990917177,1,5,8,14
13474.0,129 days 11:36:30,,129 days 11:36:30,235 days 22:57:00,3,646.59,,0,2,5,7
13475.0,35 days 16:25:20,36 days 21:07:00,35 days 02:04:30,190 days 22:58:00,4,1431.78,0.9513717589018397,0,3,7,10
13476.0,116 days 12:35:15,158 days 00:50:00,102 days 16:30:20,178 days 00:50:00,5,2061.4700000000003,0.6497795550087153,0,3,8,11
13477.0,64 days 14:25:12,56 days 23:19:00,69 days 16:29:20,37 days 00:46:00,11,2819.17,1.22319059634239,5,6,8,19
13478.0,51 days 23:23:00,44 days 22:32:00,54 days 07:40:00,468 days 23:27:00,5,2215.78,1.2087402645568055,0,3,8,11
13479.0,69 days 04:36:45,0 days 00:01:00,92 days 06:08:40,200 days 02:05:00,5,1238.73,132848.66666666666,0,3,7,10
13480.0,262 days 23:18:00,,262 days 23:18:00,416 days 00:57:00,2,627.8199999999999,,0,1,5,6
13481.0,68 days 23:39:00,56 days 23:52:45,76 days 23:29:50,45 days 03:43:00,11,3830.84,1.350628964343626,4,6,9,19
13482.0,395 days 06:32:00,,395 days 06:32:00,231 days 19:47:00,2,336.09,,0,1,3,4
13483.0,,,,65 days 00:57:00,1,140.34,,0,0,1,1
13484.0,199 days 02:22:00,,199 days 02:22:00,240 days 20:20:00,3,790.72,,0,2,5,7
13485.0,50 days 07:13:12,54 days 12:21:15,47 days 11:47:50,232 days 22:52:00,11,3019.2200000000003,0.8711687181201998,7,6,9,22
13486.0,38 days 09:57:00,,38 days 09:57:00,77 days 23:37:00,3,1122.4099999999999,,0,2,6,8
13487.0,169 days 06:25:30,229 days 00:16:00,149 days 08:28:40,57 days 00:43:00,5,846.87,0.6521659146410492,0,3,5,8
13488.0,30 days 06:44:54.545454,31 days 14:40:48,29 days 04:08:20,16 days 22:09:00,23,14205.960000000001,0.9228382043666485,7,7,10,24
13489.0,63 days 00:51:20,5 days 03:01:00,91 days 23:46:30,104 days 23:34:00,4,449.52,17.946958406719958,0,3,4,7
13490.0,,,,653 days 22:02:00,1,154.25,,0,0,1,1
13491.0,26 days 04:37:13.846153,19 days 07:59:45,32 days 01:43:38.571428,51 days 04:18:00,27,4467.66,1.6589101143915923,3,8,9,20
13492.0,39 days 02:09:30,,39 days 02:09:30,135 days 22:25:00,3,1269.8400000000001,,0,2,7,9
13493.0,11 days 22:53:00,,11 days 22:53:00,274 days 21:15:00,2,618.63,,0,1,5,6
13494.0,,,,311 days 00:52:00,1,316.26000000000005,,0,0,3,3
13495.0,80 days 13:14:20,88 days 00:30:15,74 days 13:49:36,7 days 01:29:00,10,4863.31,0.8472535557129078,8,6,9,23
13496.0,349 days 00:41:00,,349 days 00:41:00,10 days 01:52:00,2,653.3299999999999,,0,1,5,6
13497.0,77 days 09:19:24,22 days 01:14:30,114 days 06:42:40,282 days 03:46:00,6,1166.83,5.182341610375432,0,4,6,10
13498.0,,,,729 days 21:24:00,1,327.38,,0,0,3,3
13499.0,63 days 00:37:15,44 days 06:07:00,69 days 06:47:20,17 days 01:29:00,5,1159.1100000000001,1.5655426009906843,0,3,6,9
13500.0,126 days 00:46:20,278 days 23:04:00,49 days 13:37:30,22 days 21:15:00,4,1466.3,0.17768680421404814,0,3,7,10
13501.0,141 days 02:47:30,,141 days 02:47:30,287 days 17:51:00,3,2885.1099999999997,,0,2,8,10
13502.0,132 days 23:56:45,132 days 23:23:00,133 days 00:08:00,16 days 02:11:00,5,780.5,1.0002350078074815,0,3,5,8
13503.0,117 days 23:54:48,52 days 09:36:30,161 days 17:27:00,70 days 23:27:00,6,1859.24,3.086374268618343,0,4,8,12
13504.0,,,,63 days 23:30:00,1,295.93,,0,0,3,3
13505.0,53 days 07:56:20,40 days 03:34:00,59 days 22:07:30,72 days 00:54:00,4,4393.63,1.492501816169094,0,3,9,12
13506.0,36 days 00:20:00,45 days 00:52:00,33 days 00:09:20,315 days 22:57:00,5,1338.08,0.7328892452558646,0,3,7,10
13507.0,47 days 08:27:40,38 days 03:22:00,51 days 23:00:30,2 days 23:37:00,4,2479.16,1.3623047230617968,0,3,8,11
13508.0,399 days 00:00:00,,399 days 00:00:00,243 days 00:52:00,2,287.04999999999995,,0,1,3,4
13509.0,71 days 06:34:17.142857,84 days 08:17:00,61 days 11:17:15,8 days 02:40:00,8,1114.72,0.7287949644730234,8,5,6,19
13510.0,71 days 16:59:18,45 days 17:44:45,89 days 00:29:00,0 days 23:04:00,11,4558.29,1.9462459054350012,2,6,9,17
13511.0,,,,676 days 00:40:00,1,282.76,,0,0,2,2
13512.0,107 days 14:53:40,102 days 19:53:00,110 days 00:24:00,260 days 02:47:00,4,713.39,1.0699047091637233,0,3,5,8
13513.0,264 days 09:37:00,,264 days 09:37:00,126 days 01:00:00,3,824.59,,0,2,5,7
13514.0,202 days 22:09:20,102 days 19:27:00,252 days 23:30:30,73 days 03:11:00,4,815.9000000000001,2.4606408775591535,0,3,5,8
13515.0,114 days 09:29:36,198 days 11:17:30,58 days 08:17:40,72 days 01:24:00,6,1265.8200000000002,0.2939762127613666,0,4,7,11
13516.0,132 days 01:27:40,179 days 02:14:00,108 days 13:04:30,20 days 23:35:00,4,1685.26,0.6060804051276881,0,3,7,10
13517.0,60 days 01:29:30,,60 days 01:29:30,59 days 01:07:00,3,2128.42,,0,2,8,10
13518.0,,,,85 days 02:21:00,1,627.16,,0,0,5,5
13519.0,364 days 06:39:00,,364 days 06:39:00,77 days 18:26:00,2,343.21000000000004,,0,1,3,4
13520.0,66 days 09:30:54,80 days 01:25:15,57 days 06:54:40,58 days 02:30:00,11,6606.0,0.7155700028118659,9,6,10,25
13521.0,4 days 11:20:30,,4 days 11:20:30,0 days 23:00:00,3,1071.73,,0,2,6,8
13522.0,,,,29 days 21:39:00,1,125.80000000000001,,0,0,1,1
13523.0,73 days 19:15:12,101 days 08:57:00,55 days 10:07:20,32 days 21:39:00,6,4534.57,0.5467116965914721,0,4,9,13
13524.0,44 days 18:02:00,46 days 03:30:00,44 days 06:52:40,40 days 00:16:00,5,680.1800000000001,0.9597090544268874,0,3,5,8
13525.0,233 days 20:25:00,,233 days 20:25:00,14 days 00:49:00,2,628.78,,0,1,5,6
13526.0,0 days 00:17:00,,0 days 00:17:00,737 days 23:37:00,2,1182.0,,0,1,6,7
13527.0,59 days 10:51:32.727272,72 days 04:32:00,48 days 20:07:50,33 days 00:46:00,12,4541.29,0.6765414165512288,9,6,9,24
13529.0,125 days 21:25:00,,125 days 21:25:00,78 days 03:35:00,2,307.76,,0,1,3,4
13530.0,,,,633 days 22:40:00,1,402.97999999999996,,0,0,3,3
13531.0,106 days 05:07:12,118 days 23:11:00,97 days 17:04:40,204 days 19:54:00,6,1433.07,0.8213405249322383,0,4,7,11
13532.0,,,,33 days 00:25:00,1,210.31,,0,0,2,2
13533.0,42 days 11:33:30,,42 days 11:33:30,182 days 00:56:00,3,269.09,,0,2,2,4
13534.0,15 days 05:38:35.294117,13 days 11:42:18.750000,16 days 18:55:16.666666,1 days 21:58:00,35,7720.9,1.2447167543909443,5,8,10,23
13535.0,,,,402 days 01:01:00,1,89.5,,0,0,1,1
13536.0,12 days 08:31:20,24 days 11:54:00,6 days 06:50:00,0 days 20:12:00,7,3444.3900000000003,0.25656290752395533,0,4,9,13
13537.0,26 days 02:04:00,,26 days 02:04:00,425 days 00:05:00,2,717.85,,0,1,5,6
13538.0,57 days 11:15:10.909090,71 days 23:34:36,45 days 08:59:00,42 days 20:16:00,12,3103.13,0.6303531150571224,9,6,9,24
13539.0,84 days 03:42:20,27 days 13:42:00,112 days 10:42:30,85 days 02:32:00,7,1569.3600000000001,4.078446929625712,0,4,7,11
13540.0,94 days 02:29:00,,94 days 02:29:00,466 days 22:30:00,3,632.39,,0,2,5,7
13541.0,143 days 00:22:00,,143 days 00:22:00,426 days 20:13:00,2,785.25,,0,1,5,6
13542.0,22 days 00:58:11.250000,20 days 16:12:17.142857,23 days 02:27:13.333333,376 days 01:26:00,17,3959.4900000000002,1.1173889214107813,6,7,9,22
13543.0,52 days 23:04:00,,52 days 23:04:00,633 days 23:16:00,2,1439.6100000000001,,0,1,7,8
13544.0,121 days 00:05:12,44 days 00:29:30,172 days 07:49:00,39 days 00:53:00,6,790.2,3.914670410714708,0,4,5,9
13545.0,153 days 23:38:00,,153 days 23:38:00,390 days 01:23:00,2,364.93,,0,1,3,4
13546.0,102 days 23:21:45,42 days 00:10:00,123 days 07:05:40,11 days 22:00:00,5,1086.24,2.9351242629635754,0,3,6,9
13547.0,,,,407 days 22:36:00,1,167.08,,0,0,2,2
13548.0,187 days 12:33:00,,187 days 12:33:00,95 days 22:00:00,3,901.4399999999999,,0,2,6,8
13549.0,51 days 16:43:17.142857,64 days 23:06:40,41 days 17:55:45,25 days 03:30:00,8,1005.8,0.6426284563854048,9,5,6,20
13550.0,,,,382 days 21:26:00,1,342.55,,0,0,3,3
13551.0,346 days 23:45:00,,346 days 23:45:00,318 days 22:04:00,2,244.2,,0,1,2,3
13552.0,28 days 04:39:34.285714,34 days 06:52:12,22 days 15:44:27.272727,65 days 21:31:00,22,6948.92,0.6607859189067937,9,7,10,26
13553.0,,,,674 days 00:29:00,1,499.6,,0,0,4,4
13554.0,11 days 00:24:20,8 days 12:32:30,12 days 06:20:15,379 days 21:45:00,7,1629.35,1.439009981666327,0,4,7,11
13555.0,51 days 07:56:20,29 days 09:28:12,66 days 23:59:17.142857,73 days 00:14:00,13,8891.84,2.27931463455293,2,7,10,19
13556.0,6 days 07:43:00,,6 days 07:43:00,428 days 20:06:00,2,200.82,,0,1,2,3
13557.0,58 days 13:48:35,21 days 08:11:00,85 days 04:06:51.428571,27 days 21:26:00,13,3032.26,3.9909816518450425,1,7,9,17
13558.0,20 days 23:27:40,6 days 22:14:00,28 days 00:04:30,5 days 01:26:00,4,594.52,4.0429617004210945,0,3,4,7
13559.0,30 days 22:00:00,,30 days 22:00:00,512 days 02:58:00,2,990.0,,0,1,6,7
13560.0,,,,6 days 23:39:00,1,171.42000000000002,,0,0,2,2
13561.0,43 days 09:29:42,19 days 05:15:30,59 days 12:19:10,215 days 00:11:00,11,1803.4,3.096571576544838,1,6,7,14
13562.0,87 days 12:54:00,55 days 06:45:40,111 days 17:30:15,81 days 01:59:00,8,4838.18,2.021090416511387,2,5,9,16
13563.0,55 days 21:24:00,,55 days 21:24:00,83 days 22:05:00,2,777.53,,0,1,5,6
13564.0,16 days 11:24:23.333333,12 days 20:00:45.882352,19 days 17:36:03.157894,143 days 22:17:00,37,16498.97,1.537601559449868,4,8,10,22
13565.0,195 days 23:21:00,,195 days 23:21:00,18 days 22:17:00,3,414.79999999999995,,0,2,4,6
13566.0,149 days 17:54:15,129 days 23:58:00,156 days 07:53:00,40 days 00:51:00,5,1688.6,1.2025395570465496,0,3,7,10
13567.0,37 days 16:01:00,69 days 01:32:00,21 days 23:15:30,427 days 23:59:00,4,1079.29,0.3180981780155251,0,3,6,9
13568.0,,,,172 days 22:08:00,1,187.05,,0,0,2,2
13569.0,137 days 00:00:40,46 days 23:49:00,182 days 00:06:30,16 days 23:43:00,4,726.54,3.87306595339077,0,3,5,8
13570.0,,,,242 days 23:14:00,1,239.49,,0,0,2,2
13571.0,28 days 18:09:00,28 days 14:03:25,28 days 21:55:41.538461,12 days 02:03:00,26,4537.26,1.0114731885557766,6,8,9,23
13572.0,,,,205 days 00:51:00,1,1384.25,,0,0,7,7
13573.0,117 days 09:17:24,128 days 23:24:00,109 days 15:53:00,49 days 22:17:00,6,904.52,0.850256294286145,0,4,6,10
13574.0,,,,410 days 23:22:00,1,404.45,,0,0,3,3
13575.0,38 days 05:42:30,42 days 21:04:00,36 days 16:35:20,22 days 23:36:00,5,732.0699999999999,0.855716074976246,0,3,5,8
13576.0,26 days 16:54:08.888888,33 days 21:41:27.692307,20 days 00:27:21.428571,9 days 21:16:00,28,11202.59,0.5904648536616756,9,8,10,27
13577.0,69 days 23:54:54,49 days 04:04:30,83 days 21:08:30,24 days 21:31:00,11,3489.28,1.7059438312536632,3,6,9,18
13578.0,,,,408 days 23:06:00,1,147.66,,0,0,1,1
13579.0,161 days 04:42:00,203 days 22:31:00,146 days 22:45:40,14 days 04:09:00,5,1374.3400000000001,0.7205534992105679,0,3,7,10
13580.0,,,,405 days 21:49:00,1,107.75,,0,0,1,1
13581.0,104 days 22:11:00,,104 days 22:11:00,308 days 22:09:00,2,280.53,,0,1,2,3
13582.0,227 days 23:56:00,,227 days 23:56:00,389 days 01:16:00,2,241.68,,0,1,2,3
13583.0,523 days 20:47:00,,523 days 20:47:00,155 days 02:10:00,2,1445.031,,0,1,7,8
13584.0,184 days 14:04:30,,184 days 14:04:30,306 days 00:01:00,3,385.70000000000005,,0,2,3,5
13585.0,103 days 22:48:30,,103 days 22:48:30,530 days 00:17:00,3,684.54,,0,2,5,7
13586.0,,,,540 days 23:03:00,1,127.28,,0,0,1,1
13587.0,199 days 23:44:40,214 days 00:33:00,192 days 23:20:30,63 days 00:19:00,4,1673.5,0.9016444241108655,0,3,7,10
13588.0,29 days 23:21:07.500000,51 days 22:27:20,16 days 19:05:24,15 days 02:08:00,9,2478.95,0.3233889874399408,10,5,8,23
13589.0,143 days 19:32:48,103 days 03:12:30,170 days 22:26:20,14 days 00:40:00,6,1120.74,1.6574115534607077,0,4,6,10
13590.0,42 days 18:18:38.823529,39 days 08:50:37.500000,45 days 18:43:33.333333,10 days 23:56:00,18,6336.04,1.1628652101745218,5,7,10,22
13591.0,110 days 03:27:00,70 days 21:05:30,129 days 18:37:45,64 days 00:24:00,7,2093.94,1.8309590410079801,0,4,8,12
13592.0,76 days 06:36:00,51 days 01:47:00,88 days 21:00:30,35 days 03:01:00,4,247.95999999999998,1.7401185636395775,0,3,2,5
13593.0,41 days 10:50:41.538461,28 days 03:19:40,52 days 20:43:00,107 days 23:15:00,14,5493.29,1.8786679719313255,3,7,10,20
13594.0,432 days 23:56:00,,432 days 23:56:00,52 days 02:31:00,2,533.32,,0,1,4,5
13595.0,64 days 22:57:00,,64 days 22:57:00,516 days 00:14:00,3,784.48,,0,2,5,7
13596.0,7 days 00:04:00,,7 days 00:04:00,5 days 00:49:00,2,664.11,,0,1,5,6
13597.0,2 days 05:24:00,,2 days 05:24:00,399 days 21:56:00,2,396.71,,0,1,3,4
13598.0,151 days 00:46:30,0 days 00:04:00,201 days 09:00:40,46 days 22:22:00,5,761.9599999999999,72495.16666666667,0,3,5,8
13599.0,23 days 00:51:52.500000,30 days 08:09:44,16 days 14:11:24.705882,0 days 20:40:00,33,9811.04,0.5468427006047187,9,8,10,27
13600.0,321 days 22:11:00,,321 days 22:11:00,311 days 21:23:00,2,518.42,,0,1,4,5
13601.0,167 days 00:49:20,154 days 00:17:00,173 days 13:05:30,44 days 19:19:00,4,1159.99,1.1268323586305162,0,3,6,9
13602.0,165 days 07:59:20,125 days 00:02:00,185 days 11:58:00,64 days 01:03:00,4,1025.17,1.4839724003066632,0,3,6,9
13603.0,,,,25 days 20:53:00,1,164.34,,0,0,2,2
13604.0,,,,658 days 00:48:00,1,717.62,,0,0,5,5
13605.0,184 days 01:30:00,,184 days 01:30:00,386 days 19:34:00,2,522.6700000000001,,0,1,4,5
13606.0,141 days 03:02:00,,141 days 03:02:00,28 days 19:04:00,3,276.74999999999994,,0,2,2,4
13607.0,362 days 04:29:00,,362 days 04:29:00,39 days 20:33:00,2,1075.81,,0,1,6,7
13608.0,,,,540 days 00:22:00,1,232.05,,0,0,2,2
13609.0,,,,592 days 23:24:00,1,167.35,,0,0,2,2
13610.0,53 days 03:48:09.230769,52 days 16:13:10,53 days 13:43:51.428571,11 days 21:12:00,14,2103.71,1.017015643946089,6,7,8,21
13611.0,71 days 22:06:00,65 days 19:43:45,76 days 19:11:48,88 days 21:59:00,10,3297.9300000000003,1.1667801706516148,5,6,9,20
13612.0,,,,632 days 00:36:00,1,818.29,,0,0,5,5
13613.0,51 days 23:50:15,34 days 03:12:00,57 days 22:43:00,452 days 00:49:00,5,1039.85,1.6976521809895833,0,3,6,9
13614.0,105 days 09:49:00,110 days 11:27:30,102 days 00:43:20,23 days 22:03:00,6,2332.74,0.9235378853356382,0,4,8,12
13615.0,51 days 16:05:25.714285,57 days 23:39:20,46 days 22:25:00,318 days 04:29:00,8,6272.53,0.8094076599413967,8,5,10,23
13616.0,122 days 22:03:00,,122 days 22:03:00,567 days 23:51:00,2,283.85,,0,1,2,3
13617.0,64 days 23:46:42.857142,24 days 14:48:00,95 days 06:30:45,39 days 23:00:00,8,1278.75,3.870197190250508,1,5,7,13
13618.0,,,,173 days 01:41:00,1,177.34,,0,0,2,2
13619.0,129 days 21:23:00,,129 days 21:23:00,544 days 01:11:00,2,224.94,,0,1,2,3
13620.0,,,,527 days 21:48:00,1,112.34,,0,0,1,1
13621.0,,,,116 days 04:24:00,1,213.85,,0,0,2,2
13622.0,,,,695 days 23:28:00,1,658.95,,0,0,5,5
13623.0,78 days 13:07:00,89 days 05:54:45,69 days 23:40:48,30 days 00:50:00,10,2533.06,0.7841963665649274,8,6,8,22
13624.0,,,,387 days 23:07:00,1,462.08,,0,0,4,4
13625.0,,,,596 days 02:00:00,1,301.26,,0,0,3,3
13626.0,126 days 17:53:00,,126 days 17:53:00,252 days 02:45:00,2,707.04,,0,1,5,6
13627.0,96 days 20:02:50,141 days 09:54:30,74 days 13:07:00,58 days 22:30:00,7,2245.9,0.5271552708406483,0,4,8,12
13628.0,,,,675 days 22:06:00,1,310.14,,0,0,3,3
13629.0,35 days 17:05:56.666666,40 days 23:19:22.500000,31 days 12:07:12,22 days 23:29:00,19,13370.86,0.7689437388107925,8,7,10,25
13630.0,46 days 16:24:30,50 days 12:33:30,44 days 18:20:00,4 days 21:34:00,7,2031.78,0.8860054842722344,0,4,8,12
13631.0,16 days 18:28:24,22 days 10:33:30,12 days 23:45:00,99 days 02:53:00,11,3070.42,0.5788602286969843,9,6,9,24
13632.0,83 days 20:33:08.571428,122 days 17:22:40,54 days 16:56:00,24 days 01:59:00,8,3645.81,0.44576058909628646,10,5,9,24
13634.0,44 days 07:56:56,35 days 00:01:08.571428,52 days 11:53:15,32 days 23:10:00,16,5033.77,1.499832061631539,4,7,9,20
13635.0,223 days 16:23:00,14 days 02:27:00,328 days 11:21:00,67 days 01:55:00,4,2999.16,23.292509971930862,0,3,9,12
13636.0,62 days 05:00:15,24 days 19:21:00,74 days 16:13:20,36 days 02:20:00,5,949.12,3.0103673842650913,0,3,6,9
13637.0,87 days 00:13:00,,87 days 00:13:00,51 days 23:18:00,3,804.3,,0,2,5,7
13638.0,,,,15 days 02:12:00,1,122.64,,0,0,1,1
13639.0,362 days 03:31:00,,362 days 03:31:00,73 days 23:14:00,2,1346.27,,0,1,7,8
13640.0,,,,610 days 21:17:00,1,405.0,,0,0,3,3
13641.0,23 days 10:35:00,10 days 23:07:00,27 days 14:24:20,640 days 05:13:00,5,1016.47,2.5175355250100293,0,3,6,9
13642.0,72 days 08:03:40,0 days 00:06:00,108 days 12:02:30,215 days 00:16:00,4,472.19999999999993,26040.416666666668,0,3,4,7
13643.0,77 days 18:58:46.666666,78 days 12:18:15,77 days 05:07:12,30 days 21:13:00,10,2156.77,0.9834505664115621,7,6,8,21
13644.0,29 days 16:44:40,31 days 22:34:00,28 days 13:50:00,15 days 22:43:00,4,2624.26,0.8946819150323956,0,3,8,11
13645.0,,,,119 days 20:39:00,1,252.1,,0,0,2,2
13646.0,0 days 00:13:00,,0 days 00:13:00,399 days 00:37:00,2,326.25,,0,1,3,4
13647.0,84 days 20:26:25.714285,36 days 07:12:00,121 days 06:22:15,9 days 00:50:00,8,3041.6800000000003,3.3406460437710437,1,5,9,15
13648.0,48 days 06:21:51.428571,88 days 22:01:00,17 days 18:37:30,399 days 22:04:00,8,1764.02,0.19991643301754908,10,5,7,22
13649.0,54 days 03:51:12,25 days 09:51:30,73 days 07:51:00,256 days 00:59:00,6,1453.68,2.885670169301614,0,4,7,11
13650.0,74 days 00:24:13.333333,103 days 18:58:15,50 days 04:45:00,16 days 00:28:00,10,3288.0,0.48364677092097624,10,6,9,25
13651.0,173 days 02:37:30,,173 days 02:37:30,34 days 21:51:00,3,226.85000000000002,,0,2,2,4
13652.0,151 days 15:48:30,223 days 20:51:00,127 days 14:07:40,45 days 03:59:00,5,2262.05,0.5699261616791419,0,3,8,11
13653.0,,,,487 days 04:31:00,1,152.2,,0,0,1,1
13654.0,69 days 10:04:06,89 days 07:14:30,56 days 03:57:10,42 days 20:26:00,11,6308.0,0.6289317713173321,9,6,10,25
13655.0,95 days 10:29:12,85 days 14:25:30,101 days 23:51:40,113 days 22:25:00,6,2280.51,1.1915066800253653,0,4,8,12
13656.0,143 days 15:13:40,95 days 21:58:00,167 days 11:51:30,164 days 02:19:00,4,1078.85,1.746271304247093,0,3,6,9
13657.0,190 days 23:57:00,,190 days 23:57:00,10 days 00:18:00,2,382.14,,0,1,3,4
13658.0,82 days 20:37:00,96 days 08:57:40,74 days 18:00:36,9 days 02:37:00,9,6025.5,0.7756334472645695,8,5,10,23
13659.0,41 days 09:02:54.545454,18 days 11:09:36,60 days 11:17:20,205 days 00:13:00,12,4884.68,3.2748643579946046,1,6,9,16
13660.0,,,,399 days 20:40:00,1,306.64,,0,0,3,3
13661.0,,,,602 days 21:52:00,1,325.24,,0,0,3,3
13662.0,57 days 07:04:18,54 days 23:16:00,58 days 20:16:30,85 days 00:46:00,11,2233.61,1.0705000252665622,6,6,8,20
13663.0,116 days 19:23:15,224 days 04:46:00,81 days 00:15:40,178 days 21:06:00,5,2047.51,0.3613353322223805,0,3,8,11
13665.0,58 days 23:48:30,,58 days 23:48:30,385 days 23:44:00,3,1711.6599999999999,,0,2,7,9
13666.0,168 days 19:12:45,315 days 04:58:00,119 days 23:57:40,59 days 21:11:00,5,127.9,0.3806971316610046,0,3,1,4
13667.0,,,,148 days 21:08:00,1,299.05,,0,0,3,3
13668.0,21 days 08:24:12.352941,26 days 04:27:48.750000,17 days 01:14:20,2 days 00:39:00,35,12948.48,0.6511736349949585,9,8,10,27
13669.0,178 days 09:13:30,,178 days 09:13:30,50 days 03:18:00,3,413.54999999999995,,0,2,4,6
13670.0,,,,74 days 21:25:00,1,349.7,,0,0,3,3
13671.0,,,,394 days 02:00:00,1,172.6,,0,0,2,2
13672.0,214 days 13:06:30,,214 days 13:06:30,300 days 22:57:00,3,419.9200000000001,,0,2,4,6
13673.0,13 days 20:31:00,,13 days 20:31:00,18 days 00:39:00,2,387.44,,0,1,3,4
13674.0,,,,432 days 02:09:00,1,240.68,,0,0,2,2
13675.0,133 days 00:43:00,,133 days 00:43:00,150 days 23:53:00,2,486.82000000000005,,0,1,4,5
13676.0,80 days 00:37:00,,80 days 00:37:00,538 days 19:20:00,2,243.90000000000003,,0,1,2,3
13677.0,57 days 21:03:30,,57 days 21:03:30,404 days 01:18:00,3,825.1999999999999,,0,2,5,7
13678.0,,,,151 days 02:36:00,1,232.6,,0,0,2,2
13679.0,120 days 21:40:30,,120 days 21:40:30,493 days 00:37:00,3,281.26,,0,2,2,4
13680.0,66 days 17:24:49.090909,17 days 19:15:24,107 days 11:52:40,0 days 23:03:00,12,11419.67,6.038238789590436,1,6,10,17
13681.0,45 days 22:37:20,86 days 20:20:00,25 days 11:46:00,17 days 01:37:00,4,827.83,0.29350711658403966,0,3,5,8
13682.0,,,,186 days 22:44:00,1,59.5,,0,0,1,1
13683.0,,,,457 days 02:50:00,1,258.6,,0,0,2,2
13684.0,111 days 22:28:20,58 days 22:35:00,138 days 10:25:00,285 days 02:37:00,4,594.88,2.3486892488954343,0,3,4,7
13685.0,9 days 15:47:00,7 days 12:07:30,10 days 17:36:45,2 days 01:09:00,7,3119.44,1.4301873698820264,0,4,9,13
13686.0,109 days 09:43:00,,109 days 09:43:00,182 days 03:40:00,3,409.04,,0,2,3,5
13687.0,,,,437 days 20:20:00,1,11880.84,,0,0,10,10
13688.0,,,,634 days 22:39:00,1,375.5,,0,0,3,3
13689.0,381 days 02:54:00,,381 days 02:54:00,62 days 23:29:00,2,1259.5,,0,1,7,8
13690.0,,,,58 days 21:47:00,1,172.25,,0,0,2,2
13691.0,,,,395 days 19:16:00,1,212.78,,0,0,2,2
13692.0,98 days 23:27:15,11 days 20:29:00,128 days 00:26:40,24 days 01:33:00,5,3114.4,10.800085925752338,0,3,9,12
13693.0,44 days 18:51:30,10 days 10:22:20,65 days 09:33:00,373 days 18:29:00,9,2011.8200000000002,6.2688663545387975,1,5,8,14
13694.0,5 days 03:40:36.338028,2 days 14:00:47.142857,7 days 15:37:39.166666,3 days 03:18:00,143,195640.69,2.961109191392602,1,10,10,21
13695.0,36 days 09:49:16,60 days 00:35:00,15 days 17:54:15,30 days 22:24:00,16,2770.73,0.2623271822756985,10,7,8,25
13696.0,122 days 09:43:30,,122 days 09:43:30,421 days 03:06:00,3,2020.4,,0,2,8,10
13697.0,,,,38 days 03:36:00,1,151.29999999999998,,0,0,1,1
13698.0,85 days 02:50:00,,85 days 02:50:00,596 days 00:58:00,2,451.73,,0,1,4,5
13699.0,395 days 03:48:00,,395 days 03:48:00,154 days 19:59:00,2,764.1500000000001,,0,1,5,6
13700.0,53 days 16:10:35,79 days 19:17:36,35 days 00:14:08.571428,25 days 23:50:00,13,2596.9700000000003,0.43869818772001273,10,7,8,25
13701.0,,,,446 days 00:11:00,1,161.0,,0,0,1,1
13702.0,,,,445 days 01:10:00,1,135.18,,0,0,1,1
13703.0,96 days 23:59:00,,96 days 23:59:00,317 days 23:40:00,2,425.56,,0,1,4,5
13704.0,10 days 09:04:07.500000,3 days 00:37:00,14 days 18:56:24,4 days 21:37:00,9,2308.06,4.887858618315355,1,5,8,14
13705.0,102 days 19:12:10,57 days 21:11:30,125 days 06:12:30,7 days 00:18:00,7,1717.19,2.1639982483818527,0,4,7,11
13706.0,324 days 00:03:00,,324 days 00:03:00,302 days 03:29:00,2,631.1700000000001,,0,1,5,6
13707.0,67 days 07:31:30,106 days 22:07:00,54 days 02:39:40,266 days 18:47:00,5,3365.8599999999997,0.5060803072519869,0,3,9,12
13708.0,,,,270 days 23:04:00,1,285.33,,0,0,2,2
13709.0,40 days 19:45:10.588235,71 days 06:28:45,13 days 18:13:06.666666,3 days 02:22:00,18,7571.35,0.19305614763017187,10,7,10,27
13710.0,290 days 09:41:00,,290 days 09:41:00,31 days 04:34:00,3,509.52,,0,2,4,6
13711.0,63 days 04:55:52.500000,13 days 06:56:20,93 days 03:43:36,218 days 02:19:00,9,1792.26,7.009890435297601,1,5,7,13
13712.0,364 days 01:17:00,,364 days 01:17:00,246 days 00:17:00,2,766.4200000000001,,0,1,5,6
13713.0,87 days 11:45:00,,87 days 11:45:00,407 days 20:32:00,3,740.76,,0,2,5,7
13714.0,,,,464 days 22:53:00,1,161.35,,0,0,1,1
13715.0,22 days 07:44:15,19 days 13:13:00,24 days 11:28:33.333333,280 days 17:29:00,17,8153.04,1.2520355044062799,5,7,10,22
13716.0,,,,268 days 23:01:00,1,138.28,,0,0,1,1
13717.0,64 days 17:47:34.285714,81 days 15:59:40,52 days 01:08:30,31 days 22:37:00,8,1763.3,0.6373189833304517,9,5,7,21
13718.0,49 days 01:26:00,,49 days 01:26:00,245 days 23:26:00,2,306.55,,0,1,3,4
13719.0,55 days 14:29:00,23 days 05:48:45,77 days 04:15:50,14 days 21:24:00,11,2783.08,3.320585122938064,1,6,8,15
13720.0,46 days 01:09:40,16 days 06:00:00,60 days 22:44:30,116 days 00:04:00,4,799.9,3.7506196581196583,0,3,5,8
13721.0,358 days 20:06:00,,358 days 20:06:00,35 days 22:45:00,2,741.54,,0,1,5,6
13722.0,57 days 05:10:06.666666,49 days 06:42:15,63 days 13:32:24,131 days 00:06:00,10,5635.41,1.2898745459733874,5,6,10,21
13723.0,78 days 19:42:24,97 days 23:55:30,66 days 00:53:40,216 days 19:46:00,6,1194.08,0.6738711669991366,0,4,6,10
13724.0,,,,636 days 21:22:00,1,213.01,,0,0,2,2
13725.0,36 days 23:40:42.857142,6 days 17:24:20,59 days 16:23:00,49 days 02:47:00,8,1980.56,8.874436374901043,1,5,8,14
13726.0,61 days 23:43:00,,61 days 23:43:00,38 days 02:01:00,2,1079.66,,0,1,6,7
13727.0,100 days 06:20:08.571428,39 days 15:14:00,145 days 17:39:45,28 days 03:04:00,8,1074.15,3.6769763815397556,1,5,6,12
13728.0,46 days 05:58:24,38 days 23:20:42.857142,52 days 14:46:22.500000,36 days 02:01:00,16,2855.17,1.3500607746061042,4,7,8,19
13729.0,124 days 09:53:30,,124 days 09:53:30,435 days 02:06:00,3,724.73,,0,2,5,7
13730.0,25 days 19:48:00,,25 days 19:48:00,135 days 04:15:00,2,752.5999999999999,,0,1,5,6
13731.0,27 days 04:23:00,,27 days 04:23:00,218 days 22:17:00,2,610.59,,0,1,5,6
13732.0,,,,27 days 21:01:00,1,491.86,,0,0,4,4
13733.0,324 days 20:50:00,,324 days 20:50:00,410 days 00:32:00,2,487.03000000000003,,0,1,4,5
13734.0,31 days 09:07:20,84 days 05:11:00,4 days 23:05:30,508 days 00:46:00,4,6695.6900000000005,0.058921753758112,0,3,10,13
13735.0,58 days 11:48:35,39 days 23:44:12,71 days 17:00:17.142857,24 days 01:36:00,13,9762.77,1.7932051797938207,3,7,10,20
13736.0,121 days 08:32:00,137 days 01:14:30,113 days 12:10:45,4 days 21:31:00,7,2752.4700000000003,0.8282088829998809,0,4,8,12
13737.0,,,,199 days 20:18:00,1,339.59999999999997,,0,0,3,3
13738.0,,,,395 days 21:27:00,1,434.78000000000003,,0,0,4,4
13739.0,509 days 03:10:00,,509 days 03:10:00,17 days 23:15:00,2,292.2,,0,1,3,4
13740.0,124 days 05:32:30,160 days 21:17:00,112 days 00:17:40,240 days 02:18:00,5,1582.77,0.6962178665412047,0,3,7,10
13741.0,72 days 21:48:00,,72 days 21:48:00,71 days 03:31:00,3,668.4300000000001,,0,2,5,7
13742.0,27 days 14:55:16.363636,26 days 14:09:24,28 days 11:33:30,16 days 01:43:00,12,3107.87,1.0711450166364582,6,6,9,21
13743.0,42 days 19:13:50,52 days 00:22:30,38 days 04:39:30,2 days 02:41:00,7,1341.6,0.7342812322686159,0,4,7,11
13744.0,197 days 01:11:00,,197 days 01:11:00,94 days 21:31:00,2,1080.52,,0,1,6,7
13745.0,383 days 23:24:00,,383 days 23:24:00,161 days 20:07:00,2,777.36,,0,1,5,6
13746.0,,,,413 days 00:55:00,1,176.69,,0,0,2,2
13747.0,51 days 01:22:00,,51 days 01:22:00,373 days 02:13:00,2,169.79999999999998,,0,1,2,3
13748.0,80 days 08:07:37.500000,118 days 13:58:00,57 days 09:25:24,95 days 03:05:00,9,2064.35,0.48399137961325384,10,5,8,23
13750.0,56 days 09:20:42,55 days 18:21:30,56 days 19:20:10,53 days 00:34:00,11,3602.1800000000003,1.018662997162776,6,6,9,21
13751.0,,,,287 days 20:54:00,1,296.25,,0,0,3,3
13752.0,67 days 04:38:50,156 days 13:49:30,22 days 12:03:30,123 days 22:34:00,7,1579.8300000000002,0.14371566885986797,0,4,7,11
13753.0,149 days 16:49:20,85 days 01:50:00,182 days 00:19:00,287 days 00:02:00,4,2094.57,2.1394090278344624,0,3,8,11
13754.0,142 days 22:11:00,,142 days 22:11:00,151 days 00:59:00,3,447.05,,0,2,4,6
13755.0,7 days 11:35:07.500000,8 days 07:26:00,6 days 23:40:36,3 days 00:24:00,9,2108.06,0.8407655022563931,8,5,8,21
13756.0,32 days 19:42:05.454545,36 days 09:36:00,29 days 20:07:10,1 days 20:06:00,23,8655.95,0.8197337962962963,8,7,10,25
13757.0,,,,674 days 00:13:00,1,195.55,,0,0,2,2
13758.0,51 days 22:21:47.142857,58 days 00:36:00,47 days 08:41:07.500000,11 days 01:39:00,15,8698.13,0.8162325266886878,8,7,10,25
13759.0,37 days 23:07:00,,37 days 23:07:00,32 days 22:03:00,2,659.4100000000001,,0,1,5,6
13760.0,134 days 18:45:45,58 days 00:09:00,160 days 08:58:00,53 days 20:37:00,5,1363.6399999999999,2.764764333345305,0,3,7,10
13761.0,121 days 05:22:36,77 days 00:50:30,150 days 16:24:00,49 days 22:49:00,6,1952.17,1.9560355357633834,0,4,8,12
13762.0,119 days 23:15:30,48 days 23:41:00,143 days 15:07:00,218 days 03:35:00,5,2472.48,2.932011170808466,0,3,8,11
13763.0,185 days 22:47:00,,185 days 22:47:00,62 days 21:37:00,3,5217.4400000000005,,0,2,9,11
13764.0,114 days 09:25:24,36 days 13:25:30,166 days 06:45:20,70 days 00:47:00,6,2919.62,4.548258319007956,0,4,8,12
13765.0,,,,652 days 23:04:00,1,352.821,,0,0,3,3
13766.0,,,,494 days 22:25:00,1,190.35,,0,0,2,2
13767.0,10 days 05:23:26.666666,10 days 09:45:51.428571,10 days 01:15:12.972972,1 days 21:50:00,73,33903.57,0.9659251438351235,7,9,10,26
13768.0,4 days 00:16:00,,4 days 00:16:00,726 days 02:09:00,2,875.97,,0,1,6,7
13769.0,37 days 22:54:09.473684,34 days 18:26:46.666666,40 days 19:42:48,1 days 21:42:00,20,5478.12,1.174087940328844,5,7,10,22
13770.0,102 days 16:08:40,84 days 19:57:00,111 days 14:14:30,421 days 21:40:00,4,785.37,1.315475167202862,0,3,5,8
13771.0,73 days 12:12:37.500000,34 days 06:44:20,97 days 01:05:36,63 days 22:32:00,9,5728.82,2.8309022033451954,1,5,10,16
13772.0,88 days 16:49:42.857142,84 days 15:42:20,91 days 17:40:15,33 days 01:07:00,8,3100.02,1.0836564517496248,6,5,9,20
13773.0,263 days 01:22:00,,263 days 01:22:00,396 days 01:01:00,2,301.54,,0,1,3,4
13774.0,,,,81 days 00:44:00,1,345.0,,0,0,3,3
13775.0,,,,590 days 00:35:00,1,1049.66,,0,0,6,6
13776.0,0 days 00:04:00,,0 days 00:04:00,427 days 20:39:00,2,623.98,,0,1,5,6
13777.0,12 days 06:50:38,12 days 13:27:43.448275,12 days 00:39:09.677419,0 days 00:25:00,61,49638.26,0.9575091458859167,7,9,10,26
13778.0,154 days 00:37:00,31 days 22:39:00,215 days 01:36:00,102 days 21:25:00,4,1124.49,6.732668101480467,0,3,6,9
13779.0,,,,515 days 01:26:00,1,161.13,,0,0,1,1
13780.0,199 days 20:59:00,,199 days 20:59:00,6 days 23:01:00,3,732.07,,0,2,5,7
13781.0,235 days 10:11:00,,235 days 10:11:00,250 days 00:42:00,3,778.83,,0,2,5,7
13782.0,60 days 01:55:10,48 days 23:31:48,68 days 00:11:51.428571,12 days 00:56:00,13,1786.08,1.3884780644028651,4,7,7,18
13783.0,61 days 22:32:00,33 days 21:34:00,75 days 23:01:00,487 days 03:27:00,4,1542.09,2.2407710902609907,0,3,7,10
13784.0,33 days 21:55:50.769230,28 days 03:21:30,38 days 20:42:25.714285,9 days 03:17:00,14,2910.23,1.3810552070238433,4,7,8,19
13785.0,10 days 13:48:00,0 days 18:36:00,15 days 11:24:00,428 days 03:25:00,4,542.49,19.967741935483872,0,3,4,7
13786.0,73 days 18:52:12,64 days 10:48:30,80 days 00:14:40,366 days 22:57:00,6,3127.99,1.2414236483368082,0,4,9,13
13787.0,123 days 19:34:36,70 days 01:27:30,159 days 15:39:20,75 days 00:44:00,6,1222.5,2.2787692561846944,0,4,6,10
13788.0,,,,504 days 21:00:00,1,3.75,,0,0,1,1
13789.0,,,,387 days 21:19:00,1,239.45999999999998,,0,0,2,2
13790.0,,,,3 days 21:02:00,1,348.8,,0,0,3,3
13791.0,40 days 19:06:00,,40 days 19:06:00,127 days 01:06:00,2,1516.0,,0,1,7,8
13792.0,178 days 01:43:00,,178 days 01:43:00,65 days 22:19:00,3,383.95000000000005,,0,2,3,5
13793.0,,,,646 days 04:25:00,1,96.0,,0,0,1,1
13794.0,,,,546 days 00:20:00,1,126.03,,0,0,1,1
13795.0,83 days 01:33:40,130 days 22:55:00,59 days 02:53:00,387 days 19:25:00,4,836.3,0.45145432851650535,0,3,5,8
13796.0,,,,498 days 22:05:00,1,289.7,,0,0,3,3
13797.0,105 days 11:08:30,,105 days 11:08:30,436 days 02:16:00,3,1179.45,,0,2,6,8
13798.0,6 days 16:43:45.688073,6 days 19:05:44.444444,6 days 14:24:21.818181,0 days 20:59:00,110,75428.87,0.9712462130524165,7,10,10,27
13799.0,65 days 23:26:00,33 days 14:03:00,85 days 09:51:48,116 days 00:43:00,9,2803.57,2.5430969956371605,2,5,8,15
13800.0,213 days 13:12:00,,213 days 13:12:00,309 days 00:23:00,3,1679.56,,0,2,7,9
13801.0,,,,66 days 02:35:00,1,324.8,,0,0,3,3
13802.0,29 days 01:22:23.333333,14 days 03:00:07.500000,41 days 00:04:12,138 days 01:56:00,19,26259.11,2.9028435174316773,1,7,10,18
13803.0,181 days 13:28:30,,181 days 13:28:30,254 days 23:53:00,3,1338.9099999999999,,0,2,7,9
13804.0,50 days 18:15:45,93 days 09:34:40,25 days 04:16:24,30 days 00:18:00,9,3161.12,0.26957500173488913,10,5,9,24
13805.0,76 days 23:21:00,,76 days 23:21:00,51 days 22:00:00,2,924.6,,0,1,6,7
13806.0,,,,63 days 01:07:00,1,256.38,,0,0,2,2
13807.0,184 days 01:33:30,,184 days 01:33:30,366 days 21:02:00,3,422.2,,0,2,4,6
13808.0,22 days 18:02:45,3 days 00:03:00,29 days 08:02:40,5 days 00:32:00,5,1747.66,9.771609221990902,0,3,7,10
13809.0,77 days 12:46:30,,77 days 12:46:30,304 days 23:35:00,3,679.7,,0,2,5,7
13810.0,13 days 21:48:00,,13 days 21:48:00,28 days 04:17:00,3,1499.01,,0,2,7,9
13811.0,27 days 19:37:00,,27 days 19:37:00,183 days 02:56:00,3,814.5,,0,2,5,7
13812.0,31 days 12:46:30,,31 days 12:46:30,41 days 22:23:00,3,539.0,,0,2,4,6
13813.0,99 days 03:28:51.428571,68 days 15:31:20,122 days 00:27:00,39 days 02:12:00,8,2765.4700000000003,1.777487405329215,3,5,8,16
13814.0,217 days 11:48:00,,217 days 11:48:00,91 days 23:02:00,3,2257.32,,0,2,8,10
13815.0,91 days 21:07:34.285714,86 days 08:25:20,96 days 00:39:15,21 days 22:31:00,8,7475.74,1.1120582195820243,6,5,10,21
13816.0,40 days 18:01:00,,40 days 18:01:00,23 days 04:12:00,2,571.6700000000001,,0,1,4,5
13817.0,322 days 06:03:00,,322 days 06:03:00,28 days 19:01:00,2,382.98,,0,1,3,4
13818.0,,,,429 days 00:15:00,1,61.28,,0,0,1,1
13819.0,87 days 08:28:00,34 days 11:36:00,122 days 14:22:40,301 days 02:12:00,6,2642.35,3.5553138929165997,0,4,8,12
13820.0,131 days 00:40:00,,131 days 00:40:00,417 days 23:04:00,3,652.75,,0,2,5,7
13821.0,111 days 23:14:36,5 days 11:26:00,182 days 23:07:00,144 days 03:01:00,6,1379.08,33.40945980218108,0,4,7,11
13822.0,34 days 20:18:00,,34 days 20:18:00,5 days 00:37:00,2,632.0,,0,1,5,6
13823.0,117 days 15:18:00,42 days 22:40:00,154 days 23:37:00,18 days 02:28:00,7,3403.45,3.6089424320827943,0,4,9,13
13824.0,54 days 23:45:49.090909,44 days 09:47:36,63 days 19:24:20,32 days 00:09:00,12,3314.76,1.4368691449457576,4,6,9,19
13825.0,108 days 20:32:00,,108 days 20:32:00,621 days 01:48:00,2,255.59000000000003,,0,1,2,3
13826.0,,,,175 days 23:02:00,1,189.5,,0,0,2,2
13827.0,42 days 22:30:00,,42 days 22:30:00,57 days 00:12:00,3,409.8,,0,2,4,6
13828.0,,,,21 days 20:48:00,1,209.49,,0,0,2,2
13829.0,,,,420 days 18:31:00,1,102.0,,0,0,1,1
13830.0,,,,581 days 00:26:00,1,156.85000000000002,,0,0,1,1
13831.0,41 days 22:38:17.647058,19 days 23:24:00,61 days 11:17:40,15 days 21:09:00,18,6585.54,3.0773768136096047,1,7,10,18
13832.0,403 days 00:55:00,,403 days 00:55:00,18 days 21:14:00,2,609.89,,0,1,5,6
13833.0,244 days 23:16:00,,244 days 23:16:00,158 days 23:23:00,2,700.4100000000001,,0,1,5,6
13834.0,92 days 21:35:00,,92 days 21:35:00,576 days 02:23:00,2,324.19,,0,1,3,4
13835.0,103 days 09:11:50,63 days 01:42:00,123 days 12:56:45,24 days 21:13:00,7,1095.27,1.9587407236132215,0,4,6,10
13836.0,15 days 00:04:00,,15 days 00:04:00,398 days 23:19:00,2,620.37,,0,1,5,6
13837.0,105 days 23:55:00,,105 days 23:55:00,211 days 00:40:00,2,266.59000000000003,,0,1,2,3
13838.0,63 days 18:35:33.333333,38 days 11:56:15,83 days 23:55:00,5 days 01:50:00,10,1690.07,2.1818755778033325,2,6,7,15
13839.0,,,,485 days 22:58:00,1,139.95000000000002,,0,0,1,1
13840.0,,,,415 days 23:16:00,1,651.4,,0,0,5,5
13841.0,,,,252 days 00:40:00,1,85.0,,0,0,1,1
13842.0,35 days 10:59:49.411764,30 days 17:43:30,39 days 15:41:00,58 days 01:59:00,18,5319.34,1.2900245122956837,5,7,9,21
13843.0,,,,380 days 19:02:00,1,319.75,,0,0,3,3
13844.0,,,,10 days 23:29:00,1,361.62,,0,0,3,3
13845.0,,,,64 days 04:25:00,1,312.98,,0,0,3,3
13846.0,125 days 00:46:40,39 days 06:20:00,167 days 22:00:00,24 days 00:43:00,4,1307.79,4.27661832331093,0,3,7,10
13847.0,,,,719 days 02:09:00,1,310.72,,0,0,3,3
13848.0,91 days 02:57:17.142857,85 days 21:52:40,95 days 00:45:45,91 days 23:52:00,8,3015.0,1.1061579520286255,6,5,9,20
13849.0,143 days 05:44:00,190 days 02:54:00,127 days 14:40:40,51 days 01:51:00,5,3469.2999999999997,0.6712129956338683,0,3,9,12
13850.0,,,,128 days 22:46:00,1,1595.48,,0,0,7,7
13851.0,83 days 10:23:08.571428,94 days 17:31:00,74 days 23:02:15,95 days 00:14:00,8,4606.46,0.79130165455865,8,5,9,22
13852.0,,,,610 days 03:44:00,1,187.35000000000002,,0,0,2,2
13853.0,,,,56 days 22:32:00,1,1090.14,,0,0,6,6
13854.0,18 days 04:59:25.263157,21 days 14:52:36.666666,15 days 03:17:33,8 days 03:44:00,39,11944.56,0.7001516808922049,9,8,10,27
13855.0,76 days 21:39:00,9 days 21:58:00,110 days 09:29:30,500 days 02:57:00,4,1310.3400000000001,11.13387729373862,0,3,7,10
13856.0,45 days 01:50:18,17 days 17:55:30,63 days 07:06:50,168 days 02:47:00,11,1142.03,3.566622970919502,1,6,6,13
13857.0,35 days 14:06:36,64 days 00:48:30,16 days 14:58:40,392 days 23:56:00,6,1001.01,0.2596145330058147,0,4,6,10
13858.0,,,,56 days 20:33:00,1,216.17,,0,0,2,2
13859.0,203 days 00:38:00,,203 days 00:38:00,325 days 20:36:00,2,515.86,,0,1,4,5
13860.0,21 days 06:52:30,34 days 05:07:00,16 days 23:27:40,0 days 23:53:00,5,1245.9,0.49622803634616813,0,3,7,10
13861.0,101 days 02:43:00,,101 days 02:43:00,428 days 22:30:00,2,273.26,,0,1,2,3
13862.0,46 days 09:20:07.500000,52 days 09:09:00,42 days 19:02:48,17 days 20:26:00,9,2556.09,0.8169642975513397,8,5,8,21
13863.0,115 days 07:03:40,51 days 00:03:00,147 days 10:34:00,247 days 02:30:00,4,1239.55,2.890867747777188,0,3,7,10
13864.0,,,,386 days 00:00:00,1,662.4000000000001,,0,0,5,5
13865.0,77 days 00:29:00,102 days 20:00:00,64 days 02:43:30,57 days 23:19:00,4,501.56,0.6234704213938411,0,3,4,7
13866.0,,,,73 days 21:56:00,1,145.67000000000002,,0,0,1,1
13867.0,93 days 11:10:00,,93 days 11:10:00,30 days 21:02:00,3,1005.0900000000001,,0,2,6,8
13868.0,31 days 03:47:00,,31 days 03:47:00,6 days 20:18:00,2,3192.54,,0,1,9,10
13869.0,63 days 02:33:20,59 days 18:07:30,65 days 18:54:00,122 days 22:57:00,10,7996.870000000001,1.1009500566547545,6,6,10,22
13870.0,47 days 15:31:04.285714,47 days 00:36:30,48 days 02:42:00,1 days 23:27:00,15,5712.08,1.0231184423294175,6,7,10,23
13871.0,43 days 13:21:15,69 days 03:21:00,23 days 15:48:06.666666,22 days 02:01:00,17,7885.85,0.3421832957794719,10,7,10,27
13872.0,99 days 02:49:30,,99 days 02:49:30,526 days 21:15:00,3,919.5699999999999,,0,2,6,8
13873.0,75 days 06:31:00,73 days 23:01:20,76 days 06:08:15,119 days 02:42:00,8,1038.92,1.0310504719815714,6,5,6,17
13874.0,52 days 11:56:50,36 days 22:45:00,60 days 06:32:45,357 days 18:30:00,7,2049.15,1.6312893525044638,0,4,8,12
13875.0,51 days 11:00:27.692307,36 days 16:06:10,64 days 03:12:42.857142,53 days 03:14:00,14,4814.37,1.7489001780543307,3,7,9,19
13876.0,,,,63 days 02:28:00,1,122.7,,0,0,1,1
13877.0,301 days 14:28:00,,301 days 14:28:00,85 days 21:01:00,3,449.68,,0,2,4,6
13878.0,183 days 07:29:40,28 days 22:17:00,260 days 12:06:00,54 days 00:31:00,4,2416.8999999999996,9.005113186259212,0,3,8,11
13879.0,,,,645 days 02:01:00,1,395.5,,0,0,3,3
13880.0,33 days 19:27:11.250000,46 days 06:51:51.428571,24 days 02:34:40,20 days 23:06:00,17,4293.86,0.5208356999305404,9,7,9,25
13881.0,15 days 06:48:47.142857,12 days 05:55:24,18 days 01:04:35.454545,3 days 00:00:00,43,45179.1,1.4734335999797756,4,8,10,22
13882.0,15 days 10:57:00,20 days 21:25:00,13 days 15:27:40,2 days 01:34:00,5,1191.13,0.6530718519749599,0,3,6,9
13883.0,51 days 11:31:21.428571,47 days 11:33:10,54 days 11:30:00,10 days 02:05:00,15,6560.02,1.147379941936286,6,7,10,23
13884.0,51 days 10:17:00,23 days 09:57:00,73 days 20:09:00,6 days 20:20:00,10,1825.03,3.1535723818845094,1,6,8,15
13885.0,11 days 06:15:00,,11 days 06:15:00,188 days 21:43:00,2,506.79999999999995,,0,1,4,5
13886.0,,,,70 days 23:33:00,1,243.56,,0,0,2,2
13887.0,,,,203 days 19:28:00,1,349.55,,0,0,3,3
13888.0,75 days 23:42:40,40 days 11:35:00,93 days 17:46:30,119 days 02:37:00,7,2001.5900000000001,2.315575949909941,0,4,8,12
13889.0,118 days 18:08:12,108 days 00:06:30,125 days 22:09:20,92 days 03:37:00,6,1991.23,1.165906346078214,0,4,8,12
13890.0,56 days 07:24:41.538461,113 days 18:54:20,7 days 00:59:17.142857,0 days 21:14:00,14,2927.38,0.061879875301538156,10,7,8,25
13891.0,101 days 23:57:30,,101 days 23:57:30,377 days 20:53:00,3,859.21,,0,2,5,7
13892.0,109 days 19:27:36,164 days 12:46:00,73 days 07:55:20,26 days 01:00:00,6,1267.6499999999999,0.4456890899830889,0,4,7,11
13893.0,,,,297 days 01:20:00,1,821.1,,0,0,5,5
13894.0,143 days 10:25:00,,143 days 10:25:00,23 days 03:06:00,3,564.62,,0,2,4,6
13895.0,141 days 15:09:36,285 days 22:34:00,45 days 10:13:20,27 days 19:53:00,6,4008.52,0.15886508287310708,0,4,9,13
13896.0,,,,625 days 03:55:00,1,388.55,,0,0,3,3
13897.0,313 days 12:21:00,,313 days 12:21:00,49 days 22:20:00,3,1160.72,,0,2,6,8
13898.0,85 days 18:46:00,,85 days 18:46:00,325 days 02:22:00,2,686.4000000000001,,0,1,5,6
13899.0,258 days 04:10:00,,258 days 04:10:00,15 days 23:10:00,2,388.52,,0,1,3,4
13900.0,88 days 05:56:00,117 days 12:31:00,68 days 17:32:40,182 days 17:24:00,6,1610.5900000000001,0.5848376873425476,0,4,7,11
13901.0,45 days 02:05:38.571428,30 days 13:02:30,55 days 23:53:00,71 days 22:02:00,15,5676.34,1.8332973341669982,3,7,10,20
13902.0,23 days 00:46:45,37 days 05:09:00,18 days 07:19:20,631 days 23:41:00,5,34095.259999999995,0.4918795523957031,0,3,10,13
13903.0,,,,399 days 19:06:00,1,165.45000000000002,,0,0,2,2
13904.0,257 days 02:23:00,,257 days 02:23:00,36 days 23:09:00,2,332.64,,0,1,3,4
13905.0,,,,732 days 01:09:00,1,312.65,,0,0,3,3
13906.0,,,,408 days 21:50:00,1,42.0,,0,0,1,1
13907.0,,,,691 days 00:28:00,1,136.8,,0,0,1,1
13908.0,65 days 15:55:00,61 days 22:20:00,67 days 12:42:30,79 days 01:01:00,4,2369.55,1.0904070419376541,0,3,8,11
13909.0,98 days 00:30:00,,98 days 00:30:00,422 days 19:28:00,2,282.84999999999997,,0,1,2,3
13911.0,31 days 02:29:03.157894,19 days 02:30:13.333333,41 days 21:40:00,56 days 21:07:00,20,4234.99,2.193366506188042,2,7,9,18
13912.0,,,,423 days 04:07:00,1,124.95,,0,0,1,1
13913.0,,,,506 days 02:39:00,1,42.22,,0,0,1,1
13914.0,24 days 18:07:00,,24 days 18:07:00,11 days 02:15:00,2,626.45,,0,1,5,6
13915.0,,,,393 days 21:33:00,1,70.80000000000001,,0,0,1,1
13916.0,70 days 15:59:20,120 days 03:38:00,45 days 22:10:00,463 days 02:46:00,4,1275.81,0.3822145672704574,0,3,7,10
13917.0,141 days 21:10:00,,141 days 21:10:00,49 days 02:54:00,2,272.03999999999996,,0,1,2,3
13918.0,203 days 18:20:00,,203 days 18:20:00,49 days 00:25:00,2,1212.84,,0,1,6,7
13919.0,160 days 09:38:00,116 days 02:23:00,182 days 13:15:30,58 days 22:26:00,4,1360.68,1.5723817613034818,0,3,7,10
13920.0,43 days 14:56:20,71 days 20:25:00,29 days 12:12:00,431 days 00:13:00,4,1774.68,0.4106896051804958,0,3,7,10
13921.0,106 days 09:24:20,180 days 23:21:00,69 days 02:26:00,401 days 20:18:00,4,730.7,0.3818327634966865,0,3,5,8
13922.0,57 days 22:01:00,,57 days 22:01:00,351 days 02:12:00,3,865.2,,0,2,5,7
13923.0,,,,53 days 00:17:00,1,351.13,,0,0,3,3
13924.0,14 days 03:42:24,20 days 09:20:00,9 days 23:57:20,1 days 03:11:00,6,1838.85,0.4903723887375114,0,4,8,12
13925.0,14 days 00:12:40,13 days 00:32:00,14 days 12:03:00,92 days 00:03:00,4,678.25,1.1136412116040955,0,3,5,8
13926.0,,,,22 days 23:34:00,1,223.85000000000002,,0,0,2,2
13927.0,362 days 19:48:00,,362 days 19:48:00,74 days 00:50:00,2,708.26,,0,1,5,6
13928.0,40 days 22:11:20,26 days 20:14:00,47 days 23:10:00,10 days 02:17:00,4,464.57000000000005,1.786878460185233,0,3,4,7
13929.0,52 days 12:48:06,33 days 12:42:15,65 days 04:52:00,168 days 21:24:00,11,3494.1,1.9446483956319351,2,6,9,17
13930.0,78 days 22:45:00,,78 days 22:45:00,57 days 03:05:00,2,337.34,,0,1,3,4
13931.0,64 days 02:22:36,69 days 18:31:45,60 days 07:36:30,95 days 02:38:00,11,5257.38,0.8644867835983747,7,6,9,22
13932.0,,,,294 days 00:48:00,1,307.4,,0,0,3,3
13933.0,39 days 00:28:00,,39 days 00:28:00,108 days 22:47:00,2,608.79,,0,1,4,5
13934.0,,,,263 days 04:11:00,1,922.1,,0,0,6,6
13935.0,27 days 21:40:00,,27 days 21:40:00,596 days 01:29:00,3,6116.92,,0,2,10,12
13936.0,117 days 09:13:00,,117 days 09:13:00,179 days 04:03:00,3,939.66,,0,2,6,8
13937.0,233 days 03:58:00,,233 days 03:58:00,168 days 20:15:00,2,880.13,,0,1,6,7
13938.0,,,,34 days 22:13:00,1,71.66,,0,0,1,1
13939.0,98 days 04:08:20,41 days 22:57:30,126 days 06:43:45,22 days 23:17:00,7,1560.96,3.0097860719162495,0,4,7,11
13940.0,42 days 07:43:20,27 days 20:42:00,49 days 13:14:00,16 days 21:35:00,4,839.14,1.7784258013060166,0,3,5,8
13941.0,50 days 02:58:04.285714,29 days 19:20:50,65 days 08:41:00,21 days 03:07:00,15,10027.18,2.1928977769148625,2,7,10,19
13942.0,,,,534 days 00:15:00,1,320.0,,0,0,3,3
13943.0,,,,577 days 01:20:00,1,246.54,,0,0,2,2
13944.0,,,,652 days 21:48:00,1,200.43,,0,0,2,2
13945.0,85 days 00:01:00,,85 days 00:01:00,394 days 02:50:00,2,854.15,,0,1,5,6
13946.0,131 days 05:17:12,179 days 14:37:00,98 days 23:04:00,78 days 23:17:00,6,1876.23,0.5509807181493753,0,4,8,12
13947.0,,,,64 days 22:08:00,1,90.6,,0,0,1,1
13948.0,124 days 23:21:20,87 days 00:02:00,143 days 23:01:00,360 days 02:32:00,4,548.76,1.654675053080251,0,3,4,7
13949.0,18 days 09:08:00,14 days 11:45:00,20 days 23:23:20,2 days 03:15:00,6,2427.32,1.4475597092419523,0,4,8,12
13950.0,78 days 09:05:00,173 days 03:23:00,30 days 23:56:00,10 days 22:06:00,4,745.06,0.17902881001752746,0,3,5,8
13951.0,59 days 00:41:00,,59 days 00:41:00,175 days 20:07:00,3,674.45,,0,2,5,7
13952.0,38 days 22:06:04.615384,25 days 20:10:10,50 days 03:11:08.571428,217 days 03:50:00,14,12823.520999999999,1.940091897567421,2,7,10,19
13953.0,65 days 13:22:21.818181,75 days 04:18:12,57 days 12:55:50,6 days 20:46:00,12,6640.68,0.7653538792750418,8,6,10,24
13954.0,69 days 01:58:00,,69 days 01:58:00,1 days 00:00:00,2,439.91999999999996,,0,1,4,5
13955.0,110 days 11:52:00,,110 days 11:52:00,153 days 19:31:00,3,544.0699999999999,,0,2,4,6
13956.0,66 days 12:07:15,28 days 03:13:00,79 days 07:05:20,4 days 23:30:00,5,1019.27,2.818486247212829,0,3,6,9
13957.0,120 days 11:45:00,,120 days 11:45:00,417 days 02:48:00,3,458.25,,0,2,4,6
13958.0,50 days 16:42:42.857142,47 days 22:56:40,52 days 18:02:15,379 days 02:39:00,8,4709.23,1.0999987932615727,6,5,9,20
13959.0,86 days 09:35:00,56 days 00:50:30,106 days 15:24:40,78 days 21:44:00,6,1064.77,1.903131925897927,0,4,6,10
13960.0,50 days 02:48:00,,50 days 02:48:00,20 days 21:23:00,2,230.22,,0,1,2,3
13961.0,,,,391 days 22:10:00,1,538.4,,0,0,4,4
13962.0,206 days 23:06:00,,206 days 23:06:00,21 days 04:03:00,3,362.8,,0,2,3,5
13963.0,18 days 01:23:56.250000,18 days 20:11:42.857142,17 days 10:46:46.666666,307 days 22:07:00,17,2860.57,0.9261035817043801,7,7,8,22
13964.0,43 days 01:15:00,,43 days 01:15:00,386 days 22:57:00,2,438.9,,0,1,4,5
13965.0,113 days 09:39:30,,113 days 09:39:30,476 days 02:10:00,3,996.61,,0,2,6,8
13966.0,,,,434 days 23:42:00,1,384.26,,0,0,3,3
13967.0,250 days 22:38:00,,250 days 22:38:00,145 days 00:48:00,2,166.3,,0,1,2,3
13968.0,,,,422 days 23:28:00,1,123.66,,0,0,1,1
13969.0,18 days 03:35:10.588235,14 days 21:25:00,21 days 01:04:13.333333,6 days 21:39:00,35,12973.460000000001,1.4131136499051837,4,8,10,22
13970.0,51 days 01:28:00,,51 days 01:28:00,385 days 23:29:00,2,846.55,,0,1,5,6
13971.0,51 days 02:01:09.230769,66 days 04:26:00,38 days 03:22:42.857142,18 days 00:44:00,14,4667.57,0.5762776140610245,9,7,9,25
13972.0,131 days 00:20:00,,131 days 00:20:00,70 days 00:56:00,2,190.25,,0,1,2,3
13973.0,,,,286 days 21:29:00,1,264.7,,0,0,2,2
13974.0,532 days 20:46:00,,532 days 20:46:00,48 days 22:09:00,2,677.72,,0,1,5,6
13975.0,58 days 13:06:00,56 days 10:13:00,60 days 07:30:10,30 days 23:31:00,12,5256.4,1.0688856616576208,6,6,9,21
13976.0,153 days 22:41:40,78 days 02:46:00,191 days 20:39:30,206 days 03:37:00,4,1192.3600000000001,2.4561234286933487,0,3,6,9
13977.0,,,,410 days 22:42:00,1,519.8100000000001,,0,0,4,4
13978.0,30 days 20:32:00,,30 days 20:32:00,14 days 01:14:00,2,196.79000000000002,,0,1,2,3
13979.0,110 days 12:35:00,78 days 12:43:30,126 days 12:30:45,72 days 23:18:00,7,3379.93,1.6111170064598284,0,4,9,13
13980.0,148 days 23:49:00,78 days 23:18:00,172 days 07:59:20,59 days 23:16:00,5,768.8199999999999,2.1822344161287863,0,3,5,8
13981.0,,,,415 days 02:47:00,1,331.14,,0,0,3,3
13982.0,81 days 03:17:30,50 days 16:07:00,99 days 09:59:48,38 days 20:26:00,9,3954.29,1.961980073183768,2,5,9,16
13983.0,35 days 01:03:39,40 days 10:18:20,30 days 15:18:54.545454,29 days 01:44:00,21,6753.89,0.7578181401774927,8,7,10,25
13984.0,64 days 04:26:05.454545,67 days 05:05:00,61 days 15:53:40,26 days 00:12:00,12,1893.8,0.9174321089700539,7,6,8,21
13985.0,31 days 15:00:28.571428,51 days 04:39:36,13 days 20:03:05.454545,3 days 19:44:00,22,10020.86,0.2702550055763099,10,7,10,27
13986.0,,,,16 days 21:50:00,1,320.46,,0,0,3,3
13987.0,21 days 00:26:00,,21 days 00:26:00,379 days 02:30:00,2,682.54,,0,1,5,6
13988.0,86 days 13:35:42.857142,141 days 15:32:40,45 days 06:08:00,19 days 02:35:00,8,4757.799999999999,0.31949378838341086,10,5,9,24
13989.0,124 days 11:23:30,76 days 00:15:00,140 days 15:06:20,65 days 03:03:00,5,2026.06,1.8501332358808034,0,3,8,11
13990.0,,,,212 days 21:31:00,1,311.3,,0,0,3,3
13991.0,26 days 05:28:00,45 days 12:10:30,13 days 08:59:40,11 days 20:32:00,6,852.88,0.2939038564739574,0,4,5,9
13992.0,216 days 11:09:30,,216 days 11:09:30,29 days 21:27:00,3,219.5,,0,2,2,4
13993.0,38 days 13:10:30,42 days 00:36:22.500000,35 days 18:25:48,42 days 03:44:00,19,6775.71,0.8511051760783754,8,7,10,25
13994.0,28 days 22:31:24,35 days 07:54:30,24 days 16:16:00,3 days 01:45:00,6,2274.14,0.6985031793924265,0,4,8,12
13995.0,54 days 07:30:41.538461,42 days 07:35:30,64 days 14:18:00,14 days 22:28:00,14,3902.0099999999998,1.526499331260103,4,7,9,20
13996.0,13 days 01:20:00,,13 days 01:20:00,385 days 20:23:00,2,895.76,,0,1,6,7
13997.0,15 days 12:16:30,,15 days 12:16:30,518 days 18:44:00,3,376.46000000000004,,0,2,3,5
13998.0,64 days 22:31:00,,64 days 22:31:00,446 days 02:30:00,3,566.7,,0,2,4,6
13999.0,25 days 20:36:21.428571,21 days 11:14:41.538461,29 days 15:55:08,9 days 23:10:00,29,9502.26,1.3817098002530401,4,8,10,22
14000.0,131 days 13:45:00,141 days 02:09:00,128 days 09:37:00,210 days 20:00:00,5,2046.3400000000001,0.9100650197618732,0,3,8,11
14001.0,55 days 23:42:45,17 days 07:47:00,79 days 04:28:12,45 days 02:19:00,9,4228.85,4.570818134445023,1,5,9,15
14002.0,22 days 00:56:00,,22 days 00:56:00,133 days 20:55:00,2,529.73,,0,1,4,5
14003.0,,,,732 days 03:57:00,1,209.41,,0,0,2,2
14004.0,39 days 05:18:06,36 days 17:57:15,40 days 20:52:00,42 days 22:10:00,11,6258.45,1.1121515195895477,6,6,10,22
14005.0,51 days 12:32:00,39 days 21:36:00,55 days 09:30:40,9 days 00:09:00,5,2874.7200000000003,1.388378353290634,0,3,8,11
14006.0,89 days 11:59:00,46 days 00:37:00,111 days 05:40:00,115 days 03:11:00,7,2196.67,2.4168263500158425,0,4,8,12
14007.0,,,,512 days 03:44:00,1,79.48,,0,0,1,1
14008.0,,,,431 days 23:41:00,1,509.04,,0,0,4,4
14009.0,132 days 01:49:30,,132 days 01:49:30,197 days 21:03:00,3,1099.91,,0,2,6,8
14010.0,0 days 00:14:00,,0 days 00:14:00,564 days 23:50:00,2,445.15,,0,1,4,5
14011.0,127 days 01:51:00,,127 days 01:51:00,479 days 21:19:00,2,457.82,,0,1,4,5
14012.0,,,,277 days 00:24:00,1,328.8,,0,0,3,3
14013.0,128 days 07:14:45,243 days 06:14:00,89 days 23:35:00,109 days 21:49:00,5,1084.57,0.36990356671824237,0,3,6,9
14014.0,249 days 14:07:00,,249 days 14:07:00,76 days 23:32:00,3,1948.2099999999998,,0,2,8,10
14015.0,,,,52 days 02:48:00,1,917.34,,0,0,6,6
14016.0,53 days 21:19:42,44 days 22:52:30,59 days 20:17:50,161 days 01:21:00,11,11403.41,1.3312915974716462,4,6,10,20
14017.0,,,,570 days 21:58:00,1,229.75,,0,0,2,2
14018.0,,,,644 days 22:27:00,1,367.15000000000003,,0,0,3,3
14019.0,45 days 21:17:00,,45 days 21:17:00,46 days 02:37:00,3,1421.61,,0,2,7,9
14020.0,170 days 21:57:40,52 days 21:40:00,229 days 22:06:30,16 days 03:28:00,4,1249.01,4.346107902336572,0,3,7,10
14021.0,72 days 20:44:00,85 days 00:49:30,66 days 18:41:15,154 days 21:04:00,7,1716.5800000000002,0.785313537417466,0,4,7,11
14022.0,261 days 05:01:00,,261 days 05:01:00,224 days 22:11:00,2,792.1500000000001,,0,1,5,6
14023.0,242 days 22:08:00,,242 days 22:08:00,6 days 22:52:00,2,584.0699999999999,,0,1,4,5
14024.0,134 days 12:19:30,,134 days 12:19:30,121 days 01:20:00,3,645.74,,0,2,5,7
14025.0,17 days 00:02:08.571428,12 days 01:21:00,20 days 17:03:00,464 days 02:39:00,8,4057.9,1.7178157940210816,3,5,9,17
14026.0,154 days 20:21:00,,154 days 20:21:00,470 days 02:19:00,2,713.11,,0,1,5,6
14027.0,,,,60 days 03:49:00,1,104.82,,0,0,1,1
14028.0,0 days 00:45:30,,0 days 00:45:30,549 days 23:17:00,3,10396.5,,0,2,10,12
14029.0,80 days 21:49:00,,80 days 21:49:00,62 days 22:04:00,2,467.65999999999997,,0,1,4,5
14030.0,37 days 10:04:15.789473,37 days 05:21:20,37 days 14:18:54,17 days 20:02:00,20,7521.8,1.0100289793786223,6,7,10,23
14031.0,16 days 22:55:18.139534,14 days 16:01:51.428571,19 days 03:19:02.727272,6 days 19:37:00,44,39019.51,1.3047643144325687,5,8,10,23
14032.0,48 days 05:01:24,64 days 06:31:42.857142,34 days 03:42:22.500000,1 days 21:27:00,16,4546.41,0.5314042573882295,9,7,9,25
14033.0,,,,554 days 21:40:00,1,109.44,,0,0,1,1
14034.0,67 days 12:28:00,,67 days 12:28:00,21 days 22:48:00,3,648.89,,0,2,5,7
14035.0,72 days 23:40:30,68 days 15:10:20,75 days 14:22:36,28 days 02:47:00,9,2794.75,1.101509995244375,6,5,8,19
14036.0,,,,284 days 03:24:00,1,626.65,,0,0,5,5
14037.0,111 days 05:15:36,43 days 23:16:00,156 days 01:15:20,175 days 22:53:00,6,836.95,3.549108176974751,0,4,5,9
14038.0,148 days 19:10:15,276 days 05:56:00,106 days 07:35:00,77 days 23:13:00,5,3069.88,0.3848580679544289,0,3,9,12
14039.0,542 days 03:33:00,,542 days 03:33:00,32 days 23:02:00,2,267.28,,0,1,2,3
14040.0,20 days 12:43:10.588235,17 days 01:45:26.250000,23 days 14:27:50,40 days 00:08:00,35,12523.81,1.3824376049168672,4,8,10,22
14041.0,,,,265 days 23:25:00,1,141.41,,0,0,1,1
14042.0,,,,724 days 21:43:00,1,431.98,,0,0,4,4
14043.0,238 days 02:22:00,,238 days 02:22:00,490 days 18:32:00,2,302.6,,0,1,3,4
14044.0,73 days 02:19:00,66 days 11:27:00,78 days 09:24:36,26 days 00:45:00,10,3077.7000000000003,1.1792346986743552,5,6,9,20
14045.0,39 days 09:57:16,29 days 21:38:08.571428,47 days 17:44:00,108 days 21:23:00,16,10986.63,1.5965388992296345,3,7,10,20
14046.0,,,,283 days 22:02:00,1,154.99,,0,0,1,1
14047.0,47 days 17:15:34.285714,46 days 00:07:10,49 days 00:06:52.500000,8 days 01:07:00,15,4402.11,1.0652059333355137,6,7,9,22
14048.0,38 days 12:22:30,,38 days 12:22:30,304 days 21:57:00,3,748.69,,0,2,5,7
14049.0,50 days 01:47:20,36 days 04:26:24,59 days 23:53:42.857142,16 days 00:30:00,13,13023.4,1.6580250081698218,3,7,10,20
14050.0,74 days 20:14:00,,74 days 20:14:00,31 days 02:50:00,2,746.36,,0,1,5,6
14051.0,20 days 10:37:25,24 days 18:32:42.352941,16 days 13:38:28.421052,0 days 02:30:00,37,21770.98,0.6688159222596176,9,8,10,27
14052.0,371 days 00:53:00,,371 days 00:53:00,19 days 00:20:00,2,466.66,,0,1,4,5
14053.0,120 days 17:08:20,89 days 03:48:00,136 days 11:48:30,123 days 22:23:00,4,572.3,1.530894631897062,0,3,4,7
14054.0,,,,64 days 21:01:00,1,92.46,,0,0,1,1
14055.0,308 days 11:56:30,,308 days 11:56:30,105 days 21:46:00,3,1520.96,,0,2,7,9
14056.0,12 days 20:38:57.272727,10 days 00:09:30,15 days 05:43:30,0 days 23:14:00,23,8152.71,1.5228495090044762,4,7,10,21
14057.0,33 days 22:43:34.285714,49 days 16:18:54,19 days 15:27:49.090909,23 days 02:18:00,22,8346.66,0.3954186908355687,10,7,10,27
14058.0,67 days 22:02:00,,67 days 22:02:00,462 days 03:19:00,2,469.19000000000005,,0,1,4,5
14059.0,,,,266 days 02:44:00,1,183.6,,0,0,2,2
14060.0,21 days 20:46:57.931034,21 days 19:10:55.714285,21 days 22:16:36,4 days 00:21:00,30,8898.24,1.0059148116042798,6,8,10,24
14061.0,115 days 11:39:30,,115 days 11:39:30,506 days 19:28:00,3,917.4300000000001,,0,2,6,8
14062.0,31 days 07:06:46.956521,32 days 06:13:49.090909,30 days 09:55:20,9 days 02:46:00,24,25585.65,0.9427714458674155,7,7,10,24
14063.0,36 days 15:19:00,4 days 16:09:40,55 days 19:36:36,437 days 20:32:00,9,22710.2,11.94362276487196,1,5,10,16
14064.0,46 days 23:59:25.714285,35 days 00:47:30,55 days 23:23:22.500000,28 days 23:36:00,15,3260.24,1.5977674810446503,3,7,9,19
14065.0,21 days 02:05:00,,21 days 02:05:00,388 days 20:37:00,3,891.02,,0,2,6,8
14066.0,,,,266 days 00:29:00,1,152.55,,0,0,1,1
14067.0,32 days 22:21:00,,32 days 22:21:00,63 days 02:29:00,2,374.7,,0,1,3,4
14068.0,119 days 01:57:20,28 days 04:55:00,164 days 12:28:30,319 days 20:48:00,4,1516.72,5.833029668841561,0,3,7,10
14069.0,46 days 23:42:00,,46 days 23:42:00,514 days 00:38:00,2,225.81,,0,1,2,3
14070.0,,,,684 days 00:23:00,1,321.6,,0,0,3,3
14071.0,37 days 06:59:08.571428,74 days 01:44:00,9 days 16:55:30,3 days 00:23:00,8,1437.57,0.13102358808970224,10,5,7,22
14072.0,,,,666 days 00:19:00,1,390.85,,0,0,3,3
14073.0,,,,31 days 21:01:00,1,151.04,,0,0,1,1
14074.0,,,,622 days 22:55:00,1,219.39999999999998,,0,0,2,2
14075.0,107 days 08:22:12,68 days 23:14:00,132 days 22:27:40,4 days 04:12:00,6,1734.87,1.9274993119466204,0,4,7,11
14076.0,,,,128 days 21:31:00,1,118.67,,0,0,1,1
14077.0,70 days 23:18:48,84 days 23:01:30,61 days 15:30:20,40 days 00:15:00,6,615.0799999999999,0.7255946128936896,0,4,5,9
14078.0,64 days 23:38:52.500000,82 days 15:16:20,54 days 09:28:24,101 days 00:34:00,9,1553.47,0.6582421307099098,9,5,7,21
14079.0,557 days 18:51:00,,557 days 18:51:00,124 days 00:40:00,2,618.73,,0,1,5,6
14080.0,140 days 23:13:36,54 days 10:15:30,198 days 15:52:20,32 days 01:41:00,6,1491.11,3.6500224347319423,0,4,7,11
14081.0,47 days 10:25:33.333333,18 days 11:40:45,70 days 14:13:24,301 days 20:33:00,10,4867.57,3.818577613327949,1,6,9,16
14082.0,27 days 23:15:00,,27 days 23:15:00,364 days 01:48:00,2,413.36,,0,1,4,5
14083.0,71 days 16:58:00,91 days 18:58:00,58 days 07:38:00,3 days 23:36:00,11,1082.19,0.6353402230325773,9,6,6,21
14084.0,,,,511 days 22:14:00,1,150.5,,0,0,1,1
14085.0,22 days 18:45:09.375000,24 days 04:43:52,21 days 12:46:17.647058,1 days 23:04:00,33,9720.67,0.8898637574943845,7,8,10,25
14086.0,,,,462 days 01:58:00,1,39.95,,0,0,1,1
14087.0,366 days 10:37:00,,366 days 10:37:00,2 days 00:09:00,3,829.47,,0,2,5,7
14088.0,27 days 09:22:00,39 days 16:31:00,16 days 15:06:37.500000,9 days 20:34:00,16,64036.8,0.41900622911235147,10,7,10,27
14089.0,,,,56 days 02:12:00,1,158.75,,0,0,1,1
14090.0,,,,324 days 01:59:00,1,76.32000000000001,,0,0,1,1
14091.0,44 days 01:36:00,,44 days 01:36:00,653 days 21:33:00,2,9530.08,,0,1,10,11
14092.0,31 days 02:56:54.782608,33 days 16:58:49.090909,28 days 18:05:10,7 days 00:37:00,24,7229.450000000001,0.8530320312202746,8,7,10,25
14093.0,,,,11 days 20:23:00,1,433.86,,0,0,4,4
14094.0,,,,439 days 00:52:00,1,311.77,,0,0,3,3
14095.0,,,,722 days 00:01:00,1,2.95,,0,0,1,1
14096.0,6 days 01:54:15,5 days 21:29:00,6 days 05:20:33.333333,3 days 19:33:00,17,65164.79,1.0555490111379433,6,7,10,23
14097.0,164 days 03:34:00,,164 days 03:34:00,480 days 22:30:00,2,422.86,,0,1,4,5
14098.0,,,,36 days 02:37:00,1,147.35,,0,0,1,1
14099.0,37 days 12:44:06.315789,41 days 15:55:26.666666,33 days 19:27:54,15 days 22:57:00,20,5750.91,0.8115266159098767,8,7,10,25
14100.0,,,,137 days 01:49:00,1,191.95000000000002,,0,0,2,2
14101.0,45 days 15:54:20,42 days 19:55:00,47 days 16:28:08.571428,73 days 00:22:00,13,9961.93,1.1133869940354006,6,7,10,23
14102.0,9 days 18:43:00,7 days 01:00:00,10 days 16:37:20,4 days 21:12:00,5,1105.88,1.518474687705457,0,3,6,9
14104.0,101 days 11:09:45,11 days 21:58:00,131 days 07:33:40,154 days 00:00:00,5,743.53,11.020728911683568,0,3,5,8
14105.0,120 days 12:15:15,110 days 20:35:00,123 days 17:28:40,238 days 18:52:00,5,5988.83,1.116100270408536,0,3,10,13
14106.0,,,,736 days 22:41:00,1,214.79999999999998,,0,0,2,2
14107.0,67 days 21:23:12,91 days 11:47:15,52 days 03:47:10,51 days 00:38:00,11,4877.3,0.570085270597046,9,6,9,24
14108.0,235 days 21:31:20,6 days 21:18:00,350 days 09:38:00,30 days 02:09:00,4,1044.96,50.8749747933051,0,3,6,9
14109.0,,,,72 days 02:32:00,1,144.2,,0,0,1,1
14110.0,22 days 23:19:52.500000,15 days 09:34:28,29 days 15:42:17.647058,3 days 00:24:00,33,12987.95,1.9257416541081784,2,8,10,20
14111.0,75 days 16:42:40,135 days 03:15:00,45 days 23:26:30,13 days 23:06:00,4,692.85,0.34022713841568386,0,3,5,8
14112.0,52 days 15:51:10,40 days 14:17:00,61 days 06:41:17.142857,22 days 00:20:00,13,5834.59,1.5095075989921367,4,7,10,21
14113.0,48 days 13:06:24,41 days 01:32:34.285714,55 days 02:13:30,3 days 00:32:00,16,7092.610000000001,1.341621006551972,4,7,10,21
14114.0,55 days 11:45:50,80 days 14:23:30,42 days 22:27:00,273 days 03:08:00,7,1364.09,0.5326997721075101,0,4,7,11
14115.0,165 days 00:52:00,,165 days 00:52:00,501 days 00:14:00,2,622.6700000000001,,0,1,5,6
14116.0,25 days 11:26:15,28 days 21:07:00,24 days 08:12:40,19 days 02:21:00,5,1382.74,0.8428755781053374,0,3,7,10
14117.0,,,,143 days 03:01:00,1,90.0,,0,0,1,1
14118.0,,,,428 days 00:51:00,1,458.45,,0,0,4,4
14119.0,342 days 19:41:00,,342 days 19:41:00,375 days 02:17:00,2,183.37,,0,1,2,3
14121.0,18 days 16:33:20,29 days 23:57:00,13 days 00:51:30,3 days 00:31:00,4,2780.15,0.4345556404379934,0,3,8,11
14122.0,165 days 12:24:30,,165 days 12:24:30,405 days 21:39:00,3,362.42,,0,2,3,5
14123.0,,,,732 days 21:15:00,1,436.18,,0,0,4,4
14124.0,,,,83 days 23:18:00,1,419.58000000000004,,0,0,4,4
14125.0,33 days 22:33:30,,33 days 22:33:30,10 days 00:03:00,3,2720.63,,0,2,8,10
14126.0,145 days 14:58:00,433 days 21:30:00,1 days 11:42:00,7 days 01:05:00,4,1172.46,0.0034282421856244296,0,3,6,9
14127.0,60 days 14:11:12,22 days 14:31:30,85 days 21:57:40,122 days 02:01:00,6,1900.08,3.8006748280929195,0,4,8,12
14128.0,245 days 10:57:30,,245 days 10:57:30,60 days 00:50:00,3,924.21,,0,2,6,8
14129.0,72 days 05:31:00,59 days 22:21:40,79 days 14:36:36,1 days 01:48:00,9,2591.34,1.328324288831811,4,5,8,17
14130.0,136 days 07:50:40,310 days 20:21:00,49 days 01:35:30,318 days 20:45:00,4,1858.77,0.15784670513671165,0,3,8,11
14131.0,,,,648 days 00:51:00,1,168.22,,0,0,2,2
14132.0,18 days 02:33:06,17 days 11:58:45,18 days 12:16:00,1 days 23:15:00,11,3586.0299999999997,1.057830249516345,6,6,9,21
14133.0,201 days 07:48:00,417 days 23:17:00,93 days 00:03:30,129 days 01:16:00,4,911.14,0.22250974866957868,0,3,6,9
14134.0,24 days 19:04:21.428571,26 days 08:43:40,23 days 14:49:52.500000,382 days 00:24:00,15,11123.35,0.895853271988129,7,7,10,24
14135.0,32 days 00:06:57.391304,34 days 21:56:21.818181,29 days 08:06:40,1 days 01:12:00,24,8839.67,0.8402888278125622,8,7,10,25
14136.0,82 days 18:38:30,38 days 01:10:00,97 days 16:28:00,400 days 00:57:00,5,1570.8100000000002,2.5674028107318856,0,3,7,10
14137.0,,,,695 days 00:20:00,1,332.7,,0,0,3,3
14138.0,62 days 03:06:00,,62 days 03:06:00,1 days 00:06:00,2,965.8800000000001,,0,1,6,7
14139.0,165 days 09:25:40,16 days 04:16:00,240 days 00:00:30,45 days 23:16:00,4,1086.8,14.835186298076923,0,3,6,9
14140.0,27 days 21:45:00,,27 days 21:45:00,3 days 03:45:00,2,935.05,,0,1,6,7
14141.0,34 days 06:24:20,31 days 20:58:00,35 days 11:07:30,2 days 02:57:00,4,915.1300000000001,1.1126301799642686,0,3,6,9
14142.0,273 days 01:20:00,,273 days 01:20:00,372 days 20:17:00,2,671.34,,0,1,5,6
14143.0,,,,133 days 03:02:00,1,115.8,,0,0,1,1
14144.0,,,,485 days 21:33:00,1,30.599999999999998,,0,0,1,1
14145.0,94 days 00:23:50,75 days 12:03:00,103 days 06:34:15,46 days 00:40:00,7,7600.049999999999,1.3678269547381878,0,4,10,14
14146.0,62 days 10:23:05.454545,49 days 23:52:36,72 days 19:08:30,8 days 02:32:00,12,9450.3,1.4561010437183821,4,6,10,20
14147.0,70 days 06:33:22.500000,67 days 14:30:00,71 days 20:59:24,77 days 18:40:00,9,2590.2000000000003,1.0631679506933744,6,5,8,19
14148.0,180 days 21:54:00,,180 days 21:54:00,233 days 00:48:00,2,466.29,,0,1,4,5
14149.0,,,,220 days 03:06:00,1,446.62,,0,0,4,4
14150.0,324 days 00:01:00,,324 days 00:01:00,35 days 02:45:00,2,658.6400000000001,,0,1,5,6
14151.0,43 days 04:41:00,,43 days 04:41:00,672 days 21:15:00,2,679.45,,0,1,5,6
14152.0,83 days 10:08:08.571428,71 days 14:38:00,92 days 06:45:45,74 days 23:56:00,8,2386.02,1.2886765647122713,5,5,8,18
14153.0,,,,482 days 22:15:00,1,233.4,,0,0,2,2
14154.0,65 days 03:57:00,90 days 17:17:00,45 days 23:57:00,238 days 20:24:00,8,6460.7,0.5070309330434716,9,5,10,24
14155.0,,,,265 days 22:37:00,1,118.75,,0,0,1,1
14156.0,4 days 16:52:01.548387,3 days 22:07:49.090909,5 days 11:21:49.230769,9 days 01:56:00,156,313437.62,1.395551389772504,4,10,10,24
14157.0,156 days 16:40:45,228 days 22:59:00,132 days 14:34:40,19 days 01:18:00,5,978.69,0.5791787863071064,0,3,6,9
14158.0,,,,39 days 21:42:00,1,507.66,,0,0,4,4
14159.0,37 days 17:41:18.947368,41 days 13:11:46.666666,34 days 07:19:54,19 days 00:14:00,20,7860.8,0.8256465349147101,8,7,10,25
14160.0,14 days 16:24:00,14 days 22:36:30,14 days 13:17:45,609 days 22:20:00,7,8421.470000000001,0.9740315571770501,0,4,10,14
14161.0,85 days 03:59:10,119 days 00:12:30,68 days 05:52:30,215 days 01:09:00,7,2996.93,0.5734438139141345,0,4,9,13
14162.0,118 days 23:04:00,,118 days 23:04:00,173 days 01:14:00,2,289.36,,0,1,3,4
14163.0,93 days 17:30:45,223 days 00:18:00,50 days 15:15:00,86 days 21:32:00,5,2594.62,0.2270519216037965,0,3,8,11
14164.0,10 days 00:06:00,,10 days 00:06:00,70 days 00:26:00,2,1631.77,,0,1,7,8
14165.0,,,,275 days 00:11:00,1,120.44,,0,0,1,1
14166.0,121 days 04:32:00,,121 days 04:32:00,504 days 17:08:00,2,251.15,,0,1,2,3
14167.0,91 days 16:54:34.285714,72 days 08:22:40,106 days 05:18:30,38 days 22:21:00,8,1274.29,1.4681760881528598,4,5,7,16
14168.0,143 days 22:21:00,,143 days 22:21:00,420 days 02:01:00,2,370.45,,0,1,3,4
14169.0,13 days 19:06:00,,13 days 19:06:00,430 days 04:05:00,2,621.51,,0,1,5,6
14170.0,9 days 23:32:00,,9 days 23:32:00,374 days 23:40:00,3,570.18,,0,2,4,6
14171.0,632 days 02:53:00,,632 days 02:53:00,97 days 20:07:00,2,498.79,,0,1,4,5
14172.0,18 days 13:14:00,,18 days 13:14:00,604 days 23:24:00,3,369.02,,0,2,3,5
14173.0,143 days 23:49:36,255 days 12:38:30,69 days 15:17:00,10 days 00:56:00,6,586.0,0.27252258067146157,0,4,4,8
14174.0,,,,32 days 23:33:00,1,134.46,,0,0,1,1
14175.0,81 days 03:36:00,54 days 08:40:40,101 days 05:47:30,59 days 00:55:00,8,7678.88,1.8623691673550729,3,5,10,18
14176.0,20 days 23:57:45,13 days 22:24:00,23 days 08:29:00,296 days 23:38:00,5,756.46,1.6760865231259967,0,3,5,8
14177.0,47 days 02:16:00,14 days 09:45:00,70 days 10:38:08.571428,85 days 21:39:00,13,2209.69,4.889763454188158,1,7,8,16
14178.0,28 days 23:51:40,42 days 00:55:30,22 days 11:19:45,8 days 00:49:00,7,1600.26,0.5345582344244286,0,4,7,11
14179.0,11 days 22:07:00,,11 days 22:07:00,40 days 00:43:00,2,701.57,,0,1,5,6
14180.0,16 days 19:22:30,16 days 04:31:36,17 days 08:28:35.294117,10 days 01:54:00,33,6117.5,1.0719379294121096,6,8,10,24
14181.0,151 days 19:55:00,,151 days 19:55:00,410 days 04:23:00,2,308.35,,0,1,3,4
14182.0,50 days 22:43:00,67 days 01:06:00,42 days 21:31:30,443 days 01:05:00,4,678.77,0.6398141818407805,0,3,5,8
14183.0,69 days 23:09:00,,69 days 23:09:00,410 days 22:05:00,2,278.34000000000003,,0,1,2,3
14184.0,,,,66 days 00:07:00,1,452.89,,0,0,4,4
14185.0,,,,330 days 22:58:00,1,197.65,,0,0,2,2
14186.0,54 days 06:33:15,52 days 01:40:00,55 days 00:11:00,426 days 23:20:00,5,1550.63,1.0564283809015738,0,3,7,10
14187.0,,,,473 days 00:44:00,1,123.5,,0,0,1,1
14188.0,55 days 23:47:48,78 days 01:04:00,41 days 06:57:00,30 days 00:05:00,6,2054.36,0.5290521782460137,0,4,8,12
14189.0,25 days 18:01:48,26 days 20:35:51.428571,24 days 18:47:00,1 days 20:55:00,16,5503.15,0.922720338638893,7,7,10,24
14190.0,,,,665 days 22:23:00,1,79.9,,0,0,1,1
14191.0,51 days 22:11:04.285714,99 days 04:38:40,16 days 11:20:22.500000,1 days 03:27:00,15,4817.66,0.16606410262393936,10,7,9,26
14192.0,,,,387 days 19:06:00,1,293.74,,0,0,3,3
14193.0,164 days 10:31:30,,164 days 10:31:30,67 days 03:16:00,3,1210.19,,0,2,6,8
14194.0,19 days 09:17:16.666666,25 days 15:34:07.058823,13 days 18:49:34.736842,4 days 02:12:00,37,19450.94,0.5374320604340224,9,8,10,27
14195.0,86 days 13:03:24,26 days 09:46:00,126 days 15:15:00,201 days 02:21:00,6,2615.6,4.795534634197654,0,4,8,12
14196.0,,,,106 days 02:25:00,1,335.52,,0,0,3,3
14197.0,,,,410 days 02:49:00,1,390.05,,0,0,3,3
14198.0,85 days 15:48:30,75 days 08:00:00,91 days 20:29:36,17 days 20:15:00,9,1569.73,1.2192994100294985,5,5,7,17
14199.0,104 days 00:30:20,10 days 00:37:00,151 days 00:27:00,217 days 23:06:00,4,1091.6999999999998,15.063171018909745,0,3,6,9
14200.0,,,,616 days 23:49:00,1,379.2,,0,0,3,3
14201.0,58 days 16:03:00,88 days 12:14:15,34 days 19:06:00,59 days 23:23:00,10,1193.54,0.39312929933682084,10,6,6,22
14202.0,121 days 15:18:30,,121 days 15:18:30,380 days 19:37:00,3,847.76,,0,2,5,7
14203.0,,,,396 days 23:15:00,1,339.34,,0,0,3,3
14204.0,245 days 00:04:00,201 days 02:38:00,266 days 22:47:00,1 days 23:12:00,4,1024.83,1.327381404567711,0,3,6,9
14205.0,78 days 05:49:22.500000,44 days 07:49:20,98 days 14:13:24,16 days 01:55:00,9,2414.2,2.2242657503342245,2,5,8,15
14206.0,81 days 14:30:30,,81 days 14:30:30,238 days 20:12:00,3,1185.0099999999998,,0,2,6,8
14207.0,,,,687 days 03:17:00,1,157.8,,0,0,1,1
14208.0,456 days 23:37:00,,456 days 23:37:00,94 days 00:02:00,2,567.05,,0,1,4,5
14209.0,48 days 06:50:42.857142,42 days 08:39:10,52 days 17:29:22.500000,10 days 02:32:00,15,4993.27,1.244760857388762,5,7,9,21
14210.0,39 days 19:21:16,33 days 03:22:08.571428,45 days 15:20:30,105 days 00:14:00,16,5556.57,1.3771489724748673,4,7,10,21
14211.0,39 days 19:47:56.470588,39 days 21:00:45,39 days 18:43:13.333333,52 days 23:27:00,18,4402.29,0.997604911503536,6,7,9,22
14212.0,356 days 00:57:00,,356 days 00:57:00,89 days 00:05:00,2,2190.14,,0,1,8,9
14213.0,,,,404 days 02:13:00,1,1192.2,,0,0,6,6
14214.0,61 days 17:31:15,107 days 01:33:00,46 days 14:50:40,30 days 02:19:00,5,1004.38,0.4354242744622383,0,3,6,9
14215.0,90 days 00:20:30,121 days 01:59:40,71 days 08:57:00,11 days 00:31:00,9,3250.33,0.5894539830503615,9,5,9,23
14216.0,102 days 17:57:15,376 days 19:44:00,11 days 09:21:40,2 days 21:54:00,5,2150.04,0.030226578011047552,0,3,8,11
14217.0,23 days 21:46:19.090909,26 days 07:09:24,21 days 21:57:05,1 days 00:57:00,23,3298.59,0.8333135284248848,8,7,9,24
14218.0,,,,42 days 02:50:00,1,169.48000000000002,,0,0,2,2
14219.0,244 days 12:50:30,,244 days 12:50:30,3 days 20:27:00,3,633.8299999999999,,0,2,5,7
14220.0,107 days 07:59:00,2 days 00:03:00,159 days 23:57:00,246 days 23:27:00,4,1515.0,79.91571279916754,0,3,7,10
14221.0,35 days 14:58:15,23 days 06:55:51.428571,45 days 05:13:26.666666,41 days 23:08:00,17,6517.49,1.9416066858549288,2,7,10,19
14222.0,,,,176 days 20:08:00,1,683.17,,0,0,5,5
14223.0,85 days 22:48:00,,85 days 22:48:00,91 days 23:12:00,3,991.13,,0,2,6,8
14224.0,54 days 05:57:15,33 days 07:52:40,66 days 19:12:00,109 days 23:26:00,9,1841.71,2.004306213449277,2,5,8,15
14225.0,87 days 06:30:00,126 days 02:23:00,67 days 20:33:30,434 days 02:18:00,4,2031.07,0.5381203086191989,0,3,8,11
14226.0,82 days 13:48:24,115 days 11:52:00,60 days 15:06:00,28 days 01:16:00,6,2985.13,0.5249531001972196,0,4,9,13
14227.0,45 days 22:43:34.285714,70 days 16:45:40,27 days 09:12:00,25 days 21:02:00,15,6368.71,0.3873261802715631,10,7,10,27
14228.0,54 days 10:38:00,,54 days 10:38:00,437 days 03:05:00,3,745.5,,0,2,5,7
14229.0,59 days 23:45:17.142857,22 days 16:25:40,87 days 23:15:00,51 days 02:46:00,8,3379.1099999999997,3.877924834433707,1,5,9,15
14230.0,56 days 09:35:30,,56 days 09:35:30,435 days 03:43:00,3,979.8,,0,2,6,8
14231.0,89 days 00:24:20,162 days 02:03:00,52 days 11:35:00,183 days 01:45:00,4,1235.62,0.3237961808545734,0,3,7,10
14232.0,55 days 11:36:15,77 days 20:28:00,48 days 00:39:00,42 days 01:41:00,5,2048.07,0.6168962072287437,0,3,8,11
14233.0,99 days 03:53:10,89 days 11:14:00,104 days 00:12:45,48 days 20:56:00,7,2904.27,1.1625250322119938,0,4,8,12
14234.0,11 days 17:18:20,12 days 01:41:00,11 days 13:07:00,21 days 18:57:00,4,754.12,0.9566192969334331,0,3,5,8
14235.0,68 days 00:07:37.500000,40 days 09:16:00,84 days 13:50:36,74 days 22:13:00,9,4717.990000000001,2.0942052410757275,2,5,9,16
14236.0,106 days 04:41:30,34 days 20:13:00,129 days 23:31:00,80 days 03:37:00,5,1555.3400000000001,3.730512427002571,0,3,7,10
14237.0,217 days 03:16:00,,217 days 03:16:00,372 days 23:30:00,2,471.14,,0,1,4,5
14238.0,204 days 01:51:00,,204 days 01:51:00,325 days 22:10:00,3,434.23,,0,2,4,6
14239.0,34 days 13:18:12,33 days 16:16:06.666666,35 days 06:30:49.090909,42 days 22:10:00,21,4263.17,1.0473173419093278,6,7,9,22
14240.0,196 days 12:28:30,,196 days 12:28:30,29 days 23:05:00,3,1247.49,,0,2,7,9
14241.0,512 days 20:35:00,,512 days 20:35:00,183 days 01:04:00,2,333.70000000000005,,0,1,3,4
14242.0,91 days 02:53:00,,91 days 02:53:00,234 days 01:04:00,2,280.54999999999995,,0,1,2,3
14243.0,29 days 05:50:41.250000,15 days 19:50:25.714285,39 days 16:17:33.333333,8 days 01:38:00,17,7217.75,2.507085611685726,2,7,10,19
14244.0,,,,660 days 01:10:00,1,366.41999999999996,,0,0,3,3
14245.0,43 days 21:59:00,,43 days 21:59:00,219 days 04:10:00,2,1693.45,,0,1,7,8
14246.0,67 days 13:42:30,,67 days 13:42:30,110 days 01:00:00,3,1474.06,,0,2,7,9
14247.0,68 days 06:03:30,27 days 22:26:00,81 days 16:36:00,277 days 21:29:00,5,753.56,2.9243772684333518,0,3,5,8
14248.0,98 days 12:09:00,,98 days 12:09:00,317 days 22:05:00,3,1032.95,,0,2,6,8
14249.0,24 days 10:44:49.090909,22 days 18:56:24,25 days 19:55:10,410 days 00:16:00,12,5400.461,1.1334322676060344,6,6,9,21
14250.0,41 days 00:23:00,,41 days 00:23:00,6 days 22:20:00,3,1904.05,,0,2,8,10
14251.0,13 days 22:56:30,40 days 01:24:00,5 days 06:07:20,1 days 04:18:00,5,2879.7,0.13118600189538404,0,3,8,11
14252.0,,,,380 days 23:14:00,1,350.99,,0,0,3,3
14253.0,129 days 23:47:00,,129 days 23:47:00,492 days 21:55:00,2,363.40000000000003,,0,1,3,4
14254.0,,,,432 days 00:58:00,1,601.03,,0,0,4,4
14255.0,,,,545 days 20:56:00,1,1000.63,,0,0,6,6
14256.0,108 days 12:40:30,202 days 22:53:00,77 days 01:16:20,259 days 23:33:00,5,2460.79,0.379658492242452,0,3,8,11
14257.0,73 days 00:09:45,89 days 08:08:00,63 days 04:58:48,63 days 19:56:00,9,5954.45,0.7075026428704683,9,5,10,24
14258.0,30 days 06:17:07.500000,21 days 10:58:43.636363,37 days 17:05:00,8 days 21:23:00,25,32051.34,1.7575157552832568,3,8,10,21
14259.0,,,,141 days 02:06:00,1,120.0,,0,0,1,1
14260.0,38 days 13:46:00,,38 days 13:46:00,470 days 21:55:00,3,824.28,,0,2,5,7
14261.0,27 days 23:17:00,,27 days 23:17:00,50 days 02:46:00,2,1163.45,,0,1,6,7
14262.0,33 days 03:42:00,52 days 00:50:40,18 days 23:50:30,7 days 22:33:00,8,2618.23,0.3650107655076693,10,5,8,23
14263.0,,,,422 days 22:41:00,1,322.93,,0,0,3,3
14264.0,91 days 08:59:48,79 days 00:20:30,99 days 14:46:00,154 days 02:30:00,6,1517.3600000000001,1.2607256955277926,0,4,7,11
14265.0,167 days 15:37:40,147 days 21:41:00,177 days 12:36:00,108 days 23:18:00,4,1373.35,1.2002760809649686,0,3,7,10
14266.0,,,,427 days 23:18:00,1,40.56,,0,0,1,1
14267.0,48 days 23:15:30,,48 days 23:15:30,162 days 02:41:00,3,1516.24,,0,2,7,9
14268.0,,,,470 days 02:05:00,1,354.85,,0,0,3,3
14269.0,,,,438 days 23:57:00,1,295.73,,0,0,3,3
14270.0,,,,331 days 03:17:00,1,492.65000000000003,,0,0,4,4
14271.0,183 days 19:46:00,,183 days 19:46:00,225 days 00:03:00,2,214.18,,0,1,2,3
14272.0,169 days 14:42:20,19 days 19:48:00,244 days 12:09:30,73 days 02:42:00,4,920.8100000000001,12.33324576152445,0,3,6,9
14273.0,63 days 15:58:40,24 days 19:01:00,83 days 02:27:30,50 days 23:30:00,4,559.97,3.3519369205344387,0,3,4,7
14274.0,,,,685 days 23:59:00,1,256.6,,0,0,2,2
14275.0,42 days 08:54:48,38 days 11:09:30,44 days 23:25:00,395 days 03:44:00,6,1189.3799999999999,1.1692649328843914,0,4,6,10
14276.0,93 days 15:25:50,87 days 22:27:30,96 days 11:55:00,98 days 03:05:00,7,2102.68,1.0973524708297961,0,4,8,12
14277.0,88 days 20:54:45,79 days 15:09:00,94 days 09:58:12,14 days 21:49:00,9,17197.61,1.1856578499856107,5,5,10,20
14278.0,,,,409 days 00:43:00,1,205.83,,0,0,2,2
14279.0,160 days 16:08:00,,160 days 16:08:00,520 days 04:08:00,2,191.86,,0,1,2,3
14280.0,,,,196 days 02:13:00,1,134.04,,0,0,1,1
14281.0,,,,407 days 22:05:00,1,245.15,,0,0,2,2
14282.0,27 days 11:14:15,36 days 00:13:32.727272,20 days 05:47:09.230769,2 days 19:46:00,25,7250.76,0.5621053216449212,9,8,10,27
14283.0,35 days 08:48:00,68 days 00:04:00,19 days 01:10:00,462 days 22:04:00,4,628.44,0.2801151913729014,0,3,5,8
14284.0,311 days 10:02:30,,311 days 10:02:30,30 days 04:39:00,3,1299.65,,0,2,7,9
14285.0,101 days 10:22:25.714285,72 days 15:58:00,123 days 00:10:45,20 days 22:00:00,8,3284.42,1.692795638295839,3,5,9,17
14286.0,118 days 16:19:00,48 days 01:05:30,153 days 23:55:45,23 days 02:16:00,7,8479.76,3.2052344783227698,0,4,10,14
14287.0,95 days 00:52:00,,95 days 00:52:00,7 days 23:25:00,3,176.63,,0,2,2,4
14288.0,,,,212 days 23:28:00,1,426.6,,0,0,4,4
14289.0,56 days 04:38:12,45 days 01:07:00,63 days 14:59:00,8 days 01:06:00,6,911.26,1.412413091402408,0,4,6,10
14290.0,102 days 20:54:00,123 days 07:33:20,87 days 12:54:30,10 days 22:48:00,8,4516.56,0.7098729163538069,9,5,9,23
14291.0,33 days 03:15:27.272727,34 days 23:54:00,31 days 14:03:20,1 days 02:24:00,23,7904.1,0.9025545369157704,7,7,10,24
14292.0,41 days 12:50:40,49 days 16:45:08.571428,34 days 09:25:30,7 days 01:00:00,16,9226.25,0.6920338313146187,9,7,10,26
14293.0,90 days 18:32:30,115 days 08:24:00,76 days 00:37:36,2 days 21:33:00,9,2903.01,0.659090690170014,9,5,8,22
14294.0,,,,406 days 20:25:00,1,375.34,,0,0,3,3
14295.0,172 days 19:30:15,1 days 03:17:00,230 days 00:54:40,39 days 21:00:00,5,2362.91,202.35471390755447,0,3,8,11
14296.0,152 days 23:40:00,,152 days 23:40:00,420 days 22:36:00,2,456.4,,0,1,4,5
14297.0,85 days 16:11:40,214 days 02:14:00,21 days 11:10:30,17 days 03:44:00,4,1305.33,0.10026306058502599,0,3,7,10
14298.0,8 days 21:19:32.592592,9 days 04:46:48,8 days 14:03:11.707317,7 days 23:38:00,82,91194.49,0.9332967299234532,7,9,10,26
14299.0,28 days 01:07:11.538461,20 days 18:07:30,34 days 07:06:55.714285,7 days 20:45:00,27,14070.25,1.652427555714485,3,8,10,21
14300.0,,,,18 days 03:53:00,1,43.2,,0,0,1,1
14301.0,183 days 00:48:40,94 days 00:15:00,227 days 13:05:30,116 days 21:17:00,4,1992.18,2.4204284395198523,0,3,8,11
14302.0,153 days 11:57:00,,153 days 11:57:00,430 days 04:40:00,3,742.9000000000001,,0,2,5,7
14303.0,27 days 05:06:00,,27 days 05:06:00,406 days 21:13:00,2,277.94,,0,1,2,3
14304.0,174 days 00:30:00,,174 days 00:30:00,222 days 01:00:00,3,1725.01,,0,2,7,9
14305.0,32 days 00:37:30,,32 days 00:37:30,70 days 21:21:00,3,1858.96,,0,2,8,10
14306.0,125 days 04:44:12,144 days 12:45:30,112 days 07:23:20,50 days 23:27:00,6,3151.4,0.7770471822690316,0,4,9,13
14307.0,71 days 12:56:53.333333,89 days 17:38:45,56 days 23:35:24,88 days 03:12:00,10,4287.92,0.6350115598548972,9,6,9,24
14308.0,0 days 00:09:00,,0 days 00:09:00,548 days 20:02:00,2,1147.02,,0,1,6,7
14309.0,54 days 05:06:54,63 days 13:06:00,47 days 23:47:30,7 days 23:17:00,11,3780.81,0.7552237011780648,8,6,9,23
14310.0,,,,432 days 00:16:00,1,492.1,,0,0,4,4
14311.0,324 days 23:46:00,,324 days 23:46:00,242 days 02:36:00,2,516.45,,0,1,4,5
14312.0,45 days 18:40:06,31 days 11:08:45,55 days 07:41:00,46 days 03:04:00,11,3090.29,1.7581813667337987,3,6,9,18
14314.0,324 days 02:39:00,,324 days 02:39:00,106 days 02:11:00,2,229.8,,0,1,2,3
14315.0,84 days 06:45:17.142857,147 days 16:37:40,36 days 17:21:00,44 days 00:44:00,8,3197.8199999999997,0.24864387892162318,10,5,9,24
14316.0,52 days 00:18:15,48 days 17:32:00,53 days 02:33:40,421 days 20:19:00,5,1370.34,1.0898031503543673,0,3,7,10
14317.0,,,,64 days 02:06:00,1,508.58000000000004,,0,0,4,4
14318.0,,,,459 days 21:18:00,1,158.02,,0,0,1,1
14319.0,,,,423 days 23:12:00,1,494.85,,0,0,4,4
14320.0,120 days 05:25:00,26 days 00:38:00,151 days 15:00:40,206 days 03:26:00,5,1346.75,5.825835601330558,0,3,7,10
14321.0,77 days 03:28:30,69 days 23:19:30,80 days 17:33:00,10 days 03:03:00,7,2218.06,1.1537671385824662,0,4,8,12
14322.0,76 days 18:09:20,22 days 00:26:00,104 days 03:01:00,428 days 21:33:00,4,474.1,4.729104901280515,0,3,4,7
14323.0,123 days 23:53:00,,123 days 23:53:00,114 days 01:13:00,2,605.06,,0,1,4,5
14324.0,283 days 22:13:00,,283 days 22:13:00,409 days 01:06:00,2,701.61,,0,1,5,6
14325.0,,,,569 days 03:30:00,1,245.48000000000002,,0,0,2,2
14326.0,145 days 01:27:00,,145 days 01:27:00,241 days 21:46:00,3,940.98,,0,2,6,8
14327.0,107 days 09:34:48,35 days 00:21:30,155 days 15:43:40,162 days 22:52:00,6,1894.9299999999998,4.445398622941933,0,4,8,12
14328.0,,,,437 days 20:49:00,1,445.05,,0,0,4,4
14329.0,50 days 10:18:30,48 days 23:50:30,51 days 12:09:30,16 days 21:00:00,15,9887.62,1.051296588968186,6,7,10,23
14330.0,,,,623 days 03:40:00,1,200.63,,0,0,2,2
14331.0,10 days 22:03:00,,10 days 22:03:00,123 days 23:33:00,2,462.66,,0,1,4,5
14332.0,98 days 11:43:15,35 days 02:23:00,119 days 14:50:00,22 days 00:56:00,5,1917.41,3.4079892368874027,0,3,8,11
14333.0,,,,67 days 02:12:00,1,415.2,,0,0,4,4
14334.0,50 days 04:21:32.727272,49 days 19:30:12,50 days 11:44:20,16 days 02:49:00,12,4318.48,1.0135805188516598,6,6,9,21
14335.0,80 days 00:34:00,,80 days 00:34:00,15 days 23:09:00,2,454.86,,0,1,4,5
14336.0,86 days 14:17:20,56 days 22:49:00,101 days 10:01:30,16 days 01:10:00,4,1614.91,1.780798448950725,0,3,7,10
14338.0,187 days 13:48:00,,187 days 13:48:00,160 days 22:42:00,3,928.1,,0,2,6,8
14339.0,186 days 02:16:00,,186 days 02:16:00,242 days 01:44:00,2,620.27,,0,1,5,6
14340.0,,,,218 days 03:06:00,1,134.7,,0,0,1,1
14341.0,40 days 18:33:24.705882,39 days 18:26:22.500000,41 days 15:59:40,44 days 21:02:00,18,4452.02,1.0477294340119603,6,7,9,22
14342.0,90 days 04:51:36,131 days 00:23:30,62 days 23:50:20,20 days 23:29:00,6,918.44,0.48080488983472336,0,4,6,10
14343.0,89 days 14:46:00,55 days 22:46:00,106 days 10:46:00,420 days 23:45:00,4,1079.66,1.9026140059081995,0,3,6,9
14344.0,26 days 06:12:50.526315,25 days 13:01:00,26 days 21:41:30,126 days 22:59:00,20,2993.05,1.0533019765639868,6,7,9,22
14345.0,,,,38 days 02:59:00,1,108.97999999999999,,0,0,1,1
14346.0,94 days 05:45:45,72 days 02:09:00,101 days 14:58:00,120 days 03:03:00,5,2315.75,1.4096850947413038,0,3,8,11
14347.0,,,,736 days 02:01:00,1,82.6,,0,0,1,1
14348.0,,,,259 days 20:27:00,1,409.57,,0,0,4,4
14349.0,,,,9 days 21:11:00,1,133.5,,0,0,1,1
14350.0,77 days 23:11:00,,77 days 23:11:00,273 days 22:36:00,3,972.03,,0,2,6,8
14351.0,,,,164 days 00:54:00,1,51.0,,0,0,1,1
14352.0,38 days 16:14:20,38 days 17:19:00,38 days 15:42:00,156 days 21:09:00,4,1078.96,0.9982603705231442,0,3,6,9
14353.0,108 days 01:44:00,,108 days 01:44:00,214 days 20:44:00,3,376.5,,0,2,3,5
14354.0,24 days 19:56:00,,24 days 19:56:00,5 days 01:18:00,2,163.62,,0,1,2,3
14355.0,130 days 22:34:00,,130 days 22:34:00,365 days 00:34:00,3,840.0500000000001,,0,2,5,7
14356.0,1 days 18:35:00,,1 days 18:35:00,79 days 03:32:00,2,701.23,,0,1,5,6
14357.0,,,,42 days 20:27:00,1,225.12,,0,0,2,2
14358.0,38 days 22:25:00,,38 days 22:25:00,388 days 20:59:00,2,400.05999999999995,,0,1,3,4
14359.0,34 days 02:07:00,,34 days 02:07:00,18 days 23:33:00,3,912.1800000000001,,0,2,6,8
14360.0,20 days 23:04:40,27 days 00:49:00,17 days 22:12:30,31 days 03:38:00,4,2118.0299999999997,0.6630660946851962,0,3,8,11
14361.0,,,,578 days 00:21:00,1,214.70999999999998,,0,0,2,2
14362.0,,,,21 days 21:42:00,1,151.5,,0,0,1,1
14363.0,49 days 02:22:00,,49 days 02:22:00,401 days 19:49:00,2,227.47,,0,1,2,3
14364.0,14 days 16:52:08.571428,7 days 23:36:00,19 days 17:49:15,108 days 01:49:00,8,3717.35,2.4729688587334726,2,5,9,16
14365.0,287 days 00:08:00,,287 days 00:08:00,394 days 02:58:00,2,634.6800000000001,,0,1,5,6
14366.0,,,,524 days 19:27:00,1,136.0,,0,0,1,1
14367.0,17 days 20:44:28,13 days 03:16:00,22 days 00:01:52.500000,7 days 23:31:00,16,9227.82,1.6748718016493973,3,7,10,20
14368.0,,,,319 days 02:58:00,1,155.0,,0,0,1,1
14369.0,19 days 05:19:00,,19 days 05:19:00,641 days 21:03:00,2,469.13,,0,1,4,5
14370.0,45 days 05:15:36,47 days 00:05:00,44 days 00:42:40,450 days 01:57:00,6,1175.78,0.9367314274457659,0,4,6,10
14371.0,,,,294 days 20:15:00,1,100.5,,0,0,1,1
14372.0,156 days 00:20:00,,156 days 00:20:00,442 days 20:33:00,2,860.08,,0,1,5,6
14373.0,,,,357 days 21:10:00,1,76.55,,0,0,1,1
14374.0,,,,540 days 22:25:00,1,108.0,,0,0,1,1
14375.0,177 days 23:35:00,,177 days 23:35:00,184 days 23:06:00,3,1106.82,,0,2,6,8
14376.0,,,,682 days 21:14:00,1,215.46,,0,0,2,2
14377.0,70 days 23:54:00,,70 days 23:54:00,190 days 23:18:00,2,617.05,,0,1,5,6
14378.0,,,,621 days 00:28:00,1,131.25,,0,0,1,1
14379.0,145 days 08:24:00,87 days 00:58:00,174 days 12:07:00,43 days 20:07:00,4,1265.1599999999999,2.004874818490801,0,3,7,10
14380.0,,,,681 days 19:39:00,1,48.96,,0,0,1,1
14381.0,399 days 00:55:00,,399 days 00:55:00,51 days 19:40:00,2,625.94,,0,1,5,6
14382.0,363 days 23:46:00,,363 days 23:46:00,25 days 20:32:00,2,1193.63,,0,1,6,7
14383.0,62 days 14:47:30,,62 days 14:47:30,37 days 20:57:00,3,1247.69,,0,2,7,9
14384.0,,,,500 days 02:57:00,1,58.5,,0,0,1,1
14385.0,7 days 01:50:30,,7 days 01:50:30,8 days 21:14:00,3,202.10999999999999,,0,2,2,4
14386.0,,,,296 days 03:05:00,1,142.4,,0,0,1,1
14387.0,38 days 11:08:00,,38 days 11:08:00,32 days 00:21:00,3,1727.6,,0,2,7,9
14388.0,45 days 04:54:32,43 days 04:04:51.428571,46 days 23:38:00,9 days 23:18:00,16,6388.2,1.0883641193693598,6,7,10,23
14389.0,131 days 06:05:00,61 days 22:49:00,154 days 08:30:20,64 days 21:33:00,5,1898.01,2.4915684889790644,0,3,8,11
14390.0,34 days 13:56:35,37 days 04:33:24,32 days 17:13:08.571428,9 days 23:01:00,13,6150.03,0.8797413956375008,7,7,10,24
14391.0,,,,576 days 03:08:00,1,135.6,,0,0,1,1
14392.0,,,,431 days 23:54:00,1,266.4,,0,0,2,2
14393.0,,,,217 days 18:34:00,1,67.95,,0,0,1,1
14394.0,,,,564 days 02:07:00,1,93.8,,0,0,1,1
14395.0,31 days 11:26:25.263157,20 days 07:47:06.666666,41 days 12:19:48,1 days 22:16:00,20,7801.93,2.042558958862448,2,7,10,19
14396.0,112 days 00:18:00,44 days 00:01:30,146 days 00:26:15,64 days 20:41:00,7,1969.38,3.318517554035179,0,4,8,12
14397.0,11 days 17:09:50,12 days 23:51:30,10 days 16:36:30,2 days 03:28:00,19,2612.96,0.82283622371269,8,7,8,23
14398.0,126 days 01:49:00,,126 days 01:49:00,400 days 23:04:00,2,707.79,,0,1,5,6
14399.0,40 days 00:02:00,37 days 07:53:20,42 days 00:08:30,393 days 23:27:00,8,2108.21,1.1252976559593204,6,5,8,19
14400.0,241 days 01:49:30,,241 days 01:49:30,148 days 21:00:00,3,1732.47,,0,2,7,9
14401.0,34 days 08:00:22.857142,41 days 00:15:06,28 days 06:19:43.636363,3 days 23:20:00,22,6795.9,0.6891822598338952,9,7,10,26
14402.0,,,,651 days 23:30:00,1,285.6,,0,0,2,2
14403.0,101 days 18:59:24,196 days 00:11:30,38 days 23:31:20,129 days 23:53:00,6,1880.51,0.19886992038424361,0,4,8,12
14404.0,57 days 03:49:10,28 days 04:02:00,77 days 20:48:34.285714,33 days 00:20:00,13,2724.13,2.764374819500189,1,7,8,16
14405.0,,,,386 days 01:10:00,1,195.0,,0,0,2,2
14406.0,,,,118 days 19:56:00,1,156.75,,0,0,1,1
14407.0,33 days 19:36:36,67 days 12:57:30,11 days 08:02:40,106 days 22:48:00,6,2157.73,0.16782938762220564,0,4,8,12
14408.0,72 days 04:44:18,117 days 00:35:45,42 days 07:30:00,10 days 01:09:00,11,4102.27,0.3615685774178378,10,6,9,25
14409.0,62 days 00:11:37.500000,66 days 07:26:00,59 days 10:15:00,70 days 18:32:00,9,3427.29,0.8962046792199904,7,5,9,21
14410.0,34 days 11:56:12,46 days 00:02:00,26 days 19:52:20,91 days 21:42:00,11,2631.9,0.5831999838974266,9,6,8,23
14411.0,,,,310 days 01:54:00,1,1063.0,,0,0,6,6
14412.0,190 days 23:06:00,,190 days 23:06:00,42 days 02:05:00,3,1426.19,,0,2,7,9
14413.0,108 days 23:43:20,7 days 02:02:00,159 days 22:34:00,361 days 23:13:00,4,764.52,22.575377376984903,0,3,5,8
14414.0,40 days 10:33:51.428571,81 days 01:07:00,9 days 23:39:00,91 days 00:41:00,8,2399.33,0.12320597736211196,10,5,8,23
14415.0,32 days 19:39:32.727272,36 days 07:08:18,29 days 22:05:35,0 days 22:12:00,23,11980.09,0.8243157579897057,8,7,10,25
14416.0,20 days 00:12:00,,20 days 00:12:00,21 days 21:28:00,2,490.22,,0,1,4,5
14417.0,,,,387 days 01:55:00,1,524.65,,0,0,4,4
14418.0,52 days 09:10:30,,52 days 09:10:30,3 days 01:11:00,3,1937.25,,0,2,8,10
14419.0,62 days 00:02:10,65 days 00:19:00,60 days 11:53:45,10 days 01:28:00,7,1254.64,0.9305135709631592,0,4,7,11
14420.0,197 days 09:48:40,179 days 01:51:00,206 days 13:47:30,98 days 18:43:00,4,1639.17,1.1535515819925466,0,3,7,10
14421.0,126 days 19:34:48,70 days 12:32:30,164 days 08:16:20,56 days 23:26:00,6,2469.37,2.3303841198723156,0,4,8,12
14422.0,40 days 02:37:26.666666,26 days 23:41:37.500000,50 days 14:34:06,0 days 01:24:00,19,10271.52,1.8752200918000728,3,7,10,20
14423.0,238 days 01:41:30,,238 days 01:41:30,217 days 21:38:00,3,916.6099999999999,,0,2,6,8
14424.0,,,,17 days 01:02:00,1,322.08,,0,0,3,3
14425.0,151 days 11:26:30,,151 days 11:26:30,434 days 02:26:00,3,661.39,,0,2,5,7
14426.0,38 days 20:51:48.750000,47 days 13:02:08.571428,32 days 02:57:06.666666,23 days 00:25:00,17,11727.94,0.6756597030219935,9,7,10,26
14427.0,193 days 17:31:20,137 days 01:36:00,222 days 01:29:00,49 days 22:27:00,4,1263.52,1.6201007214656291,0,3,7,10
14428.0,79 days 11:09:30,85 days 17:04:00,77 days 09:11:20,6 days 23:33:00,5,1224.06,0.9028335926021951,0,3,7,10
14429.0,,,,403 days 02:42:00,1,516.28,,0,0,4,4
14430.0,47 days 21:48:00,,47 days 21:48:00,511 days 01:15:00,3,1220.9,,0,2,6,8
14431.0,128 days 07:57:00,232 days 03:15:00,76 days 10:18:00,302 days 02:10:00,4,2614.2,0.3292438860219879,0,3,8,11
14432.0,15 days 22:47:00,21 days 00:40:00,12 days 13:31:40,9 days 04:46:00,6,2248.5,0.597479084103919,0,4,8,12
14433.0,,,,465 days 00:15:00,1,280.7,,0,0,2,2
14434.0,10 days 03:29:00,6 days 00:07:00,12 days 21:43:40,21 days 03:54:00,6,1372.8,2.1491461393161404,0,4,7,11
14435.0,,,,501 days 00:17:00,1,90.42,,0,0,1,1
14436.0,454 days 22:41:00,,454 days 22:41:00,98 days 02:37:00,2,271.70000000000005,,0,1,2,3
14437.0,54 days 11:16:45,53 days 21:27:00,54 days 15:53:20,365 days 03:23:00,5,873.34,1.0142555869101155,0,3,6,9
14438.0,,,,305 days 21:54:00,1,131.9,,0,0,1,1
14439.0,91 days 23:24:30,3 days 19:47:00,121 days 08:37:00,319 days 01:11:00,5,9443.039999999999,31.733611766842202,0,3,10,13
14440.0,60 days 18:17:25,64 days 18:35:24,57 days 21:30:17.142857,7 days 21:08:00,13,5982.030000000001,0.8938078605321803,7,7,10,24
14441.0,68 days 23:50:42,45 days 13:12:15,84 days 14:56:20,0 days 03:43:00,11,4611.69,1.857785536146928,3,6,9,18
14442.0,80 days 23:46:10,115 days 11:16:30,63 days 18:01:00,204 days 01:14:00,7,5367.0199999999995,0.5520984625007141,0,4,9,13
14443.0,81 days 10:58:00,10 days 20:45:00,104 days 23:42:20,53 days 02:40:00,5,2082.97,9.663300308937893,0,3,8,11
14444.0,,,,455 days 17:54:00,1,120.44,,0,0,1,1
14445.0,,,,455 days 01:41:00,1,221.65,,0,0,2,2
14446.0,96 days 11:51:30,140 days 00:02:00,81 days 23:48:00,0 days 01:16:00,5,1200.28,0.5856489518953185,0,3,6,9
14447.0,76 days 08:35:12,102 days 00:28:30,59 days 05:59:40,18 days 04:22:00,6,1711.73,0.5807673937632382,0,4,7,11
14448.0,354 days 20:24:00,,354 days 20:24:00,8 days 23:00:00,2,375.35,,0,1,3,4
14449.0,59 days 16:58:42.857142,11 days 07:51:00,95 days 23:49:30,18 days 00:44:00,8,2230.96,8.47461835571087,1,5,8,14
14450.0,71 days 15:46:10,109 days 01:02:00,52 days 23:08:15,180 days 02:04:00,7,1128.44,0.48571696959661703,0,4,6,10
14451.0,57 days 09:00:16.363636,33 days 00:16:48,77 days 16:16:30,59 days 23:12:00,12,3258.68,2.3530506891503005,2,6,9,17
14452.0,170 days 07:37:40,126 days 01:00:00,192 days 10:56:30,10 days 00:44:00,4,658.95,1.526922865013774,0,3,5,8
14453.0,,,,189 days 22:35:00,1,119.93,,0,0,1,1
14454.0,89 days 06:07:30,62 days 23:19:00,98 days 00:23:40,375 days 23:24:00,5,977.3,1.55651988516268,0,3,6,9
14455.0,21 days 00:47:20,7 days 01:13:00,28 days 00:34:30,431 days 21:02:00,4,617.72,3.9746380380183197,0,3,5,8
14456.0,17 days 03:06:37.500000,17 days 16:46:00,16 days 18:55:00,4 days 22:51:00,9,3017.2799999999997,0.9485599937220435,7,5,9,21
14457.0,,,,310 days 03:11:00,1,113.64,,0,0,1,1
14458.0,,,,380 days 00:07:00,1,228.07,,0,0,2,2
14459.0,496 days 00:09:00,,496 days 00:09:00,154 days 23:15:00,2,5375.741,,0,1,9,10
14460.0,76 days 17:24:07.500000,102 days 21:46:20,61 days 00:22:48,109 days 22:31:00,9,1093.5,0.5929210745930237,9,5,6,20
14461.0,45 days 04:21:55,38 days 05:42:00,50 days 03:24:42.857142,147 days 19:39:00,13,6676.91,1.3113347551069703,5,7,10,22
14462.0,33 days 06:42:00,33 days 00:23:36,33 days 11:57:20,65 days 20:55:00,12,2242.81,1.0145915188023904,6,6,8,20
14463.0,133 days 17:15:00,294 days 03:07:00,53 days 12:19:00,97 days 21:30:00,4,786.5699999999999,0.1819373056591122,0,3,5,8
14464.0,59 days 02:40:00,,59 days 02:40:00,567 days 18:50:00,2,111.0,,0,1,1,2
14465.0,45 days 11:45:30,27 days 06:33:15,57 days 15:13:40,246 days 00:12:00,11,3925.85,2.1132365329242337,2,6,9,17
14466.0,58 days 01:51:55,60 days 09:14:24,56 days 10:18:42.857142,28 days 22:43:00,13,4267.15,0.9344980160371413,7,7,9,23
14467.0,65 days 10:54:54.545454,57 days 00:11:36,72 days 11:51:00,17 days 00:02:00,12,2203.24,1.2716404601688844,5,6,8,19
14468.0,,,,733 days 00:29:00,1,204.24,,0,0,2,2
14469.0,87 days 17:06:00,59 days 23:43:00,101 days 13:47:30,415 days 22:20:00,4,2093.46,1.6932440410728964,0,3,8,11
14470.0,209 days 10:56:00,,209 days 10:56:00,11 days 02:19:00,3,712.04,,0,2,5,7
14471.0,141 days 04:46:00,,141 days 04:46:00,590 days 19:38:00,2,400.95,,0,1,3,4
14472.0,73 days 05:44:00,134 days 15:50:40,36 days 09:16:00,103 days 01:49:00,9,2118.72,0.2702068993969732,10,5,8,23
14473.0,208 days 01:14:00,,208 days 01:14:00,73 days 21:40:00,2,234.34000000000003,,0,1,2,3
14474.0,533 days 01:14:00,,533 days 01:14:00,45 days 23:24:00,2,1258.8899999999999,,0,1,7,8
14475.0,112 days 08:28:40,104 days 00:52:00,116 days 12:17:00,71 days 02:04:00,4,1151.15,1.1199169625931167,0,3,6,9
14476.0,,,,256 days 21:11:00,1,193.0,,0,0,2,2
14477.0,114 days 03:15:00,133 days 23:12:00,104 days 05:16:30,19 days 01:39:00,7,1969.6,0.7779531599900473,0,4,8,12
14478.0,118 days 16:43:00,55 days 23:46:00,150 days 01:11:30,381 days 21:21:00,4,1276.6599999999999,2.67992334978791,0,3,7,10
14479.0,159 days 22:26:20,314 days 22:10:00,82 days 10:34:30,253 days 03:43:00,4,1124.71,0.26177975258550357,0,3,6,9
14480.0,235 days 16:01:00,280 days 19:55:00,213 days 02:04:00,10 days 20:15:00,4,1299.52,0.7587729818617935,0,3,7,10
14481.0,128 days 05:28:45,64 days 22:34:00,149 days 07:47:00,164 days 02:12:00,5,2284.69,2.299409714053511,0,3,8,11
14482.0,41 days 02:05:32.727272,18 days 05:02:36,60 days 03:38:00,17 days 23:36:00,12,4306.72,3.3031812253552277,1,6,9,16
14483.0,455 days 00:10:00,,455 days 00:10:00,281 days 02:24:00,2,257.1,,0,1,2,3
14484.0,224 days 01:04:40,84 days 23:33:00,293 days 13:50:30,49 days 22:39:00,4,1070.98,3.454605999689474,0,3,6,9
14485.0,,,,38 days 00:25:00,1,162.8,,0,0,2,2
14486.0,41 days 23:12:00,,41 days 23:12:00,511 days 03:08:00,2,175.5,,0,1,2,3
14487.0,58 days 19:46:50,145 days 00:07:30,15 days 17:36:30,26 days 00:33:00,7,1266.27,0.10850424433988243,0,4,7,11
14488.0,,,,67 days 03:20:00,1,1064.28,,0,0,6,6
14489.0,135 days 01:39:40,120 days 00:08:00,142 days 14:25:30,206 days 21:59:00,4,1574.93,1.188287000601824,0,3,7,10
14490.0,22 days 03:28:00,,22 days 03:28:00,405 days 21:46:00,2,1273.47,,0,1,7,8
14491.0,197 days 03:12:00,,197 days 03:12:00,174 days 21:28:00,2,340.93,,0,1,3,4
14492.0,31 days 11:49:40,39 days 21:17:30,27 days 07:05:45,429 days 23:29:00,7,1921.91,0.6843220892274211,0,4,8,12
14493.0,70 days 11:31:13.333333,62 days 19:55:45,76 days 14:23:36,6 days 20:36:00,10,5087.860000000001,1.2191509879719151,5,6,9,20
14494.0,352 days 21:58:00,,352 days 21:58:00,25 days 03:29:00,3,401.46000000000004,,0,2,3,5
14495.0,304 days 13:49:30,,304 days 13:49:30,50 days 00:22:00,3,174.8,,0,2,2,4
14496.0,53 days 15:17:40,112 days 11:51:00,24 days 05:01:00,311 days 03:49:00,7,2363.89,0.21520331376434493,0,4,8,12
14497.0,364 days 07:02:00,,364 days 07:02:00,308 days 19:49:00,2,697.06,,0,1,5,6
14498.0,56 days 10:13:46.666666,37 days 04:46:30,71 days 19:23:36,42 days 00:41:00,10,3900.83,1.9303781281211205,2,6,9,17
14499.0,73 days 20:10:40,43 days 00:00:30,89 days 06:15:45,25 days 23:49:00,7,2101.79,2.0758189937096763,0,4,8,12
14500.0,50 days 15:18:30,,50 days 15:18:30,87 days 20:05:00,3,356.85,,0,2,3,5
14501.0,136 days 01:19:00,,136 days 01:19:00,183 days 00:48:00,2,251.21,,0,1,2,3
14502.0,29 days 09:11:48,19 days 12:25:00,35 days 23:03:00,19 days 01:00:00,11,2429.83,1.8424835438534068,3,6,8,17
14503.0,35 days 00:42:00,79 days 12:44:00,5 days 08:40:40,2 days 23:20:00,6,3543.26,0.06741527249019129,0,4,9,13
14504.0,77 days 00:27:20,18 days 22:17:00,106 days 01:32:30,46 days 20:50:00,4,673.26,5.603422973914958,0,3,5,8
14505.0,39 days 14:43:10,24 days 23:48:37.500000,51 days 07:26:48,16 days 21:05:00,19,11879.08,2.0530598209851028,2,7,10,19
14506.0,97 days 00:45:50,115 days 02:59:00,87 days 23:39:15,16 days 23:48:00,7,2960.25,0.7642659806127434,0,4,9,13
14507.0,70 days 13:55:42,87 days 16:35:00,59 days 04:09:30,23 days 00:29:00,11,3216.74,0.6747931102751931,9,6,9,24
14508.0,129 days 13:41:30,0 days 00:07:00,172 days 18:13:00,21 days 17:02:00,5,822.9200000000001,35539.0,0,3,5,8
14509.0,,,,533 days 23:29:00,1,110.95,,0,0,1,1
14510.0,30 days 11:35:30,,30 days 11:35:30,375 days 00:04:00,3,979.85,,0,2,6,8
14511.0,30 days 13:13:00,41 days 01:13:00,27 days 01:13:00,10 days 19:45:00,5,1314.81,0.6589582663711874,0,3,7,10
14512.0,90 days 19:48:20,76 days 23:32:30,97 days 17:56:15,187 days 00:11:00,7,1215.97,1.2697616201709478,0,4,6,10
14513.0,93 days 13:05:36,65 days 21:07:00,111 days 23:44:40,100 days 01:25:00,6,788.01,1.6999026707566032,0,4,5,9
14514.0,73 days 21:38:13.333333,53 days 13:38:30,90 days 04:02:00,60 days 20:45:00,10,4527.900000000001,1.683232108480201,3,6,9,18
14515.0,48 days 10:49:05.454545,32 days 14:21:24,61 days 15:52:10,17 days 01:13:00,12,3724.06,1.8915534403887968,3,6,9,18
14516.0,,,,515 days 22:43:00,1,151.17,,0,0,1,1
14517.0,108 days 02:38:00,,108 days 02:38:00,32 days 22:30:00,2,330.45,,0,1,3,4
14518.0,,,,63 days 22:07:00,1,174.37,,0,0,2,2
14519.0,45 days 00:38:00,,45 days 00:38:00,683 days 01:32:00,2,203.14,,0,1,2,3
14520.0,289 days 00:31:00,,289 days 00:31:00,1 days 03:04:00,2,270.6,,0,1,2,3
14521.0,,,,490 days 20:15:00,1,199.45000000000002,,0,0,2,2
14522.0,94 days 06:47:00,29 days 14:56:40,142 days 18:39:45,23 days 23:26:00,8,1748.42,4.819873798546534,1,5,7,13
14523.0,,,,107 days 23:37:00,1,241.09,,0,0,2,2
14524.0,32 days 02:03:45,27 days 00:11:24,35 days 17:06:51.428571,31 days 00:21:00,13,2909.86,1.3223195138989596,5,7,8,20
14525.0,44 days 04:21:00,42 days 14:26:00,45 days 09:50:26.666666,19 days 01:13:00,17,8026.54,1.0659284133347462,6,7,10,23
14526.0,,,,388 days 23:18:00,1,258.65,,0,0,2,2
14527.0,6 days 00:35:30.983606,5 days 15:11:26,6 days 09:41:24.193548,2 days 00:31:00,123,27412.53,1.136840167064596,6,10,10,26
14528.0,,,,36 days 19:41:00,1,364.21999999999997,,0,0,3,3
14529.0,25 days 00:38:30,,25 days 00:38:30,59 days 21:23:00,3,578.61,,0,2,4,6
14530.0,44 days 03:08:52,33 days 20:33:51.428571,53 days 02:54:30,25 days 02:12:00,16,6088.87,1.568993808548711,3,7,10,20
14531.0,,,,479 days 02:34:00,1,376.34,,0,0,3,3
14532.0,46 days 04:55:48,42 days 00:16:00,49 days 00:02:20,235 days 23:45:00,11,3845.78,1.1663966763642775,5,6,9,20
14533.0,58 days 14:23:12,64 days 11:43:30,54 days 16:09:40,24 days 00:45:00,11,3466.37,0.8477999070320058,8,6,9,23
14534.0,25 days 06:38:31.200000,30 days 09:50:15,20 days 12:55:23.076923,2 days 00:31:00,26,6187.66,0.6753874347687746,9,8,10,27
14535.0,74 days 03:04:30,34 days 14:52:40,97 days 19:59:36,59 days 21:11:00,9,5973.23,2.8259190414421163,1,5,10,16
14536.0,,,,259 days 00:29:00,1,170.95,,0,0,2,2
14537.0,565 days 21:10:00,,565 days 21:10:00,57 days 01:56:00,2,641.4000000000001,,0,1,5,6
14538.0,154 days 16:42:15,138 days 22:19:00,159 days 22:50:00,64 days 02:19:00,5,1370.8400000000001,1.1513103634427844,0,3,7,10
14539.0,28 days 21:47:00,,28 days 21:47:00,15 days 03:00:00,2,537.48,,0,1,4,5
14540.0,72 days 06:55:30,51 days 12:32:00,86 days 03:11:10,9 days 02:35:00,11,3709.6400000000003,1.6717593091797858,3,6,9,18
14541.0,49 days 10:56:04.615384,63 days 16:22:50,37 days 06:16:00,58 days 02:42:00,14,2491.38,0.585107330380559,9,7,8,24
14542.0,,,,185 days 04:31:00,1,103.25,,0,0,1,1
14543.0,18 days 16:23:37.894736,15 days 04:04:23.333333,21 days 20:16:57,28 days 00:05:00,39,14587.87,1.4400471516970899,4,8,10,22
14544.0,222 days 23:33:00,,222 days 23:33:00,23 days 21:44:00,3,2938.5299999999997,,0,2,9,11
14545.0,,,,673 days 21:27:00,1,349.25,,0,0,3,3
14546.0,72 days 19:11:00,81 days 00:00:15,67 days 07:58:10,4 days 23:50:00,11,5184.84,0.8312582206113813,8,6,9,23
14547.0,7 days 06:21:34.285714,11 days 15:56:20,3 days 23:10:30,3 days 01:44:00,8,3974.75,0.3399849173430709,10,5,9,24
14548.0,72 days 20:47:22.500000,41 days 01:03:00,91 days 23:02:00,150 days 00:31:00,9,2541.29,2.240529245554371,2,5,8,15
14549.0,141 days 23:53:40,143 days 21:37:00,141 days 01:02:00,310 days 23:03:00,4,913.6,0.9801415906996047,0,3,6,9
14550.0,157 days 16:02:20,95 days 02:00:00,188 days 23:03:30,10 days 00:38:00,4,1345.06,1.9873174116272276,0,3,7,10
14551.0,110 days 12:15:00,135 days 01:14:30,98 days 05:45:15,17 days 23:14:00,7,878.09,0.7274231325957902,0,4,6,10
14552.0,220 days 11:32:30,,220 days 11:32:30,151 days 00:01:00,3,507.93,,0,2,4,6
14553.0,61 days 06:09:07.500000,32 days 15:57:40,78 days 09:52:00,18 days 23:30:00,9,1818.6,2.400459206451567,2,5,8,15
14554.0,14 days 01:13:20,29 days 00:21:00,6 days 13:39:30,9 days 20:06:00,4,2279.49,0.22640673990569876,0,3,8,11
14555.0,132 days 20:09:00,97 days 00:35:00,156 days 17:11:40,56 days 20:26:00,6,2304.03,1.6152286201672452,0,4,8,12
14556.0,46 days 01:34:00,,46 days 01:34:00,595 days 21:53:00,3,815.69,,0,2,5,7
14557.0,,,,84 days 21:02:00,1,788.38,,0,0,5,5
14558.0,38 days 13:05:00,,38 days 13:05:00,653 days 23:59:00,3,655.5,,0,2,5,7
14559.0,,,,389 days 20:45:00,1,75.6,,0,0,1,1
14560.0,16 days 23:33:39.069767,17 days 01:07:22.857142,16 days 22:04:10.909090,6 days 21:28:00,44,6114.03,0.9925369172965747,7,8,10,25
14561.0,54 days 11:36:30,,54 days 11:36:30,75 days 00:11:00,3,1080.76,,0,2,6,8
14562.0,26 days 16:11:48,43 days 11:46:40,11 days 03:39:36.923076,3 days 01:45:00,26,6638.15,0.2564341396306153,10,8,10,28
14563.0,82 days 23:10:00,,82 days 23:10:00,509 days 00:49:00,2,640.54,,0,1,5,6
14564.0,300 days 23:35:00,,300 days 23:35:00,434 days 03:48:00,2,2605.62,,0,1,8,9
14565.0,94 days 11:49:45,112 days 03:37:00,88 days 14:34:00,95 days 03:43:00,5,3859.2200000000003,0.7900704037845905,0,3,9,12
14566.0,141 days 00:10:20,57 days 02:21:00,182 days 23:05:00,110 days 01:45:00,4,4092.0,3.2043516863088506,0,3,9,12
14567.0,73 days 20:33:00,,73 days 20:33:00,56 days 02:29:00,2,1530.3600000000001,,0,1,7,8
14568.0,,,,434 days 19:35:00,1,919.7,,0,0,6,6
14569.0,200 days 17:03:00,110 days 02:52:00,246 days 00:08:30,0 days 21:52:00,4,597.3299999999999,2.2339914991297327,0,3,4,7
14570.0,81 days 10:55:30,,81 days 10:55:30,280 days 01:52:00,3,613.75,,0,2,5,7
14571.0,,,,424 days 21:44:00,1,160.0,,0,0,1,1
14572.0,61 days 19:17:18,74 days 06:54:00,53 days 11:32:50,2 days 22:10:00,11,5526.88,0.71992104000349,9,6,10,25
14573.0,43 days 09:33:25,82 days 14:34:12,15 days 09:24:17.142857,179 days 01:35:00,13,2163.12,0.18632621390655676,10,7,8,25
14574.0,,,,732 days 00:08:00,1,143.70000000000002,,0,0,1,1
14575.0,,,,487 days 21:59:00,1,420.22,,0,0,4,4
14576.0,,,,371 days 18:59:00,1,35.400000000000006,,0,0,1,1
14577.0,119 days 08:06:20,167 days 00:05:00,95 days 12:07:00,12 days 00:03:00,7,1364.15,0.5718735056240514,0,4,7,11
14578.0,,,,2 days 19:32:00,1,168.63,,0,0,2,2
14579.0,,,,431 days 22:14:00,1,105.56,,0,0,1,1
14580.0,,,,517 days 21:30:00,1,14.850000000000001,,0,0,1,1
14581.0,527 days 20:51:00,,527 days 20:51:00,16 days 00:11:00,2,409.65,,0,1,4,5
14582.0,,,,40 days 00:54:00,1,114.11,,0,0,1,1
14583.0,87 days 23:36:34.285714,138 days 14:44:00,50 days 00:16:00,5 days 00:18:00,8,1660.29,0.3607943728582593,10,5,7,22
14584.0,70 days 04:04:34.285714,79 days 15:55:40,63 days 01:11:15,168 days 18:17:00,8,1738.16,0.7914459518752162,8,5,7,20
14585.0,91 days 12:34:00,21 days 23:08:00,114 days 17:02:40,49 days 22:17:00,5,1143.27,5.222671894102272,0,3,6,9
14586.0,,,,276 days 02:46:00,1,237.36,,0,0,2,2
14587.0,39 days 02:47:15,19 days 08:19:40,50 days 23:27:48,18 days 01:16:00,9,1580.29,2.6349130762512116,2,5,7,14
14588.0,,,,577 days 21:42:00,1,135.39,,0,0,1,1
14589.0,,,,371 days 01:08:00,1,39.75,,0,0,1,1
14590.0,16 days 04:56:37.894736,11 days 18:42:06.666666,20 days 04:33:42,424 days 00:44:00,20,2993.37,1.7140378228612227,3,7,9,19
14591.0,65 days 23:56:00,197 days 23:44:00,0 days 00:02:00,14 days 22:53:00,4,1320.21,7.014984005836466e-06,0,3,7,10
14592.0,14 days 11:13:30,,14 days 11:13:30,34 days 20:15:00,3,557.9399999999999,,0,2,4,6
14593.0,64 days 10:53:43.636363,38 days 18:57:00,85 days 20:11:00,21 days 00:02:00,12,3665.5299999999997,2.212990314553234,2,6,9,17
14594.0,365 days 23:34:00,,365 days 23:34:00,6 days 23:22:00,2,363.33,,0,1,3,4
14595.0,95 days 13:27:34.285714,200 days 23:44:40,16 days 11:44:45,19 days 00:38:00,8,2164.4500000000003,0.08204121049346175,10,5,8,23
14596.0,,,,626 days 00:37:00,1,222.22000000000003,,0,0,2,2
14597.0,85 days 04:47:12,22 days 13:11:30,126 days 23:11:00,10 days 23:37:00,6,2184.63,5.630506752074896,0,4,8,12
14598.0,525 days 00:12:00,,525 days 00:12:00,43 days 23:31:00,2,384.03999999999996,,0,1,3,4
14599.0,118 days 22:55:00,,118 days 22:55:00,389 days 22:01:00,2,457.89,,0,1,4,5
14600.0,87 days 17:52:00,,87 days 17:52:00,305 days 03:02:00,2,865.1700000000001,,0,1,5,6
14601.0,,,,10 days 03:02:00,1,213.96,,0,0,2,2
14602.0,,,,655 days 21:03:00,1,205.35999999999999,,0,0,2,2
14603.0,,,,274 days 02:23:00,1,660.0,,0,0,5,5
14604.0,,,,632 days 23:50:00,1,143.85999999999999,,0,0,1,1
14605.0,119 days 00:02:40,0 days 00:02:00,178 days 12:03:00,373 days 22:43:00,4,921.5600000000001,128521.5,0,3,6,9
14606.0,3 days 19:26:03.108808,3 days 16:17:10,3 days 22:32:59.381443,0 days 17:22:00,194,30315.99,1.0709479326778466,6,10,10,26
14607.0,33 days 18:14:45.714285,67 days 19:02:54,2 days 19:41:54.545454,15 days 02:15:00,22,23763.13,0.04160815844335704,10,7,10,27
14608.0,72 days 22:01:48,54 days 11:47:45,85 days 04:51:10,3 days 19:58:00,11,3352.94,1.5635871637286232,4,6,9,19
14609.0,66 days 05:40:40,52 days 05:56:00,77 days 10:16:24,71 days 23:56:00,10,1486.2,1.4819554468605456,4,6,7,17
14610.0,118 days 18:52:00,,118 days 18:52:00,395 days 01:52:00,2,24.35,,0,1,1,2
14611.0,154 days 23:00:00,,154 days 23:00:00,443 days 03:31:00,2,604.3299999999999,,0,1,4,5
14612.0,,,,414 days 20:49:00,1,877.7,,0,0,6,6
14613.0,,,,679 days 23:48:00,1,76.32000000000001,,0,0,1,1
14614.0,,,,385 days 23:46:00,1,295.13,,0,0,3,3
14615.0,38 days 11:54:15,37 days 00:16:00,38 days 23:47:00,393 days 23:14:00,5,951.76,1.0534936955869107,0,3,6,9
14616.0,76 days 12:03:00,163 days 06:51:00,47 days 13:47:00,242 days 02:56:00,5,527.78,0.2913567330551905,0,3,4,7
14617.0,13 days 01:01:00,,13 days 01:01:00,402 days 01:09:00,2,190.47000000000003,,0,1,2,3
14618.0,89 days 12:35:40,65 days 03:23:00,101 days 17:12:00,8 days 23:05:00,7,1342.3200000000002,1.5614852403441255,0,4,7,11
14619.0,295 days 16:56:00,,295 days 16:56:00,245 days 05:13:00,2,1291.24,,0,1,7,8
14620.0,78 days 03:28:00,,78 days 03:28:00,205 days 00:52:00,2,412.78,,0,1,4,5
14621.0,85 days 06:54:15,57 days 07:34:00,102 days 01:42:24,0 days 20:28:00,9,3000.57,1.7808709138052197,3,5,9,17
14622.0,,,,184 days 00:08:00,1,320.58000000000004,,0,0,3,3
14623.0,63 days 07:38:13.333333,55 days 11:33:30,69 days 14:06:00,31 days 22:54:00,10,2016.98,1.2542447132745467,5,6,8,19
14624.0,109 days 10:12:00,35 days 00:02:30,159 days 00:58:20,56 days 23:06:00,6,814.07,4.543789163897293,0,4,5,9
14625.0,52 days 17:00:54,66 days 23:39:30,43 days 04:35:10,195 days 21:18:00,11,4497.88,0.6447801063313273,9,6,9,24
14626.0,70 days 13:58:00,55 days 10:27:30,80 days 16:18:20,23 days 02:13:00,11,5410.92,1.4553673024124936,4,6,9,19
14627.0,,,,378 days 20:18:00,1,462.75,,0,0,4,4
14628.0,148 days 00:04:30,41 days 18:02:00,183 days 10:05:20,90 days 21:52:00,5,1998.0,4.393156138074803,0,3,8,11
14629.0,43 days 00:42:00,,43 days 00:42:00,3 days 19:55:00,2,955.26,,0,1,6,7
14630.0,,,,483 days 20:12:00,1,338.65,,0,0,3,3
14631.0,87 days 08:54:24,50 days 09:56:00,112 days 00:13:20,50 days 01:33:00,6,2025.69,2.2217936709093244,0,4,8,12
14632.0,,,,262 days 04:01:00,1,114.56,,0,0,1,1
14633.0,,,,265 days 19:43:00,1,344.90000000000003,,0,0,3,3
14634.0,34 days 16:17:20,7 days 07:38:00,48 days 08:37:00,437 days 02:10:00,4,2124.46,6.60817992028848,0,3,8,11
14635.0,,,,453 days 02:03:00,1,215.22,,0,0,2,2
14636.0,232 days 06:20:00,,232 days 06:20:00,35 days 20:38:00,2,609.85,,0,1,4,5
14637.0,,,,676 days 20:58:00,1,106.67999999999999,,0,0,1,1
14638.0,,,,50 days 02:40:00,1,443.6,,0,0,4,4
14639.0,76 days 03:18:52.500000,100 days 00:25:00,61 days 19:27:12,51 days 21:44:00,9,4978.96,0.6179982641902447,9,5,9,23
14640.0,73 days 13:02:33.333333,114 days 17:11:45,40 days 14:31:12,23 days 23:43:00,10,3649.36,0.3539595651719895,10,6,9,25
14641.0,,,,21 days 02:08:00,1,110.46,,0,0,1,1
14642.0,,,,58 days 01:42:00,1,96.12,,0,0,1,1
14643.0,139 days 12:42:15,101 days 03:57:00,152 days 07:37:20,169 days 22:09:00,5,1679.89,1.5056414762339514,0,3,7,10
14644.0,111 days 10:41:00,159 days 08:38:00,87 days 11:42:30,67 days 04:20:00,7,2247.7200000000003,0.5489959821856562,0,4,8,12
14645.0,238 days 22:51:00,,238 days 22:51:00,156 days 03:35:00,3,876.8900000000001,,0,2,6,8
14646.0,4 days 21:43:44,4 days 21:21:33.243243,4 days 22:05:19.736842,1 days 00:38:00,151,528602.52,1.006216652315761,6,10,10,26
14647.0,322 days 00:13:00,,322 days 00:13:00,200 days 23:10:00,2,506.04,,0,1,4,5
14648.0,22 days 08:30:55.714285,23 days 11:47:50,21 days 12:03:15,415 days 23:38:00,15,4466.65,0.9153187463971976,7,7,9,23
14649.0,85 days 11:55:00,83 days 00:58:00,86 days 23:17:12,4 days 00:20:00,9,3651.19,1.0473264312833463,6,5,9,20
14650.0,,,,588 days 16:23:00,1,62.5,,0,0,1,1
14651.0,70 days 12:31:37.500000,23 days 00:44:00,99 days 00:24:12,66 days 20:58:00,9,2025.52,4.2993667832589555,1,5,8,14
14652.0,,,,76 days 22:29:00,1,114.18,,0,0,1,1
14653.0,61 days 08:09:30,79 days 19:33:48,48 days 03:26:25.714285,0 days 23:05:00,13,3937.87,0.6031857344960027,9,7,9,25
14654.0,,,,737 days 23:53:00,1,246.86,,0,0,2,2
14655.0,98 days 00:19:50,103 days 22:59:30,95 days 01:00:00,7 days 20:22:00,7,3878.51,0.9142315104592867,0,4,9,13
14656.0,108 days 12:25:15,90 days 00:19:00,114 days 16:27:20,168 days 22:59:00,5,790.0,1.2740981903373219,0,3,5,8
14657.0,83 days 12:58:00,54 days 09:41:00,102 days 23:09:20,17 days 00:03:00,6,1450.19,1.89261476536339,0,4,7,11
14658.0,111 days 23:53:00,,111 days 23:53:00,4 days 21:15:00,2,247.15,,0,1,2,3
14659.0,38 days 08:56:45,32 days 15:44:00,41 days 19:16:24,8 days 00:33:00,9,2529.93,1.2801207893841442,5,5,8,18
14660.0,14 days 00:54:00,,14 days 00:54:00,86 days 01:16:00,2,285.74,,0,1,3,4
14661.0,,,,26 days 00:59:00,1,107.95,,0,0,1,1
14662.0,117 days 23:14:20,154 days 10:22:00,99 days 17:40:30,28 days 00:37:00,7,1376.43,0.6458278997400869,0,4,7,11
14663.0,0 days 00:09:00,,0 days 00:09:00,429 days 23:29:00,2,490.6,,0,1,4,5
14664.0,13 days 20:03:00,,13 days 20:03:00,19 days 01:51:00,2,636.24,,0,1,5,6
14665.0,88 days 15:39:30,140 days 22:55:30,62 days 12:01:30,60 days 03:36:00,7,2749.65,0.443410657936549,0,4,8,12
14666.0,,,,23 days 23:53:00,1,195.25,,0,0,2,2
14667.0,13 days 17:11:10.188679,12 days 22:13:36.923076,14 days 11:26:35.555555,10 days 01:20:00,54,20395.34,1.119964722695989,6,9,10,25
14668.0,,,,444 days 21:47:00,1,111.63,,0,0,1,1
14669.0,82 days 15:46:10,37 days 23:36:30,104 days 23:51:00,241 days 01:07:00,7,3216.7799999999997,2.7641805234338577,0,4,9,13
14670.0,226 days 00:07:00,,226 days 00:07:00,279 days 22:37:00,3,583.3299999999999,,0,2,4,6
14671.0,18 days 19:18:00,,18 days 19:18:00,548 days 23:11:00,2,1127.45,,0,1,6,7
14672.0,148 days 15:35:20,164 days 22:50:00,140 days 11:58:00,234 days 02:31:00,4,1113.1399999999999,0.8517576727150254,0,3,6,9
14673.0,67 days 16:42:50,21 days 01:17:30,91 days 00:25:30,2 days 22:19:00,7,3037.3199999999997,4.323097221076936,0,4,9,13
14674.0,,,,508 days 22:25:00,1,173.66,,0,0,2,2
14675.0,372 days 00:36:00,,372 days 00:36:00,15 days 23:52:00,2,1015.58,,0,1,6,7
14676.0,55 days 06:54:27.272727,49 days 00:36:24,60 days 12:09:30,30 days 23:21:00,12,8356.789999999999,1.234191828478506,5,6,10,21
14677.0,,,,592 days 03:02:00,1,184.91,,0,0,2,2
14678.0,,,,578 days 22:18:00,1,403.39,,0,0,3,3
14679.0,174 days 21:19:00,,174 days 21:19:00,381 days 00:59:00,3,1289.44,,0,2,7,9
14680.0,12 days 11:01:27.368421,6 days 09:27:06.428571,18 days 07:34:37.241379,24 days 19:51:00,58,55688.5,2.864593653624618,1,9,10,20
14681.0,116 days 10:59:36,133 days 03:24:00,105 days 08:03:20,70 days 20:58:00,6,875.1500000000001,0.7911546459146134,0,4,6,10
14682.0,96 days 23:29:00,68 days 13:09:30,115 days 22:22:00,187 days 00:38:00,6,1514.81,1.6912455234805162,0,4,7,11
14683.0,,,,587 days 19:32:00,1,146.56,,0,0,1,1
14684.0,72 days 23:29:12,87 days 11:25:30,63 days 07:31:40,25 days 01:17:00,6,1430.0300000000002,0.7237828347179717,0,4,7,11
14685.0,21 days 10:30:51.428571,9 days 08:23:40,30 days 12:06:15,575 days 23:42:00,8,4536.64,3.2625770592458716,1,5,9,15
14686.0,61 days 06:00:30,0 days 00:04:00,81 days 15:59:20,413 days 18:19:00,5,852.5300000000001,29399.833333333332,0,3,5,8
14687.0,222 days 12:41:30,,222 days 12:41:30,106 days 00:51:00,3,1402.06,,0,2,7,9
14688.0,16 days 00:51:06.428571,13 days 07:20:27.692307,18 days 09:37:40,7 days 00:24:00,29,7549.700000000001,1.3829346758423762,4,8,10,22
14689.0,,,,208 days 01:28:00,1,112.8,,0,0,1,1
14690.0,122 days 01:06:20,18 days 02:31:00,174 days 00:24:00,43 days 21:11:00,4,777.6800000000001,9.61159909477964,0,3,5,8
14691.0,45 days 12:38:45,116 days 01:22:00,22 days 00:24:20,30 days 00:20:00,5,2114.33,0.18970771851302243,0,3,8,11
14692.0,43 days 15:22:10.909090,37 days 19:12:24,48 days 12:10:20,136 days 21:42:00,12,1715.14,1.28324919227029,5,6,7,18
14693.0,43 days 12:43:40,21 days 03:54:30,54 days 17:08:15,264 days 00:00:00,7,1165.3600000000001,2.5853828610805754,0,4,6,10
14694.0,,,,616 days 17:04:00,1,244.31,,0,0,2,2
14695.0,106 days 13:36:30,,106 days 13:36:30,518 days 22:32:00,3,1534.22,,0,2,7,9
14696.0,59 days 14:00:00,59 days 16:40:00,59 days 12:00:00,3 days 23:07:00,8,2473.28,0.996742671009772,7,5,8,20
14697.0,0 days 00:10:00,,0 days 00:10:00,217 days 21:11:00,2,188.60999999999999,,0,1,2,3
14698.0,12 days 11:53:00,3 days 23:22:00,15 days 08:03:20,1 days 00:24:00,5,1217.27,3.859373179540953,0,3,6,9
14699.0,103 days 16:56:40,32 days 00:51:00,139 days 12:59:30,213 days 21:56:00,4,702.6,4.355845310095164,0,3,5,8
14700.0,113 days 06:35:15,70 days 00:07:00,127 days 16:44:40,31 days 22:10:00,5,3076.06,1.824125970088056,0,3,9,12
14701.0,48 days 03:27:21.428571,61 days 08:04:10,38 days 05:59:45,10 days 00:12:00,15,4487.110000000001,0.6236090537697309,9,7,9,25
14702.0,25 days 23:58:06.428571,30 days 03:32:27.692307,22 days 09:40:20,0 days 17:21:00,29,6368.78,0.743112281360979,8,8,10,26
14703.0,,,,14 days 03:27:00,1,318.17,,0,0,3,3
14704.0,61 days 06:45:00,135 days 17:01:30,11 days 15:54:00,10 days 23:59:00,11,1752.92,0.08593732010039837,10,6,7,23
14705.0,,,,198 days 00:11:00,1,179.0,,0,0,2,2
14706.0,,,,618 days 01:41:00,1,367.54,,0,0,3,3
14707.0,141 days 00:30:00,,141 days 00:30:00,435 days 01:13:00,2,139.2,,0,1,1,2
14708.0,113 days 05:28:45,32 days 00:16:00,140 days 07:13:00,2 days 04:29:00,5,1793.22,4.382874869836862,0,3,7,10
14709.0,29 days 23:00:37.500000,32 days 06:11:05.454545,28 days 00:19:27.692307,14 days 21:09:00,25,8886.33,0.8684287225332263,7,8,10,25
14710.0,60 days 03:48:25,39 days 03:44:00,75 days 03:51:34.285714,13 days 21:57:00,13,1899.79,1.9195440449164065,2,7,8,17
14711.0,25 days 04:56:36,15 days 06:08:00,31 days 20:09:00,9 days 21:52:00,11,2839.62,2.0870812090313184,2,6,8,16
14712.0,129 days 15:23:20,305 days 22:44:00,41 days 11:43:00,28 days 23:51:00,4,1328.0700000000002,0.1356057235725116,0,3,7,10
14713.0,36 days 08:15:12,39 days 15:59:20,33 days 15:00:54.545454,8 days 20:24:00,21,5115.76,0.847714885051763,8,7,9,24
14714.0,221 days 00:25:20,112 days 00:07:00,275 days 12:34:30,23 days 23:43:00,4,906.24,2.4599285745286354,0,3,6,9
14715.0,94 days 23:58:51.428571,82 days 08:15:20,104 days 11:46:30,24 days 00:40:00,8,1825.45,1.2689527895065302,5,5,8,18
14716.0,200 days 14:41:00,,200 days 14:41:00,42 days 19:21:00,3,543.28,,0,2,4,6
14717.0,,,,732 days 23:45:00,1,81.3,,0,0,1,1
14718.0,,,,409 days 23:43:00,1,226.42,,0,0,2,2
14719.0,61 days 23:36:30,69 days 22:35:00,59 days 07:57:00,1 days 00:07:00,5,1581.8400000000001,0.8483046219530358,0,3,7,10
14720.0,60 days 11:58:00,,60 days 11:58:00,5 days 00:48:00,3,663.8100000000001,,0,2,5,7
14721.0,,,,378 days 23:42:00,1,109.07,,0,0,1,1
14722.0,169 days 12:45:00,,169 days 12:45:00,146 days 21:52:00,3,489.52000000000004,,0,2,4,6
14723.0,72 days 12:24:06,87 days 11:59:45,62 days 12:40:20,9 days 21:27:00,11,1803.06,0.7146072379773241,9,6,7,22
14724.0,,,,589 days 23:24:00,1,341.9,,0,0,3,3
14725.0,170 days 00:22:40,0 days 00:05:00,255 days 00:31:30,24 days 00:08:00,4,1252.74,73446.3,0,3,7,10
14726.0,,,,654 days 00:15:00,1,116.5,,0,0,1,1
14727.0,136 days 00:41:00,,136 days 00:41:00,273 days 22:05:00,3,463.73,,0,2,4,6
14728.0,,,,412 days 20:53:00,1,190.58,,0,0,2,2
14729.0,125 days 23:36:30,,125 days 23:36:30,373 days 00:07:00,3,586.24,,0,2,4,6
14730.0,39 days 07:07:08.571428,32 days 15:51:40,44 days 06:33:45,0 days 22:11:00,8,1897.57,1.3555494524965448,4,5,8,17
14731.0,82 days 13:24:00,,82 days 13:24:00,46 days 20:56:00,3,380.02,,0,2,3,5
14732.0,40 days 02:52:33.333333,28 days 03:31:37.500000,49 days 16:45:18,7 days 22:16:00,19,5517.07,1.765665699315041,3,7,10,20
14733.0,27 days 13:42:38.571428,11 days 15:51:20,39 days 12:06:07.500000,15 days 21:11:00,15,14335.15,3.3878265573510142,1,7,10,18
14734.0,41 days 22:56:20,57 days 17:49:00,34 days 01:30:00,425 days 00:46:00,4,1056.42,0.5899048695714921,0,3,6,9
14735.0,13 days 07:25:45.818181,15 days 06:16:40,11 days 10:15:15,3 days 00:41:00,56,12240.16,0.7487600485363264,8,9,10,27
14736.0,0 days 00:08:00,,0 days 00:08:00,484 days 21:29:00,2,374.04999999999995,,0,1,3,4
14737.0,132 days 07:35:40,47 days 02:20:00,174 days 22:13:30,3 days 02:34:00,4,3554.17,3.71414774402831,0,3,9,12
14738.0,86 days 05:49:22.500000,163 days 17:11:20,39 days 18:12:12,42 days 03:54:00,9,1821.9,0.24284995206813959,10,5,8,23
14739.0,30 days 13:08:47.500000,21 days 15:32:10.909090,38 days 01:53:36.923076,3 days 19:56:00,25,11573.62,1.7590560617301358,3,8,10,21
14740.0,45 days 12:39:42,24 days 01:17:45,59 days 20:14:20,196 days 18:33:00,11,4161.06,2.487873298159763,2,6,9,17
14741.0,67 days 15:52:30,28 days 01:05:30,87 days 11:16:00,11 days 04:02:00,7,1713.0900000000001,3.1188421586955712,0,4,7,11
14742.0,,,,434 days 22:43:00,1,579.85,,0,0,4,4
14743.0,,,,592 days 02:24:00,1,50.48,,0,0,1,1
14744.0,42 days 14:40:23.076923,30 days 08:18:30,53 days 02:59:08.571428,15 days 23:59:00,14,3660.08,1.750612557802518,3,7,9,19
14745.0,47 days 17:24:43.636363,23 days 05:28:36,68 days 03:21:30,112 days 02:45:00,12,2551.41,2.933500953702098,1,6,8,15
14746.0,5 days 17:12:40,8 days 01:39:00,4 days 12:59:30,405 days 22:06:00,4,593.5,0.5628281263447801,0,3,4,7
14747.0,,,,248 days 22:41:00,1,328.2,,0,0,3,3
14748.0,68 days 10:49:26.666666,52 days 00:08:30,81 days 14:34:12,28 days 18:17:00,10,2681.9,1.5691888607730158,3,6,8,17
14749.0,,,,479 days 00:14:00,1,310.15,,0,0,3,3
14750.0,,,,735 days 18:53:00,1,112.03,,0,0,1,1
14751.0,41 days 23:29:00,,41 days 23:29:00,683 days 23:13:00,2,126.45,,0,1,1,2
14752.0,,,,43 days 00:55:00,1,389.64,,0,0,3,3
14753.0,373 days 03:46:00,,373 days 03:46:00,86 days 22:00:00,2,869.51,,0,1,6,7
14754.0,129 days 04:59:24,81 days 14:18:30,160 days 22:46:40,44 days 00:49:00,6,1547.9299999999998,1.972507450449722,0,4,7,11
14755.0,30 days 06:46:22.500000,24 days 01:59:32.727272,35 days 12:39:50.769230,9 days 01:26:00,25,9972.55,1.47521674472079,4,8,10,22
14756.0,204 days 15:11:30,,204 days 15:11:30,14 days 18:37:00,3,2653.76,,0,2,8,10
14757.0,,,,74 days 22:14:00,1,420.5,,0,0,4,4
14758.0,77 days 15:59:00,107 days 00:37:30,62 days 23:39:45,144 days 04:29:00,7,2864.97,0.5885103897999903,0,4,8,12
14759.0,114 days 00:34:00,,114 days 00:34:00,4 days 00:47:00,3,1625.97,,0,2,7,9
14760.0,,,,296 days 20:23:00,1,89.2,,0,0,1,1
14761.0,192 days 22:54:00,,192 days 22:54:00,58 days 00:40:00,3,447.92,,0,2,4,6
14762.0,362 days 16:44:00,,362 days 16:44:00,263 days 04:30:00,2,417.57,,0,1,4,5
14764.0,,,,46 days 00:56:00,1,278.3,,0,0,2,2
14765.0,73 days 12:02:00,,73 days 12:02:00,28 days 16:57:00,3,254.11,,0,2,2,4
14766.0,54 days 07:41:24,43 days 01:47:30,61 days 19:37:20,7 days 20:45:00,11,6375.73,1.4351268926417047,4,6,10,20
14767.0,,,,473 days 21:56:00,1,382.81,,0,0,3,3
14768.0,109 days 23:29:00,,109 days 23:29:00,16 days 23:56:00,2,192.60000000000002,,0,1,2,3
14769.0,42 days 09:56:52.941176,41 days 15:32:45,43 days 02:18:20,2 days 02:26:00,18,19304.28,1.034775516102452,6,7,10,23
14770.0,59 days 23:20:25.714285,30 days 05:24:20,82 days 06:47:30,231 days 22:29:00,8,3637.64,2.7223277400381396,1,5,9,15
14771.0,115 days 03:08:00,,115 days 03:08:00,620 days 23:58:00,2,594.62,,0,1,4,5
14772.0,,,,111 days 21:46:00,1,139.26,,0,0,1,1
14773.0,,,,592 days 02:21:00,1,140.55,,0,0,1,1
14774.0,,,,528 days 00:24:00,1,241.45,,0,0,2,2
14775.0,156 days 23:24:30,,156 days 23:24:30,57 days 21:23:00,3,1011.9,,0,2,6,8
14776.0,28 days 05:14:25.714285,38 days 00:44:00,20 days 20:37:15,50 days 21:16:00,15,3708.3,0.5484853188225842,9,7,9,25
14777.0,,,,403 days 00:00:00,1,307.56,,0,0,3,3
14778.0,181 days 03:40:00,,181 days 03:40:00,126 days 21:27:00,2,730.86,,0,1,5,6
14779.0,21 days 12:19:00,,21 days 12:19:00,280 days 00:08:00,3,386.15,,0,2,3,5
14780.0,24 days 21:31:00,,24 days 21:31:00,54 days 00:04:00,2,447.68,,0,1,4,5
14782.0,,,,319 days 01:38:00,1,200.10000000000002,,0,0,2,2
14783.0,,,,658 days 20:34:00,1,307.3,,0,0,3,3
14784.0,181 days 13:50:30,,181 days 13:50:30,25 days 23:20:00,3,449.93,,0,2,4,6
14785.0,4 days 23:41:00,,4 days 23:41:00,9 days 23:29:00,2,77.4,,0,1,1,2
14786.0,,,,549 days 23:08:00,1,90.96,,0,0,1,1
14787.0,,,,470 days 22:12:00,1,110.65,,0,0,1,1
14788.0,294 days 11:25:00,,294 days 11:25:00,6 days 19:44:00,3,1156.32,,0,2,6,8
14789.0,,,,28 days 03:51:00,1,197.64,,0,0,2,2
14790.0,79 days 02:05:40,78 days 04:47:00,79 days 19:08:36,16 days 03:22:00,10,2526.62,1.0204392266910582,6,6,8,20
14791.0,,,,606 days 02:26:00,1,303.63,,0,0,3,3
14792.0,,,,63 days 03:31:00,1,6.2,,0,0,1,1
14793.0,513 days 21:56:00,,513 days 21:56:00,20 days 22:00:00,2,625.9000000000001,,0,1,5,6
14794.0,53 days 20:43:00,56 days 11:59:00,51 days 18:06:12,2 days 02:39:00,10,1953.9,0.9160166668715201,7,6,8,21
14795.0,,,,165 days 23:46:00,1,131.45000000000002,,0,0,1,1
14796.0,27 days 20:19:25.384615,33 days 19:33:50,22 days 17:32:47.142857,0 days 21:19:00,27,10169.33,0.6722162432809767,9,8,10,27
14797.0,,,,506 days 22:43:00,1,300.31,,0,0,3,3
14798.0,85 days 03:45:42.857142,38 days 17:52:20,119 days 23:10:45,52 days 01:52:00,8,724.3100000000001,3.096316996958961,1,5,5,11
14799.0,686 days 04:58:00,,686 days 04:58:00,50 days 20:34:00,2,338.15,,0,1,3,4
14800.0,24 days 05:53:00,14 days 09:49:51.428571,31 days 21:28:46.666666,47 days 00:04:00,17,7191.33,2.213450312528674,2,7,10,19
14801.0,,,,60 days 21:26:00,1,189.34,,0,0,2,2
14802.0,0 days 00:02:00,,0 days 00:02:00,437 days 20:16:00,2,1502.98,,0,1,7,8
14803.0,65 days 00:18:30,,65 days 00:18:30,161 days 22:52:00,3,845.55,,0,2,5,7
14804.0,,,,8 days 01:30:00,1,353.27,,0,0,3,3
14805.0,101 days 00:37:40,108 days 13:08:00,97 days 06:22:30,14 days 20:30:00,7,1082.55,0.8960673797886225,0,4,6,10
14806.0,363 days 23:42:00,,363 days 23:42:00,74 days 21:18:00,2,303.43,,0,1,3,4
14807.0,259 days 01:14:00,,259 days 01:14:00,390 days 00:03:00,2,504.14,,0,1,4,5
14808.0,18 days 23:55:25.714285,6 days 15:43:20,28 days 06:04:30,39 days 00:29:00,8,2718.6000000000004,4.2453391304347825,1,5,8,14
14809.0,0 days 00:02:00,,0 days 00:02:00,620 days 21:06:00,2,686.76,,0,1,5,6
14810.0,32 days 09:50:35,28 days 18:55:12,34 days 23:55:51.428571,40 days 01:31:00,13,2354.03,1.2156703415458132,5,7,8,20
14811.0,,,,386 days 23:41:00,1,170.5,,0,0,2,2
14812.0,,,,598 days 00:37:00,1,178.85,,0,0,2,2
14813.0,80 days 08:02:40,224 days 23:43:00,8 days 00:12:30,369 days 00:53:00,4,888.9100000000001,0.035596003494010486,0,3,6,9
14814.0,,,,580 days 22:40:00,1,154.21,,0,0,1,1
14815.0,31 days 00:00:00,,31 days 00:00:00,36 days 01:14:00,2,778.5,,0,1,5,6
14816.0,,,,196 days 23:34:00,1,271.85,,0,0,2,2
14817.0,71 days 04:14:10,57 days 11:58:00,78 days 00:22:15,199 days 23:15:00,7,3959.86,1.356823232445228,0,4,9,13
14818.0,114 days 18:50:36,94 days 12:44:00,128 days 06:55:00,73 days 01:49:00,6,1153.56,1.3571082248538098,0,4,6,10
14819.0,217 days 23:15:40,224 days 01:25:00,214 days 22:11:00,63 days 23:09:00,4,456.40999999999997,0.959230733468673,0,3,4,7
14820.0,82 days 00:21:30,95 days 00:08:00,74 days 05:17:36,20 days 21:09:00,9,1274.76,0.7812233202736683,8,5,7,20
14821.0,51 days 15:11:40,22 days 08:59:00,66 days 06:18:00,366 days 04:07:00,7,1230.1499999999999,2.9615444303050995,0,4,7,11
14822.0,,,,484 days 23:58:00,1,157.70000000000002,,0,0,1,1
14823.0,7 days 00:12:00,,7 days 00:12:00,179 days 23:38:00,3,321.43,,0,2,3,5
14824.0,69 days 16:08:06.666666,56 days 00:39:15,80 days 14:07:12,9 days 22:30:00,10,4022.9100000000003,1.4383772779246213,4,6,9,19
14825.0,26 days 11:21:54.782608,20 days 21:46:43.636363,31 days 13:49:10,3 days 01:12:00,24,4735.08,1.5102660031690578,4,7,9,20
14826.0,113 days 19:52:00,,113 days 19:52:00,581 days 03:50:00,2,385.20000000000005,,0,1,3,4
14828.0,44 days 15:54:45,41 days 19:46:48,46 days 16:34:42.857142,196 days 02:34:00,13,9839.46,1.1163587354084892,6,7,10,23
14829.0,67 days 20:30:20,24 days 11:56:00,89 days 12:47:30,28 days 20:34:00,7,1455.87,3.654821975280644,0,4,7,11
14830.0,,,,52 days 22:21:00,1,188.88,,0,0,2,2
14831.0,28 days 14:35:00,,28 days 14:35:00,679 days 22:19:00,3,1676.5700000000002,,0,2,7,9
14832.0,,,,629 days 21:36:00,1,322.69,,0,0,3,3
14833.0,,,,498 days 02:44:00,1,94.8,,0,0,1,1
14834.0,64 days 22:48:50,143 days 10:29:30,25 days 16:58:30,17 days 02:20:00,7,2206.16,0.17922338228850712,0,4,8,12
14835.0,88 days 14:34:00,,88 days 14:34:00,528 days 02:42:00,2,297.0,,0,1,3,4
14836.0,10 days 01:39:30,,10 days 01:39:30,9 days 20:05:00,3,102.44999999999999,,0,2,1,3
14837.0,74 days 09:04:45,72 days 23:45:20,75 days 05:04:24,89 days 01:52:00,9,3460.32,1.0304367681944462,6,5,9,20
14838.0,313 days 05:54:00,,313 days 05:54:00,422 days 21:04:00,2,769.9200000000001,,0,1,5,6
14839.0,142 days 22:16:00,,142 days 22:16:00,417 days 23:49:00,3,915.28,,0,2,6,8
14840.0,271 days 20:18:00,,271 days 20:18:00,267 days 00:50:00,2,362.71000000000004,,0,1,3,4
14841.0,52 days 14:38:00,56 days 23:43:40,48 days 20:33:08.571428,52 days 21:47:00,14,7163.0,0.8572995299235147,7,7,10,24
14842.0,88 days 07:01:40,116 days 17:06:00,74 days 01:59:30,43 days 00:13:00,4,2824.69,0.6347476586579082,0,3,8,11
14843.0,,,,436 days 00:11:00,1,211.79999999999998,,0,0,2,2
14844.0,60 days 07:45:40,43 days 23:45:45,73 days 09:21:36,63 days 02:09:00,10,6702.43,1.6683297616651471,3,6,10,19
14845.0,,,,599 days 02:31:00,1,150.0,,0,0,1,1
14846.0,,,,426 days 19:43:00,1,437.4,,0,0,4,4
14847.0,207 days 23:11:30,,207 days 23:11:30,148 days 01:58:00,3,1348.9499999999998,,0,2,7,9
14848.0,,,,404 days 00:28:00,1,310.56,,0,0,3,3
14849.0,16 days 02:50:25.714285,16 days 06:02:09,15 days 23:56:08.181818,21 days 01:52:00,43,15407.61,0.9843598286325544,7,8,10,25
14850.0,42 days 19:38:50,74 days 23:00:30,26 days 17:58:00,311 days 01:29:00,7,1770.96,0.35684474316869014,0,4,7,11
14851.0,303 days 13:14:00,,303 days 13:14:00,22 days 22:30:00,3,829.4100000000001,,0,2,5,7
14852.0,34 days 11:12:17.647058,20 days 20:21:15,46 days 13:44:20,57 days 23:30:00,18,6132.43,2.23389543517786,2,7,10,19
14853.0,145 days 07:52:30,62 days 06:26:00,173 days 00:21:20,23 days 19:54:00,5,1376.8700000000001,2.778548539394345,0,3,7,10
14854.0,60 days 19:55:12,103 days 00:38:30,32 days 16:46:20,77 days 19:50:00,11,4303.0599999999995,0.3173821070807088,10,6,9,25
14855.0,81 days 20:35:20,51 days 12:19:00,97 days 00:43:30,118 days 22:48:00,7,6520.3,1.8835991318297631,0,4,10,14
14856.0,10 days 02:39:00,,10 days 02:39:00,35 days 21:57:00,3,1290.53,,0,2,7,9
14857.0,95 days 19:43:50,38 days 23:21:00,124 days 05:55:15,59 days 03:27:00,7,3651.851,3.1880267636000785,0,4,9,13
14858.0,,,,505 days 01:59:00,1,180.75,,0,0,2,2
14859.0,135 days 12:13:00,350 days 04:16:00,63 days 22:52:00,12 days 01:32:00,5,1705.64,0.18262945805305242,0,3,7,10
14860.0,,,,18 days 22:33:00,1,170.32,,0,0,2,2
14861.0,75 days 10:44:40,58 days 11:13:30,89 days 00:45:36,51 days 23:56:00,10,1380.73,1.5227493808904489,4,6,7,17
14862.0,122 days 22:41:00,,122 days 22:41:00,25 days 02:49:00,2,841.2,,0,1,5,6
14863.0,,,,28 days 21:46:00,1,266.76,,0,0,2,2
14865.0,243 days 16:06:40,363 days 21:19:00,183 days 13:30:30,6 days 20:25:00,4,92.52000000000001,0.5044484817719118,0,3,1,4
14866.0,25 days 13:19:30,41 days 03:17:30,13 days 02:09:06,10 days 01:05:00,19,20746.54,0.318195399873391,10,7,10,27
14867.0,36 days 14:07:28,20 days 19:35:25.714285,50 days 09:20:30,185 days 01:11:00,16,2952.06,2.4206659740368384,2,7,9,18
14868.0,37 days 21:48:49.090909,51 days 18:21:24,26 days 08:41:40,2 days 22:01:00,12,4184.01,0.5092695692147808,9,6,9,24
14869.0,143 days 00:10:36,124 days 12:34:30,155 days 07:54:40,8 days 00:14:00,6,2778.14,1.2473875044498168,0,4,8,12
14870.0,84 days 09:57:12,84 days 13:22:00,84 days 07:40:40,261 days 01:59:00,6,1838.95,0.997196717092908,0,4,8,12
14871.0,91 days 21:13:07.500000,62 days 17:11:40,109 days 09:14:00,2 days 23:08:00,9,1228.17,1.7441157473194677,3,5,7,15
14872.0,74 days 22:56:30,,74 days 22:56:30,483 days 00:16:00,3,816.6,,0,2,5,7
14873.0,423 days 03:01:00,,423 days 03:01:00,209 days 22:58:00,2,854.1299999999999,,0,1,5,6
14874.0,,,,534 days 21:52:00,1,116.18,,0,0,1,1
14875.0,111 days 08:37:20,0 days 00:01:00,167 days 00:55:30,107 days 00:30:00,4,4259.48,240535.5,0,3,9,12
14876.0,40 days 01:08:00,,40 days 01:08:00,520 days 21:53:00,2,256.7,,0,1,2,3
14877.0,224 days 00:44:00,,224 days 00:44:00,417 days 23:41:00,2,425.85,,0,1,4,5
14878.0,26 days 20:00:02.500000,19 days 02:18:05.454545,33 days 09:07:50.769230,12 days 01:35:00,25,4076.5,1.7480430300692358,3,8,9,20
14879.0,,,,684 days 01:15:00,1,185.06,,0,0,2,2
14880.0,105 days 12:37:30,,105 days 12:37:30,76 days 23:08:00,3,690.59,,0,2,5,7
14881.0,,,,19 days 01:44:00,1,255.4,,0,0,2,2
14882.0,45 days 14:35:46.153846,17 days 08:09:20,69 days 20:07:00,26 days 00:03:00,14,3546.65,4.027620547872057,1,7,9,17
14883.0,38 days 14:30:48,69 days 02:34:30,18 days 06:28:20,18 days 02:27:00,6,761.59,0.26436683431392743,0,4,5,9
14884.0,,,,668 days 23:54:00,1,120.6,,0,0,1,1
14885.0,167 days 00:57:00,,167 days 00:57:00,131 days 00:45:00,3,1598.12,,0,2,7,9
14886.0,,,,252 days 03:54:00,1,364.8,,0,0,3,3
14887.0,,,,78 days 21:18:00,1,1862.0,,0,0,8,8
14888.0,,,,206 days 21:52:00,1,369.2,,0,0,3,3
14889.0,,,,335 days 21:31:00,1,135.9,,0,0,1,1
14890.0,203 days 01:28:30,,203 days 01:28:30,253 days 00:53:00,3,817.25,,0,2,5,7
14891.0,96 days 01:49:00,19 days 23:29:00,134 days 02:59:00,147 days 18:42:00,4,1106.73,6.713441551670201,0,3,6,9
14892.0,,,,690 days 03:52:00,1,202.35000000000002,,0,0,2,2
14893.0,304 days 01:44:00,,304 days 01:44:00,9 days 00:19:00,3,1809.6100000000001,,0,2,7,9
14894.0,326 days 01:34:30,,326 days 01:34:30,84 days 22:59:00,3,1492.81,,0,2,7,9
14895.0,19 days 12:11:22.702702,24 days 09:15:53.333333,14 days 21:16:34.736842,7 days 03:27:00,38,25119.54,0.6104524084581229,9,8,10,27
14896.0,75 days 13:22:34.285714,29 days 15:31:20,109 days 23:46:00,204 days 02:30:00,8,1826.0,3.710027015631588,1,5,8,14
14897.0,102 days 09:21:00,104 days 22:04:00,100 days 11:48:45,7 days 02:18:00,8,3140.54,0.9578032749993382,7,5,9,21
14898.0,54 days 20:10:18.461538,47 days 03:31:30,61 days 10:26:25.714285,22 days 21:56:00,14,3365.95,1.3030560316301256,5,7,9,21
14899.0,,,,394 days 21:30:00,1,1331.38,,0,0,7,7
14900.0,,,,521 days 21:41:00,1,13.919999999999998,,0,0,1,1
14901.0,44 days 07:05:16.363636,27 days 14:27:36,58 days 04:56:40,10 days 19:41:00,12,1919.0,2.1087227069475056,2,6,8,16
14902.0,263 days 22:59:30,,263 days 22:59:30,25 days 02:16:00,3,1035.6200000000001,,0,2,6,8
14903.0,64 days 07:04:15,32 days 00:45:00,75 days 01:10:40,20 days 20:43:00,5,2795.33,2.342995483288166,0,3,8,11
14904.0,141 days 16:02:20,19 days 02:52:00,202 days 22:37:30,1 days 23:55:00,4,1630.49,10.614466802266454,0,3,7,10
14905.0,82 days 16:52:08.571428,76 days 07:05:40,87 days 12:12:00,157 days 00:09:00,8,1971.39,1.146964323097601,6,5,8,19
14906.0,,,,444 days 20:20:00,1,68.44,,0,0,1,1
14907.0,39 days 22:26:16,31 days 20:20:25.714285,47 days 00:16:22.500000,2 days 22:36:00,16,5547.72,1.4761391707140081,4,7,10,21
14908.0,388 days 20:17:00,,388 days 20:17:00,73 days 23:54:00,2,381.90000000000003,,0,1,3,4
14909.0,113 days 00:34:30,,113 days 00:34:30,436 days 19:54:00,3,1404.6799999999998,,0,2,7,9
14910.0,17 days 07:40:00,23 days 01:03:00,14 days 10:58:30,2 days 02:44:00,4,434.35,0.6273845041135521,0,3,4,7
14911.0,1 days 20:20:29.022556,1 days 20:01:55.778894,1 days 20:38:56.700000,0 days 20:56:00,400,293994.29,1.0140107257554791,6,10,10,26
14912.0,133 days 03:22:12,140 days 08:13:00,128 days 08:08:20,16 days 03:30:00,6,1889.25,0.9144717201156564,0,4,8,12
14913.0,64 days 06:49:51.428571,32 days 10:43:20,88 days 03:54:45,35 days 04:21:00,8,4073.13,2.7171595205821504,2,5,9,16
14915.0,64 days 12:19:42,69 days 07:10:15,61 days 07:46:00,90 days 23:16:00,11,1811.25,0.8849161115439634,7,6,7,20
14916.0,78 days 03:11:51.428571,62 days 01:12:00,90 days 04:41:45,70 days 03:30:00,8,3042.9500000000003,1.4535964499955234,4,5,9,18
14917.0,0 days 01:44:00,,0 days 01:44:00,596 days 01:22:00,2,1123.75,,0,1,6,7
14918.0,61 days 21:04:00,29 days 09:28:00,81 days 08:49:36,115 days 01:00:00,9,5955.81,2.768134568134568,1,5,10,16
14919.0,,,,538 days 23:44:00,1,359.35,,0,0,3,3
14920.0,176 days 09:33:30,,176 days 09:33:30,212 days 02:18:00,3,1607.17,,0,2,7,9
14921.0,171 days 00:26:00,,171 days 00:26:00,29 days 23:33:00,2,1316.07,,0,1,7,8
14922.0,114 days 01:29:00,,114 days 01:29:00,393 days 01:36:00,2,843.74,,0,1,5,6
14923.0,,,,50 days 00:59:00,1,749.1,,0,0,5,5
14924.0,196 days 22:17:00,,196 days 22:17:00,245 days 03:25:00,3,931.01,,0,2,6,8
14926.0,216 days 21:14:00,,216 days 21:14:00,381 days 05:37:00,2,359.4,,0,1,3,4
14927.0,,,,396 days 00:20:00,1,308.2,,0,0,3,3
14928.0,,,,627 days 03:36:00,1,223.91000000000003,,0,0,2,2
14929.0,389 days 04:59:00,,389 days 04:59:00,31 days 19:29:00,2,836.69,,0,1,5,6
14930.0,99 days 14:13:48,68 days 00:10:30,120 days 15:36:00,108 days 02:19:00,6,5236.7300000000005,1.7740744711810927,0,4,9,13
14931.0,59 days 00:11:45,34 days 07:40:00,67 days 05:42:20,4 days 02:31:00,5,1257.68,1.9591730743288818,0,3,7,10
14932.0,20 days 02:32:00,,20 days 02:32:00,365 days 01:02:00,2,666.13,,0,1,5,6
14933.0,0 days 05:46:00,0 days 17:15:00,0 days 00:01:30,443 days 02:03:00,4,1770.0,0.0014492753623188406,0,3,7,10
14934.0,89 days 23:30:30,0 days 00:03:00,119 days 23:19:40,81 days 02:40:00,5,3503.5,57586.555555555555,0,3,9,12
14935.0,322 days 02:56:00,,322 days 02:56:00,296 days 22:06:00,2,2849.83,,0,1,8,9
14936.0,49 days 23:49:27.272727,81 days 14:33:36,23 days 15:32:40,33 days 02:20:00,12,12410.81,0.2897763890023509,10,6,10,26
14937.0,36 days 23:06:30,,36 days 23:06:30,56 days 00:21:00,3,1621.8799999999999,,0,2,7,9
14938.0,0 days 00:03:00,,0 days 00:03:00,561 days 23:12:00,2,2322.43,,0,1,8,9
14940.0,315 days 19:01:00,,315 days 19:01:00,417 days 02:03:00,2,531.49,,0,1,4,5
14941.0,,,,578 days 01:20:00,1,182.1,,0,0,2,2
14942.0,109 days 08:06:20,91 days 01:59:00,118 days 11:10:00,401 days 01:59:00,4,746.56,1.3006351070075253,0,3,5,8
14943.0,,,,662 days 20:46:00,1,107.62,,0,0,1,1
14944.0,35 days 01:21:16.666666,45 days 12:30:07.500000,26 days 16:26:12,29 days 03:40:00,19,9784.67,0.5862109339989817,9,7,10,26
14945.0,,,,413 days 01:24:00,1,179.4,,0,0,2,2
14946.0,,,,13 days 23:17:00,1,100.9,,0,0,1,1
14947.0,110 days 10:27:48,47 days 11:32:30,152 days 09:44:40,71 days 21:02:00,6,1049.79,3.209838263434373,0,4,6,10
14948.0,39 days 05:16:48,54 days 22:10:30,28 days 18:01:00,22 days 19:34:00,6,1101.9699999999998,0.5234636271107149,0,4,6,10
14949.0,84 days 00:03:20,30 days 22:19:00,110 days 12:55:30,468 days 21:12:00,4,515.0,3.573845393924426,0,3,4,7
14950.0,,,,18 days 23:02:00,1,371.2,,0,0,3,3
14951.0,,,,78 days 21:35:00,1,311.69,,0,0,3,3
14952.0,21 days 19:58:01.935483,18 days 12:27:04,24 days 22:30:48.750000,59 days 02:17:00,32,17629.35,1.3466352692209618,4,8,10,22
14953.0,136 days 16:54:20,17 days 00:21:00,196 days 13:11:00,24 days 21:51:00,4,971.3199999999999,11.55181421166483,0,3,6,9
14954.0,690 days 21:52:00,,690 days 21:52:00,11 days 22:20:00,2,462.12,,0,1,4,5
14955.0,,,,732 days 01:15:00,1,163.77,,0,0,2,2
14956.0,,,,420 days 20:10:00,1,1325.0,,0,0,7,7
14957.0,391 days 07:09:00,,391 days 07:09:00,252 days 18:51:00,2,261.69,,0,1,2,3
14958.0,117 days 18:51:36,70 days 11:14:30,149 days 07:56:20,146 days 22:30:00,6,941.99,2.1191169538488324,0,4,6,10
14959.0,77 days 09:47:40,80 days 22:38:00,75 days 15:22:30,63 days 18:27:00,4,695.42,0.9344918409718767,0,3,5,8
14960.0,162 days 23:16:00,,162 days 23:16:00,7 days 23:56:00,2,221.26999999999998,,0,1,2,3
14961.0,34 days 12:29:02.857142,33 days 04:38:06,35 days 17:26:16.363636,10 days 03:08:00,22,16410.15,1.0763246389975054,6,7,10,23
14962.0,104 days 14:15:00,12 days 21:55:00,150 days 10:25:00,270 days 03:08:00,4,366.91,11.649636999193332,0,3,3,6
14963.0,46 days 21:46:38.181818,26 days 04:54:00,64 days 03:50:30,9 days 00:34:00,12,3123.5699999999997,2.448468224943022,2,6,9,17
14964.0,,,,246 days 22:37:00,1,206.21,,0,0,2,2
14965.0,0 days 00:05:00,,0 days 00:05:00,95 days 23:30:00,2,596.0899999999999,,0,1,4,5
14966.0,141 days 23:42:24,160 days 23:24:30,129 days 07:54:20,14 days 00:30:00,6,1064.26,0.8034112078640981,0,4,6,10
14967.0,137 days 08:59:48,147 days 10:25:30,130 days 16:02:40,49 days 01:44:00,6,1982.6100000000001,0.8862825817826984,0,4,8,12
14968.0,428 days 00:30:00,,428 days 00:30:00,29 days 22:52:00,2,501.24,,0,1,4,5
14969.0,,,,703 days 00:07:00,1,906.23,,0,0,6,6
14970.0,49 days 14:00:35,21 days 18:38:48,69 days 10:41:51.428571,67 days 23:06:00,13,5577.35,3.1889567567269794,1,7,10,18
14971.0,4 days 01:47:00,,4 days 01:47:00,34 days 19:43:00,3,1097.98,,0,2,6,8
14972.0,252 days 22:37:00,,252 days 22:37:00,127 days 21:56:00,2,145.07,,0,1,1,2
14973.0,59 days 01:44:30,,59 days 01:44:30,106 days 20:59:00,3,1314.45,,0,2,7,9
14974.0,,,,36 days 23:49:00,1,89.94,,0,0,1,1
14975.0,363 days 23:57:00,,363 days 23:57:00,56 days 22:42:00,2,472.39,,0,1,4,5
14976.0,44 days 20:54:40,65 days 02:40:30,34 days 18:01:45,56 days 20:13:00,7,790.86,0.5337188901509697,0,4,5,9
14977.0,,,,725 days 02:13:00,1,31.929999999999996,,0,0,1,1
14978.0,57 days 13:35:13.333333,40 days 00:45:30,71 days 14:15:00,71 days 23:43:00,10,3112.19,1.7884310136957786,3,6,9,18
14979.0,,,,734 days 23:56:00,1,429.66,,0,0,4,4
14980.0,,,,736 days 22:41:00,1,150.68,,0,0,1,1
14981.0,177 days 02:41:00,,177 days 02:41:00,245 days 23:05:00,2,372.92,,0,1,3,4
14982.0,,,,571 days 20:58:00,1,237.78,,0,0,2,2
14983.0,,,,688 days 19:18:00,1,183.20000000000002,,0,0,2,2
14984.0,135 days 14:37:12,72 days 22:47:00,177 days 09:10:40,18 days 22:22:00,6,1260.51,2.4315845922936083,0,4,7,11
14985.0,159 days 18:38:00,,159 days 18:38:00,197 days 22:21:00,2,292.01,,0,1,3,4
14986.0,307 days 23:31:00,,307 days 23:31:00,375 days 21:25:00,2,563.1,,0,1,4,5
14987.0,103 days 02:43:17.142857,6 days 06:46:00,175 days 17:41:15,15 days 02:51:00,8,1550.6499999999999,27.974933672341365,1,5,7,13
14988.0,65 days 03:45:10,82 days 12:03:00,56 days 11:36:15,211 days 00:45:00,7,2038.65,0.6846312803548732,0,4,8,12
14989.0,,,,661 days 02:10:00,1,342.4,,0,0,3,3
14990.0,118 days 00:23:00,,118 days 00:23:00,611 days 22:56:00,2,304.16999999999996,,0,1,3,4
14991.0,,,,429 days 23:49:00,1,314.67,,0,0,3,3
14992.0,,,,441 days 19:02:00,1,210.5,,0,0,2,2
14993.0,,,,563 days 00:03:00,1,36.13,,0,0,1,1
14994.0,60 days 05:40:45,34 days 21:12:00,68 days 16:30:20,381 days 23:51:00,5,946.72,1.9690701810267028,0,3,6,9
14995.0,241 days 22:25:00,,241 days 22:25:00,38 days 01:11:00,2,231.98000000000002,,0,1,2,3
14996.0,0 days 00:01:30,,0 days 00:01:30,480 days 23:06:00,3,866.73,,0,2,5,7
14997.0,203 days 00:25:40,477 days 04:41:00,65 days 22:18:00,45 days 23:22:00,4,776.6,0.13815976168612595,0,3,5,8
14998.0,145 days 00:27:40,177 days 02:41:00,128 days 23:21:00,169 days 19:20:00,4,753.18,0.7282005638309135,0,3,5,8
14999.0,,,,592 days 02:03:00,1,129.48000000000002,,0,0,1,1
15000.0,,,,47 days 01:08:00,1,490.52,,0,0,4,4
15001.0,0 days 00:20:00,,0 days 00:20:00,393 days 22:59:00,2,199.10999999999999,,0,1,2,3
15002.0,72 days 14:53:00,54 days 00:02:00,83 days 18:59:36,115 days 02:06:00,9,4138.08,1.5516524780741237,4,5,9,18
15003.0,41 days 19:44:00,6 days 23:39:30,65 days 01:07:00,472 days 21:06:00,6,1027.03,9.311297778219593,0,4,6,10
15004.0,,,,146 days 22:45:00,1,1220.77,,0,0,6,6
15005.0,12 days 21:49:23.571428,13 days 10:42:57.777777,12 days 09:49:10.344827,15 days 00:25:00,57,13899.44,0.9228532042319683,7,9,10,26
15006.0,402 days 02:05:00,,402 days 02:05:00,50 days 21:42:00,2,757.78,,0,1,5,6
15007.0,,,,158 days 20:50:00,1,156.91,,0,0,1,1
15008.0,157 days 01:56:00,,157 days 01:56:00,479 days 23:41:00,2,360.0,,0,1,3,4
15009.0,6 days 09:57:30,,6 days 09:57:30,11 days 23:15:00,3,1259.43,,0,2,7,9
15010.0,,,,35 days 00:08:00,1,308.94,,0,0,3,3
15011.0,20 days 23:05:00,,20 days 23:05:00,395 days 01:40:00,2,416.6,,0,1,4,5
15012.0,261 days 12:16:30,,261 days 12:16:30,53 days 00:28:00,3,646.26,,0,2,5,7
15013.0,21 days 02:38:53.333333,18 days 00:18:30,23 days 14:07:12,487 days 00:45:00,10,1610.82,1.3095283073423676,5,6,7,18
15014.0,133 days 00:27:00,,133 days 00:27:00,42 days 16:43:00,2,257.66999999999996,,0,1,2,3
15015.0,18 days 15:55:20,15 days 18:47:12,20 days 17:18:17.142857,500 days 23:00:00,13,2354.97,1.3128887726725391,5,7,8,20
15016.0,92 days 17:45:00,121 days 00:26:00,83 days 07:31:20,172 days 00:44:00,5,620.89,0.6884379817826388,0,3,5,8
15017.0,,,,33 days 02:17:00,1,125.58,,0,0,1,1
15018.0,164 days 13:00:00,,164 days 13:00:00,38 days 00:03:00,3,496.21000000000004,,0,2,4,6
15019.0,,,,266 days 00:15:00,1,252.81,,0,0,2,2
15020.0,,,,378 days 23:21:00,1,198.47,,0,0,2,2
15021.0,44 days 12:39:49.090909,55 days 23:09:24,34 days 23:55:10,8 days 00:57:00,12,2500.59,0.6253324465334978,9,6,8,23
15022.0,166 days 11:08:15,629 days 23:45:00,11 days 22:56:00,11 days 00:15:00,5,1133.44,0.018977386089937553,0,3,6,9
15023.0,35 days 07:39:53.684210,33 days 21:07:06.666666,36 days 14:45:24,2 days 19:27:00,20,11578.65,1.080723961702335,6,7,10,23
15024.0,27 days 15:43:28,8 days 03:33:00,44 days 17:22:37.500000,9 days 00:44:00,16,3559.39,5.489016023182477,1,7,9,17
15025.0,535 days 01:52:00,,535 days 01:52:00,32 days 21:30:00,2,979.79,,0,1,6,7
15026.0,92 days 00:00:00,72 days 23:58:00,98 days 08:00:40,79 days 22:58:00,5,1048.8899999999999,1.3470639344990074,0,3,6,9
15027.0,65 days 23:30:46.666666,56 days 00:11:15,73 days 22:58:24,30 days 02:34:00,10,3195.6,1.3204804637249887,5,6,9,20
15028.0,77 days 04:42:48,12 days 23:07:30,120 days 00:26:20,7 days 22:44:00,6,962.94,9.258140261595464,0,4,6,10
15029.0,,,,619 days 00:34:00,1,365.1,,0,0,3,3
15030.0,81 days 23:05:42.857142,72 days 05:43:40,89 days 06:07:15,71 days 02:00:00,8,1979.91,1.2355577737117516,5,5,8,18
15031.0,55 days 22:12:23.076923,31 days 23:51:10,76 days 10:30:34.285714,3 days 22:31:00,14,3102.94,2.3891422638577273,2,7,9,18
15032.0,67 days 13:39:25.714285,94 days 23:19:40,47 days 00:24:15,255 days 21:47:00,8,11010.05,0.4950600688799573,9,5,10,24
15033.0,36 days 02:34:40,51 days 12:42:30,23 days 18:28:24,4 days 00:10:00,10,2557.18,0.46128364947272665,10,6,8,24
15034.0,43 days 05:26:13.846153,37 days 07:22:50,48 days 07:12:00,15 days 00:39:00,14,8231.2,1.2946450454027927,5,7,10,22
15035.0,,,,89 days 01:42:00,1,252.73000000000002,,0,0,2,2
15036.0,53 days 13:41:30,,53 days 13:41:30,71 days 21:08:00,3,429.56,,0,2,4,6
15037.0,0 days 00:51:00,,0 days 00:51:00,375 days 23:45:00,2,397.76,,0,1,3,4
15038.0,45 days 20:37:15,18 days 14:46:20,62 days 04:55:48,58 days 01:17:00,9,1146.53,3.3415909175692313,1,5,6,12
15039.0,7 days 19:49:28.695652,7 days 20:48:45.333333,7 days 18:52:43.404255,9 days 01:19:00,93,39141.48,0.989757731929951,7,9,10,26
15040.0,,,,541 days 01:10:00,1,7.49,,0,0,1,1
15041.0,274 days 03:00:00,,274 days 03:00:00,169 days 20:34:00,2,289.4,,0,1,3,4
15042.0,396 days 02:24:00,,396 days 02:24:00,198 days 20:25:00,2,315.45000000000005,,0,1,3,4
15043.0,100 days 09:19:12,21 days 00:21:30,153 days 07:17:40,30 days 22:24:00,6,2870.3199999999997,7.295000798594474,0,4,8,12
15044.0,20 days 16:53:08.823529,20 days 11:50:11.250000,20 days 21:22:26.666666,18 days 23:30:00,35,16024.150000000001,1.0193918437296725,6,8,10,24
15045.0,105 days 23:49:00,,105 days 23:49:00,151 days 01:17:00,2,735.66,,0,1,5,6
15046.0,28 days 13:03:22.500000,33 days 08:37:49.090909,24 days 11:15:46.153846,8 days 21:00:00,25,7623.79,0.733500616064702,8,8,10,26
15047.0,,,,269 days 02:01:00,1,343.62,,0,0,3,3
15048.0,101 days 00:53:20,147 days 23:25:00,77 days 13:37:30,64 days 21:55:00,4,381.0,0.5241922237604711,0,3,3,6
15049.0,,,,273 days 00:37:00,1,121.17000000000002,,0,0,1,1
15050.0,113 days 19:04:15,59 days 02:18:00,132 days 00:39:40,24 days 20:33:00,5,4087.19,2.234126144758592,0,3,9,12
15051.0,89 days 09:16:07.500000,79 days 07:00:00,95 days 10:37:48,22 days 21:12:00,9,3926.91,1.2036941671045718,5,5,9,19
15052.0,,,,318 days 20:58:00,1,207.73000000000002,,0,0,2,2
15053.0,138 days 12:01:00,,138 days 12:01:00,4 days 00:42:00,3,693.95,,0,2,5,7
15054.0,28 days 00:29:00,,28 days 00:29:00,11 days 21:48:00,2,302.1,,0,1,3,4
15055.0,124 days 09:39:00,,124 days 09:39:00,474 days 01:44:00,3,549.12,,0,2,4,6
15056.0,,,,519 days 20:52:00,1,113.64999999999999,,0,0,1,1
15057.0,114 days 17:57:30,108 days 20:24:00,116 days 17:08:40,274 days 21:33:00,5,3255.96,1.072249442828221,0,3,9,12
15058.0,41 days 20:51:20,50 days 13:18:00,34 days 06:28:00,24 days 21:53:00,16,3387.58,0.6778757658177422,9,7,9,25
15059.0,38 days 11:57:40,40 days 06:05:30,37 days 02:15:24,40 days 01:15:00,19,3491.2,0.9215033080021737,7,7,9,23
15060.0,0 days 07:54:40,0 days 00:14:00,0 days 11:45:00,7 days 23:03:00,4,294.25,50.357142857142854,0,3,3,6
15061.0,5 days 19:59:54.285714,4 days 23:09:53.225806,6 days 16:10:51.562500,3 days 00:44:00,127,126389.01999999999,1.3441973621298493,4,10,10,24
15062.0,77 days 00:10:00,62 days 06:19:00,88 days 01:33:15,70 days 19:59:00,8,2585.62,1.4143950969785521,4,5,8,17
15063.0,,,,212 days 23:25:00,1,370.79999999999995,,0,0,3,3
15064.0,102 days 07:25:00,141 days 18:25:00,82 days 13:55:00,409 days 22:18:00,4,1254.41,0.5825026329324745,0,3,7,10
15065.0,93 days 06:08:00,119 days 03:41:00,84 days 14:57:00,37 days 03:05:00,5,3326.86,0.7102010129326674,0,3,9,12
15066.0,,,,52 days 23:25:00,1,893.59,,0,0,6,6
15067.0,132 days 05:21:30,193 days 22:36:00,111 days 15:36:40,77 days 23:30:00,5,3862.8799999999997,0.5756909532744191,0,3,9,12
15068.0,191 days 16:29:40,203 days 02:50:00,185 days 23:19:30,45 days 22:03:00,4,1174.9,0.9155851482101952,0,3,6,9
15069.0,,,,178 days 22:34:00,1,1109.53,,0,0,6,6
15070.0,175 days 22:47:00,,175 days 22:47:00,372 days 01:27:00,3,737.0500000000001,,0,2,5,7
15071.0,158 days 23:39:20,184 days 00:45:00,146 days 11:06:30,93 days 01:07:00,4,1455.5600000000002,0.7958585687062508,0,3,7,10
15072.0,,,,478 days 21:04:00,1,187.51999999999998,,0,0,2,2
15073.0,96 days 00:16:34.285714,89 days 10:16:20,100 days 22:46:45,9 days 02:06:00,8,2788.02,1.1288312552254685,6,5,8,19
15074.0,181 days 01:29:00,,181 days 01:29:00,104 days 22:05:00,3,1553.1299999999999,,0,2,7,9
15075.0,,,,77 days 00:23:00,1,773.03,,0,0,5,5
15076.0,174 days 21:06:00,,174 days 21:06:00,172 days 04:27:00,3,1447.7400000000002,,0,2,7,9
15077.0,235 days 18:03:00,,235 days 18:03:00,494 days 01:37:00,2,2428.08,,0,1,8,9
15078.0,14 days 00:04:11.538461,16 days 15:28:02.400000,11 days 13:22:06.666666,6 days 21:09:00,53,17286.73,0.694345933630785,9,9,10,28
15079.0,51 days 21:44:18,57 days 13:04:30,48 days 03:30:50,212 days 00:05:00,11,3625.4,0.8366771456212653,8,6,9,23
15080.0,74 days 01:49:00,,74 days 01:49:00,427 days 00:58:00,2,546.25,,0,1,4,5
15081.0,46 days 15:53:00,24 days 00:08:12,65 days 13:00:20,21 days 19:42:00,12,1854.57,2.7302646169986673,1,6,8,15
15082.0,,,,668 days 02:27:00,1,93.35000000000001,,0,0,1,1
15083.0,,,,256 days 00:32:00,1,88.2,,0,0,1,1
15084.0,266 days 01:13:00,,266 days 01:13:00,379 days 00:52:00,2,965.1999999999999,,0,1,6,7
15085.0,,,,729 days 01:03:00,1,347.54,,0,0,3,3
15086.0,60 days 22:31:00,,60 days 22:31:00,564 days 00:23:00,2,218.53,,0,1,2,3
15087.0,,,,281 days 02:16:00,1,306.94,,0,0,3,3
15088.0,45 days 23:09:00,,45 days 23:09:00,20 days 23:36:00,2,1160.0700000000002,,0,1,6,7
15089.0,23 days 14:51:24,17 days 00:54:00,28 days 00:09:40,9 days 20:19:00,6,2420.84,1.643827613380071,0,4,8,12
15090.0,,,,307 days 22:47:00,1,381.32,,0,0,3,3
15091.0,303 days 12:30:30,,303 days 12:30:30,67 days 00:03:00,3,1046.6100000000001,,0,2,6,8
15092.0,123 days 12:48:30,,123 days 12:48:30,214 days 22:40:00,3,776.46,,0,2,5,7
15093.0,32 days 09:50:08.181818,29 days 04:55:54,35 days 01:55:20,17 days 23:41:00,23,13702.380000000001,1.2011473618049628,5,7,10,22
15094.0,181 days 03:59:00,,181 days 03:59:00,462 days 19:55:00,2,83.0,,0,1,1,2
15095.0,64 days 21:36:00,66 days 18:32:15,63 days 09:39:00,103 days 00:49:00,10,3141.64,0.9495253621210112,7,6,9,22
15096.0,,,,42 days 02:23:00,1,219.39000000000001,,0,0,2,2
15097.0,289 days 11:50:30,,289 days 11:50:30,3 days 22:47:00,3,908.3499999999999,,0,2,6,8
15098.0,0 days 00:05:30,,0 days 00:05:30,181 days 21:17:00,3,39916.5,,0,2,10,12
15099.0,,,,83 days 23:37:00,1,410.48,,0,0,4,4
15100.0,61 days 07:20:20,157 days 00:40:30,13 days 10:40:15,333 days 02:15:00,7,2193.8999999999996,0.0856191720786041,0,4,8,12
15101.0,116 days 08:39:36,35 days 12:58:00,170 days 05:47:20,8 days 02:32:00,6,1477.94,4.790092096864538,0,4,7,11
15102.0,16 days 02:00:00,,16 days 02:00:00,530 days 00:34:00,2,554.67,,0,1,4,5
15103.0,55 days 00:59:00,,55 days 00:59:00,30 days 21:57:00,2,703.36,,0,1,5,6
15104.0,85 days 22:13:00,,85 days 22:13:00,196 days 00:21:00,2,993.54,,0,1,6,7
15105.0,76 days 00:34:30,179 days 23:47:40,13 days 15:26:36,17 days 19:56:00,9,3094.91,0.07580067467202015,10,5,9,24
15106.0,62 days 23:06:00,57 days 19:49:00,64 days 16:11:40,17 days 03:34:00,5,1422.52,1.1184434383343942,0,3,7,10
15107.0,17 days 12:29:52.500000,26 days 08:59:20,12 days 05:00:12,310 days 22:04:00,9,824.35,0.4628885885306044,10,5,5,20
15108.0,28 days 15:50:00,40 days 01:57:00,22 days 22:46:30,141 days 02:26:00,4,1300.25,0.572560943916004,0,3,7,10
15109.0,244 days 22:42:30,,244 days 22:42:30,245 days 02:52:00,3,983.0999999999999,,0,2,6,8
15110.0,92 days 08:41:24,83 days 09:56:00,98 days 07:51:40,23 days 01:34:00,6,1505.8500000000001,1.1787910575332734,0,4,7,11
15111.0,140 days 18:56:30,168 days 01:20:00,131 days 16:48:40,28 days 19:52:00,5,2442.37,0.7836721763085399,0,3,8,11
15112.0,,,,610 days 22:33:00,1,209.4,,0,0,2,2
15113.0,22 days 08:28:00,,22 days 08:28:00,9 days 04:27:00,3,3509.43,,0,2,9,11
15114.0,35 days 12:56:27.272727,47 days 17:48:00,25 days 08:53:30,29 days 21:45:00,12,3400.12,0.5314118228893931,9,6,9,24
15115.0,714 days 03:39:00,,714 days 03:39:00,17 days 21:51:00,2,531.85,,0,1,4,5
15116.0,62 days 09:11:40,70 days 00:58:00,58 days 13:18:30,17 days 00:25:00,4,1352.75,0.8360120168950406,0,3,7,10
15117.0,88 days 12:56:08.571428,139 days 15:39:40,50 days 04:53:30,14 days 04:38:00,8,2485.9700000000003,0.3594908992058664,10,5,8,23
15118.0,,,,133 days 21:56:00,1,244.8,,0,0,2,2
15119.0,,,,245 days 03:42:00,1,266.4,,0,0,2,2
15120.0,,,,133 days 03:02:00,1,358.82,,0,0,3,3
15121.0,238 days 02:10:00,,238 days 02:10:00,49 days 21:59:00,2,457.71999999999997,,0,1,4,5
15122.0,50 days 12:16:18,30 days 05:02:15,64 days 01:05:40,113 days 20:02:00,11,4487.27,2.120020611960684,2,6,9,17
15123.0,156 days 12:50:45,195 days 04:09:00,143 days 15:44:40,6 days 23:38:00,5,4656.17,0.736044841528227,0,3,9,12
15124.0,209 days 15:46:40,175 days 01:42:00,226 days 22:49:00,22 days 02:41:00,4,450.82,1.2963364035192104,0,3,4,7
15125.0,25 days 18:48:10.434782,37 days 08:37:16.363636,15 days 04:08:10,24 days 22:53:00,24,17024.87,0.4061203395463785,10,7,10,27
15126.0,150 days 19:22:00,,150 days 19:22:00,536 days 00:19:00,2,449.49,,0,1,4,5
15127.0,454 days 00:23:00,,454 days 00:23:00,65 days 02:20:00,2,711.5,,0,1,5,6
15128.0,92 days 11:17:00,210 days 19:46:00,53 days 00:27:20,59 days 22:56:00,5,1783.6799999999998,0.25148502675793133,0,3,7,10
15129.0,25 days 10:47:30,18 days 16:43:24,31 days 01:50:55,49 days 22:10:00,23,6860.18,1.6621569588783982,3,7,10,20
15130.0,,,,169 days 02:35:00,1,330.11,,0,0,3,3
15131.0,,,,394 days 00:43:00,1,80.28,,0,0,1,1
15132.0,61 days 01:17:00,62 days 20:51:00,60 days 10:45:40,17 days 19:40:00,5,977.9300000000001,0.9615012168943972,0,3,6,9
15133.0,98 days 05:33:15,138 days 02:45:00,84 days 22:29:20,127 days 02:06:00,5,1806.9,0.6149751531454526,0,3,7,10
15134.0,45 days 07:34:33.333333,61 days 05:26:15,32 days 14:05:12,14 days 03:55:00,10,1596.29,0.5322354075397332,9,6,7,22
15135.0,317 days 05:43:00,,317 days 05:43:00,238 days 17:34:00,2,305.68,,0,1,3,4
15136.0,31 days 06:47:00,74 days 00:30:00,9 days 21:55:30,2 days 00:24:00,4,1286.7,0.13392907402195328,0,3,7,10
15137.0,159 days 17:56:00,,159 days 17:56:00,520 days 03:09:00,2,823.4,,0,1,5,6
15138.0,,,,393 days 03:34:00,1,502.52,,0,0,4,4
15139.0,96 days 22:55:00,,96 days 22:55:00,239 days 01:11:00,2,178.96,,0,1,2,3
15140.0,55 days 17:17:08.571428,81 days 07:18:00,36 days 12:46:30,51 days 22:43:00,8,3243.69,0.4493286526930764,10,5,9,24
15141.0,27 days 07:15:50,21 days 10:57:00,30 days 05:25:15,457 days 01:17:00,7,1388.47,1.4087209114153478,0,4,7,11
15142.0,90 days 19:57:12,33 days 03:00:30,129 days 07:15:00,45 days 23:59:00,6,2619.92,3.903418203163489,0,4,8,12
15143.0,206 days 22:05:00,,206 days 22:05:00,225 days 00:47:00,2,563.63,,0,1,4,5
15144.0,25 days 15:33:27.857142,35 days 20:19:04.615384,16 days 19:25:56,7 days 21:38:00,29,12160.31,0.4689338666286106,10,8,10,28
15145.0,81 days 08:40:20,21 days 01:20:00,111 days 12:20:30,3 days 19:29:00,4,1194.73,5.2961906332453825,0,3,6,9
15146.0,126 days 23:02:00,,126 days 23:02:00,164 days 00:41:00,2,1327.16,,0,1,7,8
15147.0,,,,239 days 20:53:00,1,623.5,,0,0,5,5
15148.0,,,,10 days 04:29:00,1,301.29,,0,0,3,3
15149.0,128 days 23:56:15,0 days 00:01:00,171 days 23:54:40,133 days 01:52:00,5,1554.6100000000001,247674.66666666666,0,3,7,10
15150.0,43 days 20:04:15,77 days 15:30:24,19 days 16:28:25.714285,16 days 23:58:00,13,8977.94,0.25354017668675427,10,7,10,27
15151.0,86 days 04:18:00,,86 days 04:18:00,422 days 20:13:00,2,2085.61,,0,1,8,9
15152.0,53 days 05:19:46.153846,97 days 23:36:20,14 days 20:31:17.142857,9 days 00:18:00,14,5263.83,0.15160766554965993,10,7,9,26
15153.0,,,,30 days 19:41:00,1,329.25,,0,0,3,3
15154.0,201 days 11:12:00,,201 days 11:12:00,74 days 20:45:00,3,1343.72,,0,2,7,9
15155.0,,,,382 days 23:51:00,1,383.96999999999997,,0,0,3,3
15156.0,16 days 02:50:30,,16 days 02:50:30,0 days 18:28:00,3,961.49,,0,2,6,8
15157.0,181 days 11:11:00,159 days 22:45:00,188 days 15:19:40,3 days 01:22:00,5,2654.11,1.1793755200984117,0,3,8,11
15158.0,356 days 00:07:00,,356 days 00:07:00,44 days 22:57:00,2,606.02,,0,1,4,5
15159.0,13 days 00:48:18.181818,15 days 10:41:33.750000,10 days 18:19:21.176470,1 days 00:45:00,34,22116.73,0.6968643925608494,9,8,10,27
15160.0,21 days 07:36:20,20 days 20:58:00,21 days 12:55:30,356 days 22:35:00,4,589.27,1.031855080178322,0,3,4,7
15161.0,,,,387 days 20:42:00,1,119.92,,0,0,1,1
15162.0,,,,730 days 23:36:00,1,312.9,,0,0,3,3
15163.0,173 days 21:48:00,,173 days 21:48:00,17 days 23:40:00,2,304.47,,0,1,3,4
15164.0,77 days 17:48:52.500000,57 days 22:58:00,89 days 14:43:24,68 days 00:45:00,9,2028.1100000000001,1.5462076733207122,4,5,8,17
15165.0,,,,372 days 22:47:00,1,487.75,,0,0,4,4
15166.0,,,,467 days 00:19:00,1,167.16,,0,0,2,2
15167.0,88 days 05:37:00,228 days 03:19:00,41 days 14:23:00,320 days 00:09:00,5,1627.62,0.18234257379329658,0,3,7,10
15168.0,,,,25 days 01:24:00,1,106.56,,0,0,1,1
15169.0,344 days 01:48:00,,344 days 01:48:00,381 days 23:46:00,2,569.22,,0,1,4,5
15170.0,,,,406 days 02:16:00,1,81.15,,0,0,1,1
15171.0,,,,330 days 21:14:00,1,1289.5,,0,0,7,7
15172.0,56 days 23:58:45,39 days 21:52:00,62 days 16:41:00,8 days 00:59:00,5,1624.05,1.5708692928730512,0,3,7,10
15173.0,39 days 11:39:10,26 days 12:44:30,45 days 23:06:30,380 days 02:29:00,7,1494.6,1.7324268083602716,0,4,7,11
15174.0,87 days 23:26:00,,87 days 23:26:00,322 days 03:44:00,2,481.46,,0,1,4,5
15175.0,,,,71 days 01:19:00,1,224.14,,0,0,2,2
15176.0,,,,667 days 02:14:00,1,988.04,,0,0,6,6
15177.0,,,,425 days 00:02:00,1,948.93,,0,0,6,6
15178.0,,,,259 days 21:38:00,1,40.5,,0,0,1,1
15179.0,59 days 20:02:10,41 days 23:59:48,72 days 13:46:42.857142,17 days 23:57:00,13,7491.92,1.7279606461281287,3,7,10,20
15180.0,110 days 23:45:00,,110 days 23:45:00,366 days 21:53:00,3,816.9300000000001,,0,2,5,7
15181.0,166 days 04:44:00,310 days 16:45:00,118 days 00:43:40,65 days 22:52:00,5,1200.2,0.37988772290579376,0,3,6,9
15182.0,50 days 04:57:24,51 days 18:28:45,49 days 03:56:30,153 days 23:13:00,11,2998.952,0.9496671641040259,7,6,9,22
15183.0,18 days 11:36:00,,18 days 11:36:00,547 days 02:07:00,3,639.9300000000001,,0,2,5,7
15184.0,231 days 08:31:40,336 days 00:35:00,179 days 00:30:00,28 days 23:09:00,4,685.39,0.5327615603203306,0,3,5,8
15185.0,,,,69 days 22:44:00,1,310.62,,0,0,3,3
15186.0,170 days 13:11:00,120 days 03:46:00,187 days 08:19:20,13 days 21:52:00,5,1403.2,1.5591837835546873,0,3,7,10
15187.0,14 days 01:28:28,20 days 06:04:17.142857,8 days 15:27:07.500000,1 days 00:54:00,16,4777.18,0.426793411707113,10,7,9,26
15188.0,,,,724 days 23:20:00,1,310.43,,0,0,3,3
15189.0,11 days 06:55:40,15 days 08:33:40.909090,7 days 09:32:20.869565,0 days 23:28:00,46,17524.38,0.481708469610533,10,8,10,28
15190.0,,,,433 days 23:41:00,1,834.4399999999999,,0,0,5,5
15191.0,112 days 13:31:00,,112 days 13:31:00,462 days 21:13:00,3,588.05,,0,2,4,6
15192.0,140 days 00:22:00,104 days 03:37:00,151 days 23:17:00,119 days 01:09:00,5,1666.39,1.4591370676837114,0,3,7,10
15193.0,,,,60 days 04:27:00,1,499.32,,0,0,4,4
15194.0,27 days 03:43:26.666666,28 days 07:43:18.461538,26 days 01:43:34.285714,2 days 21:40:00,28,12021.53,0.9205621994131437,7,8,10,25
15195.0,,,,2 days 00:30:00,1,3861.0,,0,0,9,9
15196.0,293 days 23:36:00,,293 days 23:36:00,432 days 02:00:00,2,313.7,,0,1,3,4
15197.0,143 days 13:48:48,166 days 23:29:30,127 days 23:21:40,10 days 02:50:00,6,1877.5100000000002,0.7664048653320829,0,4,8,12
15198.0,149 days 07:10:15,72 days 04:14:00,175 days 00:09:00,91 days 22:08:00,5,571.35,2.424702214867127,0,3,4,7
15199.0,57 days 08:33:06.666666,35 days 05:48:30,75 days 01:08:48,58 days 21:38:00,10,3122.4,2.1294974235691697,2,6,9,17
15200.0,,,,494 days 03:12:00,1,549.05,,0,0,4,4
15201.0,87 days 08:00:30,181 days 23:36:00,40 days 00:12:45,86 days 21:57:00,7,1842.95,0.2198490017400861,0,4,8,12
15202.0,0 days 00:13:00,,0 days 00:13:00,419 days 23:45:00,3,6001.49,,0,2,10,12
15203.0,50 days 09:35:00,41 days 06:41:30,57 days 05:45:07.500000,25 days 04:34:00,15,4400.18,1.3866595728573472,4,7,9,20
15204.0,,,,356 days 23:01:00,1,316.58,,0,0,3,3
15205.0,42 days 03:29:00,,42 days 03:29:00,84 days 17:14:00,2,653.24,,0,1,5,6
15206.0,88 days 09:34:00,130 days 02:27:00,67 days 13:07:30,9 days 23:09:00,4,420.3,0.5191836538615511,0,3,4,7
15207.0,65 days 10:00:00,,65 days 10:00:00,415 days 23:21:00,3,683.92,,0,2,5,7
15208.0,84 days 10:37:24,130 days 00:47:00,54 days 01:11:00,0 days 19:26:00,6,970.52,0.4156595299257131,0,4,6,10
15209.0,,,,729 days 19:24:00,1,178.98000000000002,,0,0,2,2
15210.0,175 days 00:44:30,,175 days 00:44:30,224 days 20:39:00,3,1176.19,,0,2,6,8
15211.0,304 days 21:23:00,,304 days 21:23:00,59 days 23:19:00,2,894.4100000000001,,0,1,6,7
15212.0,135 days 03:00:00,,135 days 03:00:00,240 days 23:05:00,2,208.27999999999997,,0,1,2,3
15213.0,11 days 01:16:00,,11 days 01:16:00,318 days 00:29:00,2,328.34999999999997,,0,1,3,4
15214.0,34 days 10:37:17.142857,59 days 16:03:20,15 days 12:32:45,1 days 00:43:00,8,1661.44,0.26014761221243743,10,5,7,22
15215.0,94 days 08:03:20,83 days 01:47:00,99 days 23:11:30,46 days 01:09:00,7,2422.43,1.2033362033654609,0,4,8,12
15216.0,531 days 01:49:00,,531 days 01:49:00,87 days 01:09:00,2,486.09000000000003,,0,1,4,5
15217.0,,,,562 days 22:59:00,1,426.24,,0,0,4,4
15218.0,32 days 00:00:42.857142,29 days 07:12:36,34 days 10:55:21.818181,10 days 01:02:00,22,11468.83,1.1759257224335546,5,7,10,22
15219.0,472 days 05:24:00,,472 days 05:24:00,175 days 19:53:00,2,685.45,,0,1,5,6
15220.0,45 days 19:39:00,38 days 12:34:30,50 days 16:22:00,51 days 00:11:00,6,1778.96,1.3155954537670462,0,4,7,11
15221.0,90 days 08:49:20,44 days 05:10:00,113 days 10:39:00,365 days 23:42:00,4,2062.2,2.565713836971886,0,3,8,11
15222.0,40 days 11:25:24,19 days 10:57:15,54 days 11:44:10,318 days 04:47:00,11,3550.91,2.800566317774466,1,6,9,16
15223.0,127 days 06:03:00,43 days 03:35:00,155 days 06:52:20,225 days 01:19:00,5,1417.95,3.5988144094847243,0,3,7,10
15224.0,83 days 17:42:00,46 days 17:57:00,96 days 01:37:00,357 days 21:48:00,5,871.36,2.055008393125065,0,3,6,9
15225.0,,,,233 days 21:59:00,1,409.40000000000003,,0,0,4,4
15226.0,,,,310 days 01:09:00,1,154.41,,0,0,1,1
15227.0,74 days 15:27:00,79 days 01:42:40,71 days 23:41:36,36 days 00:51:00,9,2488.4900000000002,0.9104090307622048,7,5,8,20
15228.0,86 days 15:07:00,102 days 11:21:30,76 days 01:37:20,65 days 22:54:00,6,5580.27,0.7423164804731135,0,4,10,14
15229.0,,,,585 days 23:00:00,1,160.5,,0,0,1,1
15230.0,1 days 03:35:00,,1 days 03:35:00,238 days 22:11:00,2,429.6,,0,1,4,5
15231.0,,,,620 days 21:38:00,1,250.26,,0,0,2,2
15232.0,27 days 04:06:00,,27 days 04:06:00,112 days 20:23:00,2,612.06,,0,1,5,6
15233.0,,,,400 days 23:14:00,1,59.400000000000006,,0,0,1,1
15234.0,,,,276 days 03:57:00,1,197.0,,0,0,2,2
15235.0,11 days 09:23:44,7 days 03:00:25.714285,15 days 02:59:07.500000,217 days 03:06:00,16,2772.76,2.1226330701888934,2,7,8,17
15236.0,,,,298 days 01:58:00,1,321.05,,0,0,3,3
15237.0,75 days 06:14:00,23 days 23:43:00,100 days 21:29:30,1 days 03:04:00,4,1412.3200000000002,4.206047534956431,0,3,7,10
15238.0,77 days 11:14:00,,77 days 11:14:00,28 days 22:22:00,3,1071.99,,0,2,6,8
15239.0,68 days 04:21:00,,68 days 04:21:00,9 days 22:36:00,2,780.59,,0,1,5,6
15240.0,62 days 16:59:21.818181,68 days 05:25:48,58 days 02:37:20,44 days 03:00:00,12,4459.98,0.8517141021125925,8,6,9,23
15241.0,58 days 18:42:36,114 days 06:33:00,21 days 18:49:00,66 days 03:45:00,11,3050.16,0.1906315898221242,10,6,9,25
15242.0,,,,421 days 21:17:00,1,302.04,,0,0,3,3
15243.0,360 days 20:44:00,,360 days 20:44:00,73 days 22:38:00,2,927.28,,0,1,6,7
15244.0,300 days 11:15:30,,300 days 11:15:30,64 days 23:31:00,3,912.0799999999999,,0,2,6,8
15245.0,65 days 21:13:17.142857,40 days 15:06:40,84 days 19:48:15,133 days 17:54:00,8,4610.84,2.0877663514129443,2,5,9,16
15246.0,158 days 13:38:30,,158 days 13:38:30,237 days 22:05:00,3,780.4000000000001,,0,2,5,7
15247.0,207 days 11:22:00,,207 days 11:22:00,121 days 23:58:00,3,976.06,,0,2,6,8
15248.0,61 days 11:17:30,,61 days 11:17:30,410 days 23:41:00,3,1893.93,,0,2,8,10
15249.0,34 days 19:34:56.470588,51 days 03:04:45,20 days 07:35:06.666666,31 days 01:05:00,18,9266.0,0.3973543015236045,10,7,10,27
15250.0,,,,640 days 05:15:00,1,60.0,,0,0,1,1
15251.0,33 days 12:07:00,29 days 10:51:53.333333,36 days 19:41:10.909090,8 days 21:48:00,21,20324.54,1.2501490314915957,5,7,10,22
15252.0,143 days 18:46:30,35 days 01:31:00,180 days 00:31:40,35 days 23:20:00,5,2103.41,5.134215338707229,0,3,8,11
15253.0,81 days 11:00:42.857142,139 days 00:20:40,38 days 07:00:45,15 days 20:28:00,8,2055.0899999999997,0.27545492238677727,10,5,8,23
15254.0,216 days 14:28:00,,216 days 14:28:00,126 days 21:46:00,3,1088.35,,0,2,6,8
15255.0,83 days 18:26:37.500000,92 days 00:18:40,78 days 19:43:24,66 days 00:07:00,9,3706.02,0.8566380542194135,7,5,9,21
15256.0,413 days 00:06:00,,413 days 00:06:00,148 days 01:03:00,2,170.4,,0,1,2,3
15257.0,130 days 22:55:00,,130 days 22:55:00,282 days 23:52:00,2,685.9,,0,1,5,6
15258.0,48 days 22:14:00,,48 days 22:14:00,168 days 00:20:00,2,623.1600000000001,,0,1,5,6
15259.0,56 days 15:42:00,80 days 06:14:00,44 days 20:26:00,512 days 04:03:00,4,1182.3799999999999,0.5588281101285756,0,3,6,9
15260.0,26 days 09:05:25,16 days 15:35:21.818181,34 days 14:40:04.615384,99 days 22:55:00,25,8767.73,2.078803795388619,2,8,10,20
15261.0,99 days 17:07:00,16 days 22:43:00,141 days 02:19:00,134 days 21:30:00,4,1508.0,8.325984510101216,0,3,7,10
15262.0,82 days 10:10:30,,82 days 10:10:30,323 days 00:34:00,3,418.82,,0,2,4,6
15263.0,,,,106 days 02:24:00,1,156.51,,0,0,1,1
15264.0,466 days 00:20:00,,466 days 00:20:00,63 days 23:01:00,2,848.4000000000001,,0,1,5,6
15265.0,195 days 15:12:40,133 days 18:12:00,226 days 13:43:00,150 days 22:04:00,4,3345.64,1.6938871929059456,0,3,9,12
15266.0,90 days 18:20:15,15 days 02:45:00,115 days 23:32:00,337 days 23:10:00,5,852.21,7.673420629450954,0,3,5,8
15267.0,40 days 01:23:45,27 days 01:12:00,44 days 09:27:40,21 days 20:51:00,5,1717.36,1.641190867392346,0,3,7,10
15268.0,63 days 11:33:00,,63 days 11:33:00,478 days 02:17:00,3,961.9000000000001,,0,2,6,8
15269.0,122 days 06:51:20,10 days 02:33:00,178 days 09:00:30,23 days 03:18:00,4,1560.62,17.65000343571772,0,3,7,10
15270.0,35 days 08:07:06,31 days 15:21:06.666666,38 days 08:44:43.636363,15 days 03:26:00,21,8524.86,1.212541264369153,5,7,10,22
15271.0,21 days 01:00:36.521739,22 days 21:36:27.272727,19 days 08:07:45,6 days 22:39:00,24,4528.54,0.8444737429737532,8,7,9,24
15272.0,121 days 04:40:00,75 days 00:19:00,151 days 23:34:00,56 days 23:51:00,6,2030.95,2.026069487775299,0,4,8,12
15273.0,,,,599 days 01:19:00,1,228.96,,0,0,2,2
15274.0,14 days 02:40:00,,14 days 02:40:00,3 days 19:53:00,2,716.57,,0,1,5,6
15275.0,,,,37 days 01:30:00,1,615.14,,0,0,5,5
15276.0,122 days 17:25:00,40 days 03:42:00,164 days 00:16:30,65 days 20:11:00,4,619.8,4.084543945211165,0,3,5,8
15277.0,378 days 18:06:00,,378 days 18:06:00,46 days 02:42:00,2,476.34,,0,1,4,5
15278.0,34 days 14:23:20,0 days 00:01:00,51 days 21:34:30,561 days 02:47:00,4,496.15999999999997,74734.5,0,3,4,7
15279.0,80 days 06:08:15,45 days 03:07:00,91 days 23:08:40,354 days 02:02:00,5,1580.54,2.037771656895482,0,3,7,10
15280.0,199 days 13:28:30,,199 days 13:28:30,171 days 19:36:00,3,397.52,,0,2,3,5
15281.0,24 days 14:11:44,13 days 10:48:08.571428,34 days 08:09:52.500000,58 days 03:40:00,16,8543.57,2.5531552180692167,2,7,10,19
15282.0,,,,569 days 20:23:00,1,348.59,,0,0,3,3
15283.0,63 days 23:34:00,,63 days 23:34:00,389 days 21:56:00,3,148.33,,0,2,1,3
15284.0,,,,499 days 23:25:00,1,24.75,,0,0,1,1
15285.0,,,,407 days 03:04:00,1,94.92,,0,0,1,1
15286.0,,,,49 days 01:42:00,1,240.55,,0,0,2,2
15287.0,178 days 18:50:15,302 days 05:17:00,137 days 15:21:20,21 days 21:16:00,5,856.0300000000001,0.4554289972893502,0,3,5,8
15288.0,69 days 02:50:06.666666,66 days 00:15:15,71 days 14:30:00,42 days 19:52:00,10,3715.38,1.084737560524011,6,6,9,21
15289.0,148 days 00:31:00,163 days 00:53:00,143 days 00:23:40,28 days 23:01:00,5,1593.0900000000001,0.8772033694959245,0,3,7,10
15290.0,25 days 23:05:45.600000,31 days 08:18:05,20 days 23:49:46.153846,4 days 01:11:00,26,10496.28,0.669717608688155,9,8,10,27
15291.0,18 days 05:32:07.692307,15 days 01:34:34.736842,21 days 05:41:48,25 days 01:48:00,40,13517.76,1.409651695669903,4,8,10,22
15292.0,,,,200 days 21:50:00,1,178.39,,0,0,2,2
15293.0,,,,665 days 00:56:00,1,247.5,,0,0,2,2
15294.0,,,,410 days 01:05:00,1,233.35,,0,0,2,2
15295.0,,,,653 days 23:47:00,1,207.04,,0,0,2,2
15296.0,57 days 21:38:05.454545,53 days 08:45:00,61 days 16:22:20,50 days 01:03:00,12,10323.029999999999,1.1558635348211768,5,6,10,21
15297.0,26 days 15:25:00,,26 days 15:25:00,9 days 20:18:00,3,641.94,,0,2,5,7
15298.0,33 days 03:16:57.272727,33 days 02:06:42,33 days 04:15:30,1 days 19:33:00,23,9061.77,1.002703230234203,6,7,10,23
15299.0,69 days 21:38:20,81 days 01:19:00,60 days 23:29:48,66 days 22:31:00,10,6156.53,0.7523179602292686,8,6,10,24
15300.0,,,,63 days 19:42:00,1,496.44,,0,0,4,4
15301.0,24 days 23:38:30,31 days 20:12:00,19 days 15:39:06.666666,50 days 02:53:00,17,6909.67,0.6171837893897758,9,7,10,26
15302.0,,,,729 days 23:39:00,1,308.0,,0,0,3,3
15303.0,196 days 14:08:30,,196 days 14:08:30,289 days 22:51:00,3,1224.1799999999998,,0,2,7,9
15304.0,45 days 02:59:52.500000,53 days 18:02:00,39 days 22:46:36,60 days 02:27:00,9,796.4,0.7432185214852329,8,5,5,18
15305.0,,,,554 days 23:00:00,1,93.6,,0,0,1,1
15306.0,74 days 08:28:00,31 days 13:26:40,100 days 00:40:48,63 days 23:54:00,9,3484.73,3.1694469708082735,1,5,9,15
15307.0,,,,95 days 01:12:00,1,205.3,,0,0,2,2
15308.0,,,,273 days 23:42:00,1,310.47,,0,0,3,3
15309.0,41 days 15:23:20,84 days 00:00:00,20 days 11:05:00,610 days 01:39:00,4,797.96,0.24359292328042328,0,3,5,8
15310.0,,,,478 days 01:12:00,1,1634.64,,0,0,7,7
15311.0,3 days 13:34:06.086956,3 days 04:39:51.844660,3 days 22:23:12.115384,0 days 00:50:00,208,114966.42,1.2311672317803335,5,10,10,25
15312.0,58 days 22:09:43.636363,57 days 00:31:48,60 days 12:11:20,74 days 23:40:00,12,2930.19,1.0611304749540666,6,6,9,21
15313.0,,,,109 days 20:48:00,1,52.0,,0,0,1,1
15314.0,114 days 11:29:00,,114 days 11:29:00,198 days 22:11:00,3,820.45,,0,2,5,7
15315.0,51 days 21:34:00,,51 days 21:34:00,63 days 23:59:00,2,570.5,,0,1,4,5
15316.0,,,,326 days 01:16:00,1,165.0,,0,0,2,2
15317.0,,,,676 days 20:55:00,1,129.75,,0,0,1,1
15318.0,,,,3 days 01:20:00,1,312.62,,0,0,3,3
15319.0,,,,283 days 00:02:00,1,204.5,,0,0,2,2
15320.0,,,,43 days 23:23:00,1,267.13,,0,0,2,2
15321.0,54 days 21:48:27.272727,22 days 04:48:48,82 days 03:58:10,70 days 03:10:00,12,6709.7300000000005,3.701051233285787,1,6,10,17
15322.0,390 days 20:24:00,,390 days 20:24:00,85 days 03:16:00,2,1390.86,,0,1,7,8
15323.0,49 days 12:20:00,,49 days 12:20:00,562 days 02:49:00,3,434.6,,0,2,4,6
15324.0,,,,700 days 22:13:00,1,140.22000000000003,,0,0,1,1
15325.0,79 days 16:55:00,55 days 14:58:40,97 days 18:22:15,103 days 00:55:00,8,1601.46,1.7576104054998836,3,5,7,15
15326.0,101 days 05:34:45,17 days 02:45:00,129 days 06:31:20,333 days 01:12:00,5,1700.52,7.553310340163657,0,3,7,10
15327.0,,,,52 days 00:55:00,1,208.75,,0,0,2,2
15328.0,,,,407 days 03:45:00,1,107.24,,0,0,1,1
15329.0,68 days 14:43:48,45 days 23:25:00,83 days 16:56:20,38 days 21:14:00,11,2958.83,1.8206530221785868,3,6,9,18
15330.0,28 days 05:20:00,,28 days 05:20:00,31 days 19:00:00,2,714.96,,0,1,5,6
15331.0,54 days 21:38:00,,54 days 21:38:00,499 days 03:08:00,3,767.9100000000001,,0,2,5,7
15332.0,29 days 09:56:24,71 days 23:29:30,1 days 00:54:20,365 days 22:07:00,6,4892.68,0.014417178407356845,0,4,9,13
15333.0,,,,207 days 23:23:00,1,1028.56,,0,0,6,6
15334.0,8 days 10:45:30,,8 days 10:45:30,156 days 01:28:00,3,350.82,,0,2,3,5
15335.0,,,,53 days 00:00:00,1,170.22,,0,0,2,2
15336.0,,,,401 days 00:11:00,1,240.5,,0,0,2,2
15337.0,,,,410 days 21:21:00,1,373.02,,0,0,3,3
15338.0,,,,676 days 22:25:00,1,277.93,,0,0,2,2
15339.0,100 days 11:52:10,106 days 00:04:00,97 days 17:46:15,65 days 23:59:00,7,1821.02,0.9220555672021173,0,4,8,12
15340.0,,,,561 days 02:23:00,1,105.5,,0,0,1,1
15341.0,368 days 16:59:00,,368 days 16:59:00,80 days 03:10:00,2,2402.72,,0,1,8,9
15342.0,,,,129 days 02:31:00,1,406.09,,0,0,3,3
15343.0,,,,86 days 22:55:00,1,364.5,,0,0,3,3
15344.0,36 days 21:58:30,,36 days 21:58:30,0 days 02:05:00,3,563.9399999999999,,0,2,4,6
15345.0,,,,45 days 01:22:00,1,393.54,,0,0,3,3
15346.0,49 days 10:03:30,,49 days 10:03:30,332 days 01:32:00,3,596.12,,0,2,4,6
15347.0,23 days 16:51:40,37 days 02:13:00,17 days 00:11:00,365 days 21:25:00,4,1162.0,0.45852133375769943,0,3,6,9
15348.0,,,,71 days 23:33:00,1,158.04,,0,0,1,1
15349.0,29 days 00:20:00,,29 days 00:20:00,157 days 20:44:00,2,463.90999999999997,,0,1,4,5
15350.0,9 days 22:19:00,,9 days 22:19:00,372 days 23:17:00,2,547.6,,0,1,4,5
15351.0,46 days 16:03:46.666666,88 days 06:54:00,13 days 08:59:36,11 days 23:58:00,10,3430.2200000000003,0.15149055327449779,10,6,9,25
15352.0,,,,548 days 01:22:00,1,111.15,,0,0,1,1
15353.0,80 days 12:07:00,119 days 02:45:30,61 days 04:47:45,254 days 00:35:00,7,2794.47,0.5137880373472166,0,4,8,12
15354.0,0 days 00:03:30,,0 days 00:03:30,602 days 20:26:00,3,284.4,,0,2,2,4
15355.0,23 days 22:22:00,,23 days 22:22:00,28 days 23:06:00,2,277.05,,0,1,2,3
15356.0,32 days 13:59:55,25 days 04:35:48,37 days 20:42:51.428571,30 days 23:39:00,13,3239.57,1.5030090898849922,4,7,9,20
15358.0,17 days 18:04:01.463414,18 days 08:17:15,17 days 04:31:25.714285,4 days 03:46:00,42,16425.86,0.9369419061945005,7,8,10,25
15359.0,4 days 10:11:00,4 days 15:47:00,4 days 05:59:00,662 days 02:03:00,8,181.35,0.9123304010735053,7,5,2,14
15360.0,,,,39 days 03:15:00,1,427.93,,0,0,4,4
15361.0,60 days 14:48:20,7 days 22:08:00,86 days 23:08:30,361 days 02:58:00,4,689.07,10.977252805049089,0,3,5,8
15362.0,290 days 01:29:00,,290 days 01:29:00,448 days 02:13:00,2,613.0799999999999,,0,1,5,6
15363.0,120 days 03:47:00,,120 days 03:47:00,372 days 00:22:00,2,678.11,,0,1,5,6
15364.0,158 days 20:07:00,,158 days 20:07:00,95 days 03:04:00,2,913.19,,0,1,6,7
15365.0,53 days 23:18:50,53 days 22:48:12,53 days 23:40:42.857142,25 days 04:21:00,13,4557.13,1.000675962188595,6,7,9,22
15366.0,96 days 00:48:30,50 days 12:19:30,118 days 19:03:00,74 days 21:49:00,7,2389.08,2.3517208669292473,0,4,8,12
15367.0,67 days 04:47:18,34 days 11:07:45,89 days 00:33:40,56 days 22:37:00,11,5081.33,2.583104546683391,2,6,9,17
15368.0,372 days 22:50:00,,372 days 22:50:00,20 days 22:08:00,2,722.74,,0,1,5,6
15369.0,23 days 22:13:06,35 days 00:58:00,16 days 12:23:10,491 days 22:56:00,11,6251.259999999999,0.4713458057526392,10,6,10,26
15370.0,52 days 20:24:17.142857,68 days 23:10:00,40 days 18:20:00,40 days 01:52:00,8,3739.01,0.5910784412445876,9,5,9,23
15371.0,,,,661 days 23:36:00,1,59.400000000000006,,0,0,1,1
15372.0,75 days 04:10:42.857142,0 days 16:49:20,131 days 00:41:45,136 days 20:11:00,8,6017.0599999999995,186.93700462351387,1,5,10,16
15373.0,36 days 03:11:45,38 days 10:23:00,34 days 08:16:20,7 days 21:45:00,17,3084.54,0.8936330400110823,7,7,9,23
15374.0,495 days 21:56:00,,495 days 21:56:00,128 days 02:51:00,2,307.32,,0,1,3,4
15375.0,,,,689 days 21:12:00,1,60.959999999999994,,0,0,1,1
15376.0,91 days 00:39:30,,91 days 00:39:30,39 days 21:46:00,3,1221.56,,0,2,6,8
15377.0,10 days 23:04:20,13 days 06:43:00,9 days 19:15:00,382 days 03:55:00,4,1211.75,0.7381164043298646,0,3,6,9
15378.0,39 days 02:43:00,,39 days 02:43:00,462 days 01:20:00,2,246.5,,0,1,2,3
15379.0,33 days 00:10:34.285714,25 days 16:40:40,38 days 11:48:00,168 days 23:37:00,8,4877.84,1.498027062575449,4,5,9,18
15380.0,72 days 23:50:18,47 days 05:35:30,90 days 04:00:10,8 days 00:37:00,11,3248.96,1.908979080748751,3,6,9,18
15381.0,92 days 11:20:00,42 days 02:07:00,109 days 06:24:20,213 days 00:55:00,5,1890.57,2.596141259810473,0,3,8,11
15382.0,65 days 12:47:43.636363,72 days 03:54:36,60 days 00:12:00,14 days 01:52:00,12,13733.55,0.8315674602028974,8,6,10,24
15384.0,140 days 23:26:20,210 days 23:26:00,105 days 23:26:30,169 days 01:53:00,4,2027.79,0.5023156224696023,0,3,8,11
15385.0,318 days 13:04:30,,318 days 13:04:30,39 days 21:39:00,3,942.0799999999999,,0,2,6,8
15386.0,,,,185 days 23:03:00,1,394.14,,0,0,3,3
15387.0,,,,491 days 20:45:00,1,468.65,,0,0,4,4
15388.0,,,,269 days 22:57:00,1,140.54,,0,0,1,1
15389.0,127 days 06:53:30,119 days 03:18:00,130 days 00:05:20,171 days 20:32:00,5,2733.8,1.0912072496376346,0,3,8,11
15390.0,12 days 21:56:00,,12 days 21:56:00,395 days 21:31:00,2,1216.66,,0,1,6,7
15391.0,,,,583 days 21:46:00,1,289.87,,0,0,3,3
15392.0,71 days 03:41:50,28 days 10:30:00,92 days 12:17:45,4 days 01:49:00,7,2911.62,3.2531807081807083,0,4,8,12
15393.0,176 days 23:43:00,30 days 21:31:00,225 days 16:27:00,15 days 20:02:00,5,891.34,7.30455597761345,0,3,6,9
15394.0,71 days 11:16:24,62 days 10:30:45,77 days 11:46:50,9 days 01:01:00,11,5286.8,1.2410844457791013,5,6,9,20
15395.0,,,,325 days 00:10:00,1,107.45,,0,0,1,1
15396.0,471 days 01:52:00,,471 days 01:52:00,112 days 01:54:00,2,796.3800000000001,,0,1,5,6
15397.0,,,,289 days 03:25:00,1,94.0,,0,0,1,1
15398.0,62 days 01:51:00,,62 days 01:51:00,15 days 20:03:00,2,1345.5300000000002,,0,1,7,8
15399.0,38 days 22:33:30,,38 days 22:33:30,0 days 23:46:00,3,815.77,,0,2,5,7
15400.0,66 days 21:20:34.285714,94 days 00:58:00,46 days 12:37:30,91 days 22:53:00,8,1302.3,0.4947458978865439,9,5,7,21
15401.0,116 days 02:46:00,,116 days 02:46:00,451 days 23:08:00,2,216.95000000000002,,0,1,2,3
15402.0,88 days 14:25:00,56 days 00:55:00,110 days 07:25:00,148 days 00:33:00,6,1830.54,1.9684614907986864,0,4,8,12
15403.0,238 days 23:36:00,,238 days 23:36:00,491 days 00:29:00,2,170.88,,0,1,2,3
15404.0,,,,375 days 01:47:00,1,257.06,,0,0,2,2
15405.0,386 days 22:48:00,,386 days 22:48:00,188 days 22:06:00,2,659.84,,0,1,5,6
15406.0,105 days 12:04:00,0 days 00:04:00,140 days 16:04:00,30 days 23:28:00,5,1228.1599999999999,50641.0,0,3,7,10
15407.0,90 days 15:32:20,83 days 01:40:00,94 days 10:28:30,33 days 00:55:00,4,1046.74,1.1368374853703394,0,3,6,9
15408.0,,,,263 days 21:48:00,1,267.18,,0,0,2,2
15409.0,,,,720 days 21:15:00,1,131.25,,0,0,1,1
15410.0,51 days 12:35:00,90 days 19:17:15,25 days 08:06:50,83 days 22:03:00,11,5141.92,0.27904252600397556,10,6,9,25
15411.0,52 days 00:56:20,58 days 00:24:00,49 days 01:12:30,25 days 21:31:00,4,1348.93,0.8454526955855597,0,3,7,10
15412.0,,,,170 days 21:26:00,1,190.53,,0,0,2,2
15413.0,11 days 18:18:45,7 days 04:52:00,13 days 06:47:40,691 days 01:17:00,5,6798.72,1.8441637742640442,0,3,10,13
15414.0,116 days 10:02:30,,116 days 10:02:30,9 days 03:00:00,3,774.9000000000001,,0,2,5,7
15415.0,,,,312 days 22:37:00,1,559.61,,0,0,4,4
15416.0,101 days 23:37:10,98 days 22:56:30,103 days 11:57:30,64 days 03:12:00,7,4572.82,1.0459028818251677,0,4,9,13
15417.0,,,,84 days 21:24:00,1,508.8,,0,0,4,4
15418.0,161 days 02:07:00,,161 days 02:07:00,424 days 23:12:00,2,449.42,,0,1,4,5
15419.0,,,,24 days 03:27:00,1,135.86,,0,0,1,1
15420.0,60 days 00:27:24,28 days 11:18:30,81 days 01:13:20,433 days 21:04:00,6,743.0,2.8467708168185015,0,4,5,9
15421.0,74 days 20:41:06.666666,63 days 10:53:00,83 days 23:43:36,58 days 03:30:00,10,3805.34,1.323625140905957,5,6,9,20
15422.0,57 days 20:44:10,108 days 11:53:00,32 days 13:09:45,322 days 20:33:00,7,1619.97,0.2999990398955406,0,4,7,11
15423.0,291 days 12:09:30,,291 days 12:09:30,37 days 22:49:00,3,266.89,,0,2,2,4
15424.0,104 days 09:52:30,,104 days 09:52:30,253 days 23:48:00,3,597.78,,0,2,4,6
15425.0,87 days 17:52:20,34 days 22:56:00,114 days 03:20:30,399 days 18:37:00,4,1941.1200000000001,3.265267403051494,0,3,8,11
15426.0,70 days 21:03:15,48 days 01:33:40,84 days 13:33:00,18 days 21:14:00,9,2156.35,1.7593779648527987,3,5,8,16
15427.0,6 days 23:51:00,,6 days 23:51:00,32 days 22:21:00,3,1430.54,,0,2,7,9
15428.0,235 days 15:42:40,84 days 21:27:00,311 days 00:50:30,14 days 19:56:00,4,762.75,3.663815880962314,0,3,5,8
15429.0,48 days 22:46:00,,48 days 22:46:00,26 days 00:22:00,2,397.35,,0,1,3,4
15430.0,60 days 19:38:00,,60 days 19:38:00,467 days 02:08:00,2,954.75,,0,1,6,7
15431.0,,,,502 days 00:06:00,1,153.24,,0,0,1,1
15432.0,518 days 01:56:00,,518 days 01:56:00,22 days 20:20:00,2,320.76,,0,1,3,4
15433.0,53 days 20:33:00,,53 days 20:33:00,213 days 02:05:00,2,533.3,,0,1,4,5
15434.0,67 days 14:11:48,74 days 11:55:30,62 days 23:42:40,7 days 23:17:00,11,2567.06,0.8455114790112064,8,6,8,22
15435.0,,,,21 days 20:11:00,1,149.29,,0,0,1,1
15436.0,110 days 23:36:30,,110 days 23:36:30,11 days 20:45:00,3,1067.75,,0,2,6,8
15437.0,378 days 02:26:00,,378 days 02:26:00,261 days 23:39:00,2,393.45000000000005,,0,1,3,4
15438.0,,,,130 days 22:31:00,1,156.57999999999998,,0,0,1,1
15439.0,82 days 23:31:00,0 days 00:04:00,124 days 11:14:30,404 days 02:12:00,4,1269.0500000000002,44808.625,0,3,7,10
15440.0,77 days 00:23:00,,77 days 00:23:00,54 days 00:34:00,3,383.68,,0,2,3,5
15441.0,167 days 00:27:30,,167 days 00:27:30,395 days 21:00:00,3,1254.21,,0,2,7,9
15442.0,,,,248 days 00:26:00,1,594.0,,0,0,4,4
15443.0,49 days 07:16:09.230769,28 days 00:05:50,67 days 13:25:00,1 days 02:10:00,14,5114.23,2.412473393812899,2,7,9,18
15444.0,31 days 01:25:00,,31 days 01:25:00,8 days 19:13:00,2,1411.21,,0,1,7,8
15445.0,326 days 00:06:00,,326 days 00:06:00,263 days 21:44:00,2,284.5,,0,1,2,3
15446.0,174 days 23:03:00,,174 days 23:03:00,376 days 00:51:00,3,399.75,,0,2,3,5
15447.0,73 days 17:11:30,26 days 19:05:00,89 days 08:33:40,330 days 01:24:00,5,492.88,3.3348105913351476,0,3,4,7
15448.0,361 days 21:13:00,,361 days 21:13:00,312 days 02:08:00,2,788.81,,0,1,5,6
15449.0,117 days 14:09:30,,117 days 14:09:30,25 days 21:48:00,3,974.52,,0,2,6,8
15450.0,,,,29 days 19:39:00,1,429.84,,0,0,4,4
15451.0,164 days 23:32:00,,164 days 23:32:00,433 days 23:10:00,2,226.86,,0,1,2,3
15452.0,96 days 09:10:00,60 days 12:25:30,120 days 06:59:40,29 days 00:37:00,6,1785.1100000000001,1.9877063837681426,0,4,7,11
15453.0,30 days 23:43:40,28 days 00:15:00,32 days 11:28:00,1 days 01:51:00,7,1371.77,1.1594892773025909,0,4,7,11
15454.0,256 days 01:06:00,,256 days 01:06:00,361 days 22:29:00,2,305.99,,0,1,3,4
15455.0,,,,597 days 00:07:00,1,38.25,,0,0,1,1
15456.0,49 days 18:46:20,40 days 07:04:45,57 days 08:55:36,282 days 22:59:00,10,2091.52,1.4237993270113185,4,6,8,18
15457.0,,,,261 days 21:19:00,1,237.07,,0,0,2,2
15458.0,376 days 17:18:00,,376 days 17:18:00,24 days 23:42:00,2,370.43999999999994,,0,1,3,4
15459.0,80 days 00:54:00,,80 days 00:54:00,416 days 21:25:00,2,202.82999999999998,,0,1,2,3
15460.0,,,,353 days 20:42:00,1,214.26,,0,0,2,2
15461.0,170 days 23:51:00,,170 days 23:51:00,460 days 00:19:00,2,429.7,,0,1,4,5
15462.0,117 days 00:56:00,258 days 05:13:00,46 days 10:47:30,93 days 23:39:00,4,737.05,0.17988586273945562,0,3,5,8
15463.0,,,,28 days 23:53:00,1,126.14,,0,0,1,1
15464.0,,,,337 days 20:54:00,1,1044.65,,0,0,6,6
15465.0,22 days 21:41:34.838709,24 days 16:09:36,21 days 05:52:48.750000,19 days 02:39:00,32,12100.4,0.8610514190984419,7,8,10,25
15466.0,217 days 00:33:20,130 days 02:20:00,260 days 11:40:00,84 days 22:42:00,4,1560.46,2.0022419130991778,0,3,7,10
15467.0,71 days 11:47:30,,71 days 11:47:30,8 days 22:33:00,3,524.88,,0,2,4,6
15468.0,170 days 14:05:00,,170 days 14:05:00,50 days 23:01:00,3,1430.48,,0,2,7,9
15469.0,194 days 03:06:00,,194 days 03:06:00,49 days 20:29:00,3,874.25,,0,2,6,8
15470.0,,,,575 days 03:15:00,1,63.419999999999995,,0,0,1,1
15471.0,274 days 00:57:30,,274 days 00:57:30,1 days 22:38:00,3,1292.01,,0,2,7,9
15472.0,,,,112 days 21:33:00,1,371.56,,0,0,3,3
15473.0,61 days 11:08:42.857142,128 days 17:44:40,11 days 00:11:45,13 days 21:35:00,8,2046.0,0.08550734149174509,10,5,8,23
15474.0,,,,595 days 01:36:00,1,150.35,,0,0,1,1
15475.0,,,,76 days 21:30:00,1,454.10999999999996,,0,0,4,4
15476.0,20 days 16:25:40,49 days 21:33:00,6 days 01:52:00,379 days 21:33:00,4,2209.9799999999996,0.12180423921061055,0,3,8,11
15477.0,,,,649 days 02:13:00,1,368.4,,0,0,3,3
15478.0,267 days 09:45:00,,267 days 09:45:00,39 days 22:31:00,3,1983.48,,0,2,8,10
15479.0,,,,732 days 21:42:00,1,147.4,,0,0,1,1
15480.0,139 days 23:55:00,0 days 00:25:00,186 days 15:45:00,115 days 22:18:00,5,6279.0,10751.4,0,3,10,13
15481.0,,,,400 days 21:58:00,1,1993.34,,0,0,8,8
15482.0,40 days 02:19:16.666666,47 days 08:08:52.500000,34 days 07:15:36,15 days 02:04:00,19,14417.359999999999,0.7246063544396177,8,7,10,25
15483.0,58 days 02:22:46.666666,59 days 11:30:45,56 days 23:52:24,160 days 23:43:00,10,817.8199999999999,0.9582216151055303,7,6,5,18
15484.0,146 days 14:21:00,327 days 23:06:30,25 days 16:30:40,0 days 21:47:00,6,4652.1,0.07832583227196227,0,4,9,13
15485.0,117 days 23:30:00,28 days 10:53:00,162 days 17:48:30,29 days 22:19:00,7,4810.92,5.719583628242989,0,4,9,13
15486.0,,,,526 days 23:35:00,1,102.0,,0,0,1,1
15487.0,,,,679 days 00:43:00,1,231.32,,0,0,2,2
15488.0,122 days 17:17:00,93 days 01:51:00,132 days 14:25:40,92 days 02:39:00,5,431.92,1.4246380812399122,0,3,4,7
15489.0,95 days 19:25:00,77 days 23:46:00,109 days 04:09:15,22 days 03:57:00,8,2419.61,1.3998294837319467,4,5,8,17
15490.0,,,,429 days 23:39:00,1,210.85,,0,0,2,2
15491.0,28 days 01:10:24,8 days 15:15:00,40 days 23:47:20,94 days 20:54:00,6,3100.09,4.746870392708752,0,4,9,13
15492.0,46 days 00:51:00,,46 days 00:51:00,27 days 21:57:00,2,659.46,,0,1,5,6
15493.0,77 days 18:06:15,88 days 08:29:40,71 days 09:28:12,32 days 00:46:00,9,4121.68,0.8080521052479899,8,5,9,22
15494.0,176 days 22:38:45,208 days 17:39:00,166 days 08:18:40,20 days 21:59:00,5,3702.6,0.7969241585961316,0,3,9,12
15495.0,,,,378 days 23:04:00,1,246.5,,0,0,2,2
15496.0,,,,630 days 23:34:00,1,146.14000000000001,,0,0,1,1
15497.0,87 days 23:35:22.500000,38 days 21:53:20,117 days 10:12:36,17 days 00:59:00,9,8657.39,3.0177144556811424,1,5,10,16
15498.0,16 days 18:18:37.674418,19 days 05:27:54.285714,14 days 09:50:40.909090,2 days 00:02:00,44,24972.86,0.7494493352462223,8,8,10,26
15499.0,,,,723 days 00:33:00,1,158.65,,0,0,1,1
15500.0,24 days 08:00:00,54 days 23:54:00,9 days 00:03:00,7 days 23:03:00,4,1131.56,0.16368664292749452,0,3,6,9
15501.0,10 days 22:28:00,,10 days 22:28:00,404 days 01:35:00,2,399.95,,0,1,3,4
15502.0,41 days 11:12:00,71 days 20:05:30,15 days 10:26:08.571428,15 days 00:02:00,14,13003.869999999999,0.2148584796548263,10,7,10,27
15503.0,363 days 23:23:00,,363 days 23:23:00,362 days 01:53:00,2,257.3,,0,1,2,3
15504.0,194 days 16:23:40,59 days 00:14:00,262 days 12:28:30,80 days 23:05:00,4,402.7,4.448754913267588,0,3,3,6
15505.0,25 days 16:35:45,29 days 01:34:00,24 days 13:36:20,52 days 04:54:00,5,3610.96,0.8452318376578901,0,3,9,12
15506.0,90 days 23:54:36,48 days 00:05:00,119 days 15:47:40,22 days 00:39:00,6,2030.33,2.4926968053044,0,4,8,12
15507.0,,,,171 days 01:31:00,1,475.86,,0,0,4,4
15508.0,9 days 04:50:24,8 days 00:05:00,10 days 00:00:40,188 days 21:07:00,6,1000.27,1.2495155459146783,0,4,6,10
15509.0,,,,379 days 22:02:00,1,152.41,,0,0,1,1
15510.0,,,,330 days 00:40:00,1,250.0,,0,0,2,2
15511.0,18 days 10:39:30,27 days 21:53:00,15 days 06:55:00,11 days 03:07:00,5,900.53,0.5477321921727664,0,3,6,9
15512.0,173 days 14:59:00,285 days 23:16:00,117 days 10:50:30,155 days 02:30:00,4,331.58000000000004,0.4107142857142857,0,3,3,6
15513.0,19 days 11:16:58.235294,20 days 02:46:26.250000,18 days 21:30:46.666666,32 days 22:14:00,35,26437.05,0.9393898637955277,7,8,10,25
15514.0,42 days 12:35:28.235294,46 days 08:40:07.500000,39 days 02:44:40,11 days 22:10:00,18,6392.0599999999995,0.8436872559280958,8,7,10,25
15515.0,,,,386 days 23:11:00,1,171.81,,0,0,2,2
15516.0,0 days 23:39:00,,0 days 23:39:00,44 days 01:59:00,3,62.43,,0,2,1,3
15517.0,,,,232 days 22:48:00,1,267.03,,0,0,2,2
15518.0,46 days 18:54:34.285714,56 days 17:12:30,39 days 08:11:07.500000,63 days 23:45:00,15,4189.99,0.6936376993480058,9,7,9,25
15519.0,63 days 00:38:00,,63 days 00:38:00,382 days 22:15:00,2,344.61,,0,1,3,4
15520.0,,,,1 days 01:52:00,1,343.5,,0,0,3,3
15521.0,44 days 05:01:32,43 days 08:03:00,44 days 23:22:45,39 days 23:08:00,16,7098.24,1.0378146883963912,6,7,10,23
15522.0,54 days 23:00:00,,54 days 23:00:00,32 days 01:24:00,2,397.99,,0,1,3,4
15523.0,43 days 12:52:52,22 days 20:12:08.571428,61 days 15:28:30,83 days 20:21:00,16,17259.19,2.698775217703663,2,7,10,19
15524.0,582 days 02:50:00,,582 days 02:50:00,24 days 00:41:00,2,591.4,,0,1,4,5
15525.0,126 days 16:51:00,9 days 01:07:00,185 days 12:43:00,1 days 22:07:00,4,890.22,20.508405619098795,0,3,6,9
15526.0,0 days 00:03:00,,0 days 00:03:00,32 days 21:46:00,2,148.44,,0,1,1,2
15527.0,32 days 01:56:38.181818,21 days 01:50:06,41 days 06:02:05,18 days 00:33:00,23,5554.89,1.9572285868360675,2,7,10,19
15528.0,,,,253 days 20:36:00,1,229.33,,0,0,2,2
15529.0,33 days 19:22:05.454545,26 days 23:17:12,39 days 12:06:10,22 days 01:21:00,12,4783.66,1.464733983569018,4,6,9,19
15530.0,122 days 18:18:45,266 days 00:06:00,75 days 00:23:00,21 days 00:25:00,5,1808.68,0.2820105157082961,0,3,7,10
15531.0,22 days 00:56:00,,22 days 00:56:00,7 days 18:07:00,2,1972.3899999999999,,0,1,8,9
15532.0,58 days 05:19:53.333333,39 days 18:06:45,72 days 23:54:24,24 days 21:59:00,10,3738.8500000000004,1.83616362500928,3,6,9,18
15533.0,34 days 23:57:00,,34 days 23:57:00,18 days 21:15:00,3,807.5699999999999,,0,2,5,7
15534.0,,,,725 days 00:02:00,1,162.25,,0,0,2,2
15535.0,55 days 03:59:36,60 days 20:15:30,51 days 09:09:00,172 days 20:48:00,6,1044.37,0.8444738659255497,0,4,6,10
15536.0,,,,408 days 20:19:00,1,259.09,,0,0,2,2
15537.0,,,,162 days 23:40:00,1,110.92,,0,0,1,1
15538.0,25 days 04:26:12,10 days 23:50:00,34 days 15:30:20,537 days 02:01:00,6,3358.4,3.1516319225100022,0,4,9,13
15539.0,,,,6 days 23:14:00,1,538.46,,0,0,4,4
15540.0,364 days 02:41:00,,364 days 02:41:00,10 days 22:59:00,2,460.68,,0,1,4,5
15541.0,,,,113 days 21:52:00,1,85.13000000000001,,0,0,1,1
15542.0,112 days 12:49:30,,112 days 12:49:30,511 days 23:18:00,3,855.71,,0,2,5,7
15543.0,171 days 03:58:00,,171 days 03:58:00,287 days 21:24:00,2,242.26,,0,1,2,3
15544.0,35 days 07:41:15.789473,20 days 02:12:26.666666,49 days 00:37:12,8 days 20:07:00,20,7807.89,2.4400703554650067,2,7,10,19
15545.0,316 days 19:56:00,,316 days 19:56:00,53 days 23:26:00,2,288.97,,0,1,3,4
15546.0,0 days 00:06:00,,0 days 00:06:00,606 days 00:59:00,2,1079.1000000000001,,0,1,6,7
15547.0,29 days 00:55:40.800000,30 days 21:58:50,27 days 07:20:27.692307,6 days 23:58:00,26,10057.05,0.8832320749297113,7,8,10,25
15548.0,,,,595 days 00:30:00,1,158.09,,0,0,1,1
15549.0,88 days 14:09:25.714285,51 days 08:31:20,116 days 12:23:00,76 days 20:28:00,8,2334.16,2.2688299512291867,2,5,8,15
15550.0,66 days 13:07:32.727272,71 days 13:33:12,62 days 08:46:10,3 days 21:12:00,12,2211.05,0.8714544203058873,7,6,8,21
15551.0,85 days 15:35:20,66 days 00:46:00,95 days 11:00:00,36 days 00:13:00,7,1679.81,1.445638684979913,0,4,7,11
15552.0,405 days 22:30:00,,405 days 22:30:00,216 days 22:03:00,2,252.52,,0,1,2,3
15553.0,,,,59 days 22:48:00,1,428.93,,0,0,4,4
15554.0,,,,277 days 03:50:00,1,217.2,,0,0,2,2
15555.0,20 days 14:31:27.428571,18 days 12:58:00,22 days 13:19:43.333333,11 days 20:31:00,36,11243.91,1.2165601251860314,5,8,10,23
15556.0,,,,23 days 20:42:00,1,279.77,,0,0,2,2
15557.0,,,,28 days 00:04:00,1,468.91,,0,0,4,4
15558.0,,,,638 days 21:25:00,1,202.68,,0,0,2,2
15559.0,,,,567 days 22:44:00,1,1109.4,,0,0,6,6
15560.0,0 days 00:01:00,,0 days 00:01:00,397 days 02:35:00,2,153.51999999999998,,0,1,1,2
15561.0,93 days 03:15:00,93 days 07:26:00,93 days 00:06:45,11 days 01:43:00,8,1934.3899999999999,0.9967309438399595,7,5,8,20
15562.0,187 days 09:19:00,,187 days 09:19:00,351 days 02:55:00,3,671.4300000000001,,0,2,5,7
15563.0,109 days 16:32:20,83 days 00:10:30,123 days 00:43:15,21 days 22:00:00,7,2859.46,1.482159365182945,0,4,8,12
15564.0,212 days 23:54:00,,212 days 23:54:00,462 days 20:58:00,2,70.74000000000001,,0,1,1,2
15565.0,20 days 03:49:00,,20 days 03:49:00,49 days 22:17:00,2,173.16000000000003,,0,1,2,3
15566.0,331 days 21:18:00,,331 days 21:18:00,392 days 00:39:00,2,227.87,,0,1,2,3
15567.0,,,,18 days 02:02:00,1,186.01,,0,0,2,2
15568.0,35 days 10:25:00,,35 days 10:25:00,2 days 01:23:00,3,758.29,,0,2,5,7
15569.0,60 days 15:55:33.333333,64 days 17:57:45,57 days 09:29:48,103 days 02:35:00,10,3583.45,0.8864413823799909,7,6,9,22
15570.0,25 days 14:01:47.500000,21 days 17:24:10.909090,28 days 20:24:23.076923,6 days 22:03:00,25,8736.49,1.3279677524204447,4,8,10,22
15571.0,55 days 12:45:32.307692,54 days 08:42:10,56 days 12:48:25.714285,11 days 02:48:00,14,3892.35,1.0399358121762512,6,7,9,22
15572.0,66 days 15:30:06.666666,81 days 12:03:00,54 days 18:15:48,4 days 02:41:00,10,3965.2,0.6718965943270025,9,6,9,24
15573.0,174 days 11:19:45,76 days 21:22:00,206 days 23:59:00,31 days 01:12:00,5,1188.4199999999998,2.6921388703238742,0,3,6,9
15574.0,57 days 09:04:48,46 days 00:34:30,64 days 22:45:00,177 days 00:49:00,6,1101.44,1.411176244256841,0,4,6,10
15575.0,,,,619 days 00:00:00,1,30.1,,0,0,1,1
15576.0,,,,37 days 00:47:00,1,921.37,,0,0,6,6
15577.0,143 days 18:11:30,2 days 22:37:00,190 days 16:43:00,150 days 19:47:00,5,396.03,64.81071512862874,0,3,3,6
15578.0,,,,161 days 23:47:00,1,127.1,,0,0,1,1
15579.0,90 days 23:32:00,5 days 02:51:00,119 days 14:25:40,68 days 00:05:00,5,1250.63,23.365305476416587,0,3,7,10
15580.0,41 days 23:57:00,46 days 15:45:40,38 days 12:05:30,376 days 01:50:00,8,1375.39,0.8252578675015008,8,5,7,20
15581.0,16 days 16:08:37.297297,14 days 01:33:20,19 days 03:26:15.789473,120 days 03:12:00,38,7480.4,1.3610729011463134,4,8,10,22
15582.0,97 days 22:09:30,,97 days 22:09:30,24 days 02:55:00,3,682.9100000000001,,0,2,5,7
15583.0,,,,375 days 21:46:00,1,95.96,,0,0,1,1
15584.0,129 days 09:19:48,254 days 02:11:30,46 days 06:05:20,23 days 01:55:00,6,1268.2,0.1820357492134508,0,4,7,11
15585.0,,,,176 days 04:12:00,1,455.3,,0,0,4,4
15586.0,54 days 00:29:00,,54 days 00:29:00,592 days 01:50:00,3,1139.1000000000001,,0,2,6,8
15587.0,73 days 12:48:50,49 days 13:41:30,85 days 12:22:30,49 days 23:13:00,7,1522.08,1.7251318618969902,0,4,7,11
15588.0,,,,677 days 00:31:00,1,579.6,,0,0,4,4
15589.0,27 days 11:34:00,,27 days 11:34:00,255 days 02:56:00,3,478.53,,0,2,4,6
15590.0,56 days 01:10:00,22 days 22:44:00,67 days 01:58:40,381 days 22:01:00,5,1496.6,2.923334543840536,0,3,7,10
15591.0,45 days 12:01:30,,45 days 12:01:30,582 days 03:27:00,3,217.9,,0,2,2,4
15592.0,,,,46 days 03:51:00,1,388.58,,0,0,3,3
15593.0,,,,70 days 01:04:00,1,199.8,,0,0,2,2
15594.0,54 days 17:41:15,141 days 00:43:00,25 days 23:20:40,15 days 03:57:00,5,1771.78,0.1841644385136455,0,3,7,10
15595.0,,,,487 days 00:23:00,1,357.6,,0,0,3,3
15596.0,49 days 20:53:37.500000,36 days 17:23:00,57 days 18:12:00,100 days 01:55:00,9,2727.72,1.5727549496057334,3,5,8,16
15597.0,540 days 00:16:00,,540 days 00:16:00,34 days 23:24:00,2,563.37,,0,1,4,5
15598.0,374 days 06:44:00,,374 days 06:44:00,52 days 20:46:00,2,548.02,,0,1,4,5
15599.0,209 days 12:44:30,,209 days 12:44:30,26 days 01:06:00,3,1250.06,,0,2,7,9
15600.0,55 days 00:53:20,51 days 00:37:00,57 days 01:01:30,427 days 22:20:00,4,1199.31,1.1179212542700436,0,3,6,9
15601.0,25 days 01:40:04.137931,24 days 03:19:47.142857,25 days 22:31:00,10 days 21:35:00,30,14191.74,1.074546325084274,6,8,10,24
15602.0,48 days 14:42:36,52 days 18:00:00,44 days 23:49:52.500000,7 days 22:36:00,16,3137.96,0.8529472748815166,8,7,9,24
15603.0,569 days 18:02:00,,569 days 18:02:00,78 days 02:46:00,2,88.48,,0,1,1,2
15604.0,,,,51 days 22:03:00,1,216.39,,0,0,2,2
15605.0,82 days 06:01:45,35 days 06:28:20,110 days 10:33:48,35 days 22:33:00,9,1741.95,3.1313057460702916,1,5,7,13
15606.0,36 days 15:03:41.250000,36 days 17:14:08.571428,36 days 13:22:13.333333,60 days 21:03:00,17,5230.99,0.9956137230338973,7,7,9,23
15607.0,45 days 12:03:30,18 days 16:16:40,61 days 14:19:36,336 days 00:06:00,9,1708.97,3.297791547899368,1,5,7,13
15608.0,96 days 18:47:30,294 days 23:46:00,30 days 17:08:00,27 days 23:30:00,5,1785.98,0.10411830898381773,0,3,7,10
15609.0,,,,183 days 23:50:00,1,298.48,,0,0,3,3
15610.0,,,,51 days 02:14:00,1,112.46000000000001,,0,0,1,1
15611.0,26 days 22:57:02.400000,24 days 23:43:45,28 days 18:32:23.076923,9 days 00:14:00,26,2997.28,1.1514193105327637,5,8,9,22
15612.0,25 days 02:03:00,,25 days 02:03:00,35 days 21:58:00,2,195.15,,0,1,2,3
15613.0,,,,609 days 23:59:00,1,433.71999999999997,,0,0,4,4
15614.0,62 days 23:51:00,126 days 01:34:00,31 days 10:59:30,437 days 02:04:00,4,3147.36,0.24953727676358148,0,3,9,12
15615.0,15 days 19:17:15.652173,14 days 09:45:38.181818,17 days 02:01:15,9 days 22:08:00,47,21373.97,1.1858517892044746,5,8,10,23
15616.0,,,,437 days 23:40:00,1,317.11,,0,0,3,3
15617.0,55 days 13:25:30,,55 days 13:25:30,395 days 20:43:00,3,828.55,,0,2,5,7
15618.0,34 days 15:27:00,44 days 02:43:00,29 days 21:49:00,32 days 04:16:00,4,776.851,0.6780063913857973,0,3,5,8
15619.0,,,,10 days 04:36:00,1,336.40000000000003,,0,0,3,3
15620.0,117 days 16:23:00,51 days 03:02:00,150 days 23:03:30,56 days 00:09:00,4,1942.36,2.9526975632283827,0,3,8,11
15621.0,5 days 16:44:00,10 days 03:27:00,3 days 11:22:30,3 days 22:49:00,4,1293.03,0.34247278701992195,0,3,7,10
15622.0,37 days 15:23:26.250000,31 days 04:00:51.428571,42 days 16:14:20,42 days 20:06:00,17,7852.61,1.3692771761852072,4,7,10,21
15623.0,84 days 00:22:51.428571,57 days 22:05:20,103 days 14:06:00,140 days 19:24:00,8,2437.05,1.7884467819803689,3,5,8,16
15624.0,46 days 15:22:00,49 days 23:12:00,44 days 23:27:00,116 days 01:12:00,4,588.13,0.900141761174116,0,3,4,7
15625.0,54 days 20:22:15,23 days 07:27:40,73 days 18:31:00,103 days 02:29:00,9,3236.3999999999996,3.164682283546667,1,5,9,15
15626.0,173 days 08:23:30,,173 days 08:23:30,74 days 02:47:00,3,1067.52,,0,2,6,8
15627.0,65 days 02:18:00,,65 days 02:18:00,456 days 22:36:00,2,566.9000000000001,,0,1,4,5
15628.0,45 days 02:47:48.750000,46 days 10:35:17.142857,44 days 02:04:13.333333,4 days 02:26:00,17,5333.08,0.949292725169735,7,7,9,23
15629.0,27 days 08:42:20,35 days 00:13:00,23 days 12:57:00,449 days 23:04:00,4,2240.9,0.6723860908892547,0,3,8,11
15630.0,299 days 12:33:00,,299 days 12:33:00,44 days 21:14:00,3,1481.4,,0,2,7,9
15631.0,,,,641 days 21:58:00,1,596.67,,0,0,4,4
15632.0,37 days 00:11:42.857142,30 days 18:22:40,41 days 16:33:30,15 days 02:59:00,8,3285.31,1.3550764438559004,4,5,9,18
15633.0,18 days 11:40:15,20 days 13:41:24,16 days 23:56:34.285714,508 days 22:56:00,13,4335.96,0.8263137943705114,8,7,9,24
15634.0,366 days 00:58:00,,366 days 00:58:00,16 days 20:22:00,2,554.6500000000001,,0,1,4,5
15635.0,,,,395 days 03:52:00,1,100.35,,0,0,1,1
15636.0,159 days 23:53:20,132 days 03:33:00,173 days 22:03:30,89 days 01:33:00,4,1444.58,1.3160941285281118,0,3,7,10
15637.0,167 days 21:38:30,83 days 16:08:00,195 days 23:28:40,52 days 04:22:00,5,797.59,2.3422138857534915,0,3,5,8
15638.0,46 days 09:03:00,87 days 00:28:30,19 days 06:46:00,378 days 00:58:00,6,2265.2,0.221581137752028,0,4,8,12
15639.0,235 days 12:39:30,,235 days 12:39:30,133 days 22:20:00,3,1065.08,,0,2,6,8
15640.0,25 days 17:55:40.714285,25 days 23:32:32.307692,25 days 13:03:44,3 days 22:15:00,29,23494.31,0.9831926633674825,7,8,10,25
15641.0,57 days 02:03:00,50 days 08:51:48,62 days 16:22:20,104 days 22:46:00,12,5345.55,1.2444518588168683,5,6,9,20
15642.0,,,,729 days 00:59:00,1,105.78000000000002,,0,0,1,1
15643.0,45 days 08:32:00,,45 days 08:32:00,191 days 05:12:00,3,664.0,,0,2,5,7
15644.0,31 days 15:45:40,0 days 00:23:00,47 days 11:27:00,165 days 21:56:00,4,803.54,2972.478260869565,0,3,5,8
15645.0,203 days 11:32:00,,203 days 11:32:00,18 days 00:55:00,3,1055.17,,0,2,6,8
15646.0,63 days 05:11:45,16 days 01:31:00,78 days 22:25:20,157 days 02:57:00,5,784.8100000000001,4.913982678368135,0,3,5,8
15647.0,,,,414 days 21:41:00,1,169.0,,0,0,2,2
15648.0,62 days 20:54:00,,62 days 20:54:00,203 days 20:57:00,2,639.5,,0,1,5,6
15649.0,16 days 23:04:00,12 days 00:12:00,19 days 10:30:00,335 days 23:16:00,4,1660.35,1.6186675919500346,0,3,7,10
15650.0,106 days 22:55:00,,106 days 22:55:00,521 days 02:09:00,2,553.88,,0,1,4,5
15651.0,139 days 22:48:45,176 days 00:16:00,127 days 22:19:40,36 days 04:09:00,5,1259.06,0.7268309555373188,0,3,7,10
15652.0,98 days 11:21:00,54 days 00:09:00,113 days 07:05:00,90 days 22:28:00,5,1405.94,2.0978153248723785,0,3,7,10
15653.0,23 days 00:59:00,,23 days 00:59:00,92 days 02:01:00,2,877.4399999999999,,0,1,6,7
15654.0,16 days 21:53:00,,16 days 21:53:00,8 days 23:42:00,2,922.53,,0,1,6,7
15655.0,,,,242 days 21:25:00,1,560.67,,0,0,4,4
15656.0,79 days 15:48:00,63 days 20:45:00,87 days 13:19:30,44 days 21:54:00,4,748.5,1.3709509052356874,0,3,5,8
15657.0,,,,22 days 00:31:00,1,30.0,,0,0,1,1
15658.0,78 days 00:34:42.857142,121 days 07:51:20,45 days 13:07:15,189 days 21:28:00,8,2117.27,0.37540352276326283,10,5,8,23
15659.0,304 days 21:55:30,,304 days 21:55:30,43 days 03:27:00,3,532.49,,0,2,4,6
15660.0,46 days 05:12:38.571428,51 days 02:58:00,42 days 12:53:37.500000,24 days 19:52:00,15,2603.69,0.832046849955174,8,7,8,23
15661.0,37 days 07:42:25.714285,42 days 17:36:20,33 days 06:17:00,316 days 22:54:00,8,1215.9499999999998,0.7783531680470617,8,5,6,19
15662.0,77 days 02:58:00,,77 days 02:58:00,660 days 20:03:00,2,283.73,,0,1,2,3
15663.0,,,,105 days 21:00:00,1,138.14,,0,0,1,1
15664.0,199 days 15:22:20,67 days 19:27:00,265 days 13:20:00,50 days 01:53:00,4,1254.03,3.9161469374379143,0,3,7,10
15665.0,116 days 17:57:30,160 days 22:34:00,102 days 00:25:20,167 days 21:53:00,5,3987.0699999999997,0.6338847801260532,0,3,9,12
15666.0,23 days 00:33:00,,23 days 00:33:00,471 days 20:36:00,2,632.94,,0,1,5,6
15667.0,,,,39 days 01:54:00,1,301.32,,0,0,3,3
15668.0,,,,217 days 02:11:00,1,76.32000000000001,,0,0,1,1
15669.0,74 days 10:16:40,87 days 07:59:00,67 days 23:25:30,39 days 20:47:00,4,684.34,0.7783578113693652,0,3,5,8
15670.0,259 days 19:16:00,,259 days 19:16:00,296 days 02:00:00,2,325.20000000000005,,0,1,3,4
15671.0,42 days 00:31:00,14 days 01:04:00,56 days 00:14:30,18 days 00:07:00,7,2657.13,3.9880587420886076,0,4,8,12
15672.0,,,,724 days 19:58:00,1,45.300000000000004,,0,0,1,1
15673.0,70 days 21:13:00,46 days 16:10:40,85 days 09:50:24,87 days 20:38:00,9,6204.32,1.8299238216156166,3,5,10,18
15674.0,54 days 19:50:45,45 days 08:33:48,61 days 14:11:25.714285,72 days 21:33:00,13,6948.23,1.3579278586059405,4,7,10,21
15675.0,107 days 15:51:20,124 days 00:07:00,99 days 11:43:30,80 days 23:02:00,4,542.04,0.8022954969283238,0,3,4,7
15676.0,132 days 13:10:30,,132 days 13:10:30,18 days 00:10:00,3,3435.76,,0,2,9,11
15677.0,207 days 01:44:00,,207 days 01:44:00,48 days 21:14:00,3,1305.63,,0,2,7,9
15678.0,234 days 22:18:00,,234 days 22:18:00,52 days 03:25:00,3,1825.94,,0,2,8,10
15679.0,52 days 18:38:20,28 days 05:07:00,65 days 01:24:00,23 days 20:31:00,4,781.28,2.3059541684101705,0,3,5,8
15680.0,80 days 21:30:06.666666,38 days 23:21:15,114 days 10:25:12,8 days 23:04:00,10,4028.69,2.9362353832104593,1,6,9,16
15681.0,41 days 11:14:46.153846,28 days 15:34:10,52 days 10:58:08.571428,24 days 20:20:00,14,2989.7,1.83104275181416,3,7,9,19
15682.0,88 days 00:53:00,,88 days 00:53:00,598 days 21:20:00,2,318.24,,0,1,3,4
15683.0,356 days 00:55:00,,356 days 00:55:00,116 days 23:54:00,2,524.54,,0,1,4,5
15684.0,94 days 01:19:00,,94 days 01:19:00,546 days 17:59:00,3,173.95,,0,2,2,4
15685.0,,,,449 days 23:07:00,1,55.980000000000004,,0,0,1,1
15686.0,,,,419 days 23:00:00,1,90.0,,0,0,1,1
15687.0,40 days 05:10:00,20 days 14:13:00,51 days 23:44:12,8 days 04:17:00,9,2993.1,2.5246754122685733,2,5,9,16
15688.0,,,,418 days 00:44:00,1,190.57,,0,0,2,2
15689.0,248 days 23:52:00,,248 days 23:52:00,119 days 03:13:00,3,521.03,,0,2,4,6
15690.0,96 days 04:19:00,,96 days 04:19:00,3 days 20:51:00,2,239.76,,0,1,2,3
15691.0,160 days 07:44:00,143 days 19:52:00,168 days 13:40:00,251 days 21:37:00,4,571.3,1.1720228668546486,0,3,4,7
15692.0,,,,27 days 22:38:00,1,191.04,,0,0,2,2
15693.0,,,,658 days 22:13:00,1,37.5,,0,0,1,1
15694.0,31 days 19:33:57.391304,33 days 08:09:43.636363,30 days 10:01:10,0 days 03:06:00,24,9978.48,0.9123394185902474,7,7,10,24
15695.0,138 days 07:12:00,83 days 23:40:00,165 days 10:58:00,266 days 04:18:00,4,1131.04,1.9700512650901274,0,3,6,9
15696.0,54 days 05:57:10,71 days 13:45:36,41 days 20:56:51.428571,32 days 22:48:00,13,3881.2200000000003,0.5850337759916985,9,7,9,25
15697.0,,,,689 days 03:40:00,1,246.75,,0,0,2,2
15698.0,,,,623 days 19:12:00,1,46.2,,0,0,1,1
15699.0,,,,17 days 04:24:00,1,309.65,,0,0,3,3
15700.0,1 days 01:17:00,,1 days 01:17:00,171 days 19:57:00,2,696.68,,0,1,5,6
15701.0,36 days 00:41:00,36 days 22:05:00,35 days 13:59:00,1 days 22:11:00,4,1529.0,0.9637731590331985,0,3,7,10
15702.0,205 days 21:27:00,,205 days 21:27:00,475 days 22:00:00,2,140.39000000000001,,0,1,1,2
15703.0,,,,264 days 01:59:00,1,211.5,,0,0,2,2
15704.0,88 days 14:08:48,183 days 22:55:30,25 days 00:17:40,139 days 23:15:00,6,3734.66,0.1359693413692066,0,4,9,13
15705.0,,,,200 days 21:13:00,1,143.1,,0,0,1,1
15706.0,17 days 14:32:20,40 days 22:13:00,5 days 22:42:00,63 days 02:41:00,4,1060.56,0.14528362716983692,0,3,6,9
15707.0,17 days 00:05:20,22 days 01:34:00,14 days 11:21:00,34 days 22:15:00,4,916.98,0.6559136400830868,0,3,6,9
15708.0,48 days 02:55:07.500000,30 days 08:03:20,58 days 19:02:12,40 days 01:56:00,9,3887.15,1.9380892789011828,2,5,9,16
15709.0,305 days 16:07:00,,305 days 16:07:00,283 days 02:12:00,2,327.85,,0,1,3,4
15710.0,,,,416 days 19:45:00,1,898.87,,0,0,6,6
15711.0,128 days 00:01:00,,128 days 00:01:00,556 days 00:36:00,2,420.25,,0,1,4,5
15712.0,66 days 06:48:21.818181,61 days 14:16:48,70 days 04:34:40,8 days 22:41:00,12,3472.4100000000003,1.1395525731104919,6,6,9,21
15713.0,193 days 09:17:40,104 days 00:45:00,238 days 01:34:00,142 days 23:16:00,4,839.6400000000001,2.288401588732018,0,3,5,8
15714.0,135 days 23:49:30,5 days 20:29:00,179 days 08:56:20,11 days 01:24:00,5,783.96,30.643769525843318,0,3,5,8
15715.0,15 days 23:24:45,23 days 03:16:00,13 days 14:07:40,555 days 02:54:00,5,658.02,0.5873354144154961,0,3,5,8
15716.0,58 days 16:43:42,48 days 17:31:15,65 days 08:12:00,145 days 00:51:00,11,2485.26,1.3408910344336178,4,6,8,18
15717.0,89 days 12:40:00,59 days 03:02:00,99 days 15:52:40,233 days 23:29:00,5,607.0,1.6855684229483294,0,3,4,7
15718.0,,,,539 days 20:30:00,1,293.79,,0,0,3,3
15719.0,23 days 12:47:24,21 days 01:39:08.571428,25 days 16:32:07.500000,32 days 00:21:00,31,10195.97,1.2192870831649887,5,8,10,23
15720.0,525 days 23:08:00,,525 days 23:08:00,23 days 22:02:00,2,739.22,,0,1,5,6
15721.0,,,,11 days 00:36:00,1,471.40000000000003,,0,0,4,4
15722.0,60 days 11:39:48,43 days 05:44:30,71 days 23:36:40,35 days 01:07:00,11,5234.0,1.6647795560338021,3,6,9,18
15723.0,69 days 23:25:40,124 days 21:48:00,42 days 12:14:30,364 days 01:38:00,4,930.7,0.3403301309849445,0,3,6,9
15724.0,99 days 14:09:00,,99 days 14:09:00,200 days 22:10:00,3,310.85,,0,2,3,5
15725.0,,,,14 days 21:59:00,1,415.25,,0,0,4,4
15726.0,,,,389 days 20:38:00,1,321.91,,0,0,3,3
15727.0,47 days 17:10:17.142857,47 days 00:41:00,48 days 05:32:15,16 days 00:14:00,15,9371.710000000001,1.0255644482509119,6,7,10,23
15728.0,64 days 19:53:00,,64 days 19:53:00,379 days 02:11:00,2,544.6,,0,1,4,5
15729.0,95 days 11:26:00,,95 days 11:26:00,212 days 00:14:00,3,192.55,,0,2,2,4
15730.0,91 days 11:34:00,49 days 20:26:00,105 days 08:36:40,65 days 00:19:00,5,1726.58,2.113457591545241,0,3,7,10
15731.0,,,,553 days 02:40:00,1,125.3,,0,0,1,1
15732.0,51 days 05:48:13.333333,11 days 18:03:15,82 days 20:00:12,211 days 22:26:00,10,1543.97,7.0483033696246284,1,6,7,14
15733.0,,,,282 days 03:45:00,1,162.3,,0,0,2,2
15734.0,144 days 06:48:20,110 days 21:15:00,160 days 23:35:00,114 days 02:00:00,4,2263.3,1.4517927039298575,0,3,8,11
15735.0,,,,420 days 23:12:00,1,327.68,,0,0,3,3
15736.0,0 days 00:01:00,,0 days 00:01:00,434 days 22:30:00,2,1767.12,,0,1,7,8
15737.0,32 days 13:54:17.142857,18 days 18:07:20,42 days 22:44:30,14 days 01:29:00,8,1188.1200000000001,2.289915084791785,2,5,6,13
15738.0,17 days 18:24:51,13 days 23:54:44.210526,21 days 04:17:48.571428,18 days 04:24:00,41,13043.32,1.5131832165674814,4,8,10,22
15739.0,,,,65 days 23:08:00,1,449.12,,0,0,4,4
15740.0,,,,48 days 22:21:00,1,154.88,,0,0,1,1
15741.0,160 days 04:26:00,,160 days 04:26:00,457 days 20:29:00,2,208.62,,0,1,2,3
15742.0,,,,618 days 21:25:00,1,156.87,,0,0,1,1
15743.0,56 days 02:21:40,71 days 02:29:00,48 days 14:18:00,15 days 19:31:00,4,775.96,0.683452323980115,0,3,5,8
15744.0,,,,77 days 02:58:00,1,34.8,,0,0,1,1
15745.0,72 days 08:13:40,162 days 21:20:00,27 days 01:40:30,18 days 23:05:00,4,1094.5900000000001,0.1661856241473397,0,3,6,9
15746.0,,,,133 days 21:29:00,1,196.88,,0,0,2,2
15747.0,84 days 18:08:07.500000,65 days 00:15:20,96 days 14:27:48,12 days 00:24:00,9,2499.81,1.4859510194198955,4,5,8,17
15748.0,204 days 09:59:30,,204 days 09:59:30,39 days 23:59:00,3,609.8100000000001,,0,2,4,6
15749.0,48 days 12:12:30,,48 days 12:12:30,234 days 23:30:00,3,44534.3,,0,2,10,12
15750.0,43 days 06:46:45.882352,43 days 20:43:37.500000,42 days 18:22:53.333333,2 days 00:16:00,18,6452.991,0.97497394883342,7,7,10,24
15751.0,27 days 07:09:36,13 days 23:51:45,36 days 04:01:30,460 days 00:06:00,11,1380.44,2.5844653690126167,2,6,7,15
15752.0,52 days 05:57:37.500000,60 days 00:58:20,47 days 13:45:12,39 days 01:13:00,9,3924.91,0.7923493012048193,8,5,9,22
15753.0,,,,304 days 00:09:00,1,79.2,,0,0,1,1
15754.0,75 days 12:08:37.500000,12 days 15:01:00,113 days 05:37:12,50 days 22:10:00,9,3037.61,8.968549584731313,1,5,9,15
15755.0,45 days 07:54:33.750000,36 days 10:43:17.142857,52 days 05:43:20,9 days 21:53:00,17,5993.12,1.4332817069199097,4,7,10,21
15756.0,62 days 15:50:00,36 days 00:20:00,75 days 23:35:00,60 days 23:20:00,4,528.01,2.1098148862321637,0,3,4,7
15757.0,96 days 09:17:24,49 days 12:49:00,127 days 14:56:20,65 days 00:36:00,6,2940.36,2.5764602522583147,0,4,9,13
15758.0,,,,24 days 02:02:00,1,205.25,,0,0,2,2
15759.0,86 days 12:50:50,98 days 12:05:30,80 days 13:13:30,217 days 21:37:00,7,830.9300000000001,0.8177453637937051,0,4,5,9
15760.0,0 days 00:10:00,,0 days 00:10:00,630 days 01:05:00,2,13916.34,,0,1,10,11
15761.0,,,,442 days 03:17:00,1,143.05,,0,0,1,1
15762.0,12 days 00:58:00,,12 days 00:58:00,64 days 20:35:00,2,583.75,,0,1,4,5
15763.0,45 days 21:34:00,,45 days 21:34:00,31 days 03:06:00,2,1086.92,,0,1,6,7
15764.0,55 days 17:42:51.428571,97 days 23:37:20,24 days 01:17:00,87 days 18:52:00,8,4503.08,0.2454830235393062,10,5,9,24
15765.0,,,,666 days 02:25:00,1,370.63,,0,0,3,3
15766.0,309 days 00:34:00,,309 days 00:34:00,63 days 19:47:00,3,831.06,,0,2,5,7
15768.0,18 days 19:35:41.818181,7 days 21:12:26.250000,29 days 02:32:52.941176,115 days 02:02:00,34,15308.89,3.6919720855484415,1,8,10,19
15769.0,16 days 00:37:12,17 days 19:51:35.454545,14 days 07:15:36.521739,6 days 22:58:00,46,88612.52,0.8022723939700478,8,8,10,26
15770.0,,,,612 days 01:03:00,1,321.45,,0,0,3,3
15771.0,44 days 12:51:00,,44 days 12:51:00,603 days 22:54:00,3,1006.54,,0,2,6,8
15772.0,,,,417 days 23:17:00,1,280.88,,0,0,2,2
15773.0,403 days 21:21:00,,403 days 21:21:00,5 days 00:02:00,2,774.5200000000001,,0,1,5,6
15774.0,117 days 14:13:24,41 days 23:39:00,167 days 23:56:20,68 days 00:46:00,6,1288.34,4.001328724149148,0,4,7,11
15775.0,386 days 05:24:00,,386 days 05:24:00,244 days 23:54:00,2,150.5,,0,1,1,2
15776.0,,,,132 days 23:04:00,1,241.62,,0,0,2,2
15777.0,54 days 13:01:00,86 days 02:00:00,38 days 18:31:30,240 days 20:07:00,7,1762.61,0.45039932236205227,0,4,7,11
15778.0,,,,430 days 21:40:00,1,307.95,,0,0,3,3
15779.0,69 days 00:45:00,,69 days 00:45:00,462 days 20:10:00,2,124.08,,0,1,1,2
15780.0,87 days 00:09:00,,87 days 00:09:00,183 days 00:49:00,3,475.28000000000003,,0,2,4,6
15781.0,140 days 02:51:00,,140 days 02:51:00,24 days 21:53:00,3,345.46000000000004,,0,2,3,5
15782.0,140 days 06:22:00,340 days 22:46:00,39 days 22:10:00,9 days 02:01:00,4,4014.1,0.117095684833573,0,3,9,12
15783.0,,,,10 days 03:00:00,1,246.3,,0,0,2,2
15784.0,204 days 19:56:00,,204 days 19:56:00,467 days 02:12:00,2,848.3299999999999,,0,1,5,6
15785.0,46 days 02:52:20,42 days 16:57:00,49 days 02:33:15,32 days 01:17:00,16,5969.93,1.1498650340667025,5,7,10,22
15786.0,122 days 13:00:00,118 days 21:58:00,123 days 18:00:40,45 days 22:37:00,5,8501.62,1.040660756763491,0,3,10,13
15787.0,17 days 12:52:00,,17 days 12:52:00,25 days 21:55:00,3,933.26,,0,2,6,8
15788.0,,,,508 days 00:02:00,1,221.82999999999998,,0,0,2,2
15789.0,53 days 00:38:48,40 days 12:06:30,61 days 09:00:20,357 days 22:15:00,6,1962.01,1.5152689315034047,0,4,8,12
15790.0,,,,9 days 21:57:00,1,218.75,,0,0,2,2
15791.0,149 days 12:08:15,51 days 01:48:00,182 days 07:35:00,43 days 02:36:00,5,3608.34,3.5695736117909393,0,3,9,12
15792.0,218 days 22:39:00,,218 days 22:39:00,399 days 04:29:00,2,933.84,,0,1,6,7
15793.0,103 days 09:48:08.571428,93 days 15:57:40,110 days 17:11:00,14 days 03:19:00,8,2399.57,1.182041504276715,5,5,8,18
15794.0,0 days 21:54:00,,0 days 21:54:00,735 days 23:46:00,2,777.0,,0,1,5,6
15795.0,77 days 06:44:34.285714,15 days 08:48:40,123 days 17:11:30,149 days 02:07:00,8,1979.87,8.050710993281717,1,5,8,14
15796.0,38 days 13:55:18.750000,34 days 04:15:08.571428,42 days 00:06:33.333333,0 days 16:55:00,17,5171.63,1.2290232648747248,5,7,9,21
15797.0,113 days 15:10:24,181 days 01:17:30,68 days 16:25:40,112 days 19:46:00,6,2821.08,0.37935952387801614,0,4,8,12
15798.0,94 days 10:39:00,,94 days 10:39:00,492 days 03:37:00,3,1535.37,,0,2,7,9
15799.0,114 days 07:26:40,84 days 00:47:00,129 days 10:46:30,75 days 00:04:00,4,1421.34,1.5404604692290529,0,3,7,10
15800.0,85 days 04:11:00,0 days 00:03:00,127 days 18:15:00,106 days 22:27:00,7,1227.07,61325.0,0,4,7,11
15801.0,31 days 13:59:30,,31 days 13:59:30,45 days 22:58:00,3,1063.95,,0,2,6,8
15802.0,,,,142 days 01:12:00,1,451.42,,0,0,4,4
15803.0,208 days 07:29:00,212 days 16:13:00,206 days 03:07:00,50 days 21:54:00,4,1929.6599999999999,0.9692215259932148,0,3,8,11
15804.0,16 days 12:11:35,22 days 10:10:00,12 days 06:47:00,0 days 00:19:00,13,4206.39,0.5477547228244039,9,7,9,25
15805.0,24 days 08:23:57.931034,31 days 11:56:34.285714,17 days 16:17:32,22 days 20:18:00,30,10148.93,0.5612755226313152,9,8,10,27
15806.0,115 days 02:35:30,,115 days 02:35:30,45 days 22:15:00,3,784.58,,0,2,5,7
15807.0,153 days 23:39:30,257 days 21:32:00,119 days 08:22:00,49 days 22:40:00,5,1817.52,0.4627758689400386,0,3,7,10
15808.0,21 days 14:18:09,19 days 07:53:33.333333,23 days 10:49:10.909090,305 days 22:17:00,21,17180.25,1.2132543307580805,5,7,10,22
15809.0,83 days 04:22:50,116 days 10:26:30,66 days 13:21:00,35 days 20:10:00,7,1274.44,0.5716168703945034,0,4,7,11
15810.0,84 days 22:45:42.857142,95 days 13:28:40,76 days 23:43:30,78 days 03:12:00,8,2999.04,0.8056432976605156,8,5,9,22
15811.0,60 days 23:47:30,15 days 10:49:00,83 days 18:16:45,21 days 21:19:00,7,3486.15,5.421221178479931,0,4,9,13
15812.0,56 days 02:14:27.272727,50 days 14:44:48,60 days 15:49:10,106 days 22:31:00,12,5201.47,1.1984551877300433,5,6,9,20
15813.0,31 days 23:04:00,,31 days 23:04:00,207 days 04:37:00,2,1303.9099999999999,,0,1,7,8
15814.0,117 days 08:21:12,276 days 09:16:30,11 days 07:44:20,16 days 04:33:00,6,2634.44,0.040966021895502434,0,4,8,12
15815.0,49 days 00:59:45,14 days 03:18:00,60 days 16:13:40,63 days 00:08:00,5,2100.6,4.291859056226873,0,3,8,11
15816.0,0 days 00:42:00,,0 days 00:42:00,541 days 23:14:00,2,144.14999999999998,,0,1,1,2
15817.0,61 days 10:48:00,,61 days 10:48:00,420 days 01:43:00,3,2766.3999999999996,,0,2,8,10
15818.0,,,,587 days 23:52:00,1,340.5,,0,0,3,3
15819.0,58 days 05:10:12,10 days 18:12:30,89 days 20:28:40,48 days 22:00:00,11,4231.21,8.3516970577161,1,6,9,16
15820.0,,,,319 days 00:50:00,1,206.98,,0,0,2,2
15821.0,17 days 02:20:00,,17 days 02:20:00,43 days 21:02:00,2,570.96,,0,1,4,5
15822.0,145 days 23:55:36,90 days 23:19:00,182 days 16:20:00,2 days 22:00:00,6,1840.06,2.0081069321139857,0,4,8,12
15823.0,179 days 11:58:00,,179 days 11:58:00,371 days 21:42:00,3,3882.17,,0,2,9,11
15824.0,78 days 22:10:00,,78 days 22:10:00,452 days 23:30:00,2,890.94,,0,1,6,7
15825.0,,,,171 days 23:23:00,1,532.94,,0,0,4,4
15826.0,170 days 15:41:40,357 days 17:44:00,77 days 02:40:30,55 days 20:45:00,4,2598.28,0.21555235041075893,0,3,8,11
15827.0,23 days 05:29:15.555555,21 days 11:11:04.615384,24 days 20:46:08.571428,72 days 21:15:00,28,3603.1400000000003,1.1583596050778107,5,8,9,22
15828.0,,,,374 days 20:09:00,1,1108.82,,0,0,6,6
15829.0,41 days 06:22:00,,41 days 06:22:00,98 days 20:05:00,2,636.14,,0,1,5,6
15830.0,,,,37 days 02:10:00,1,576.0,,0,0,4,4
15831.0,132 days 23:11:00,,132 days 23:11:00,57 days 23:36:00,3,794.64,,0,2,5,7
15832.0,,,,253 days 21:21:00,1,836.79,,0,0,5,5
15833.0,,,,737 days 00:51:00,1,80.4,,0,0,1,1
15834.0,59 days 00:06:00,23 days 23:00:00,76 days 12:39:00,69 days 22:09:00,7,3764.39,3.1941739130434783,0,4,9,13
15835.0,95 days 09:44:00,70 days 03:24:00,108 days 00:54:00,43 days 21:03:00,4,954.09,1.5402756326482119,0,3,6,9
15836.0,,,,49 days 19:37:00,1,137.37,,0,0,1,1
15837.0,420 days 22:45:00,,420 days 22:45:00,64 days 03:49:00,2,777.01,,0,1,5,6
15838.0,21 days 14:40:16.363636,25 days 20:52:56.250000,17 days 14:28:21.176470,10 days 22:50:00,34,73205.5,0.6804390376239905,9,8,10,27
15839.0,57 days 10:39:30,,57 days 10:39:30,32 days 22:56:00,3,1048.49,,0,2,6,8
15840.0,113 days 21:26:00,,113 days 21:26:00,58 days 03:42:00,2,355.56,,0,1,3,4
15841.0,82 days 03:28:15,93 days 16:03:00,75 days 05:31:24,72 days 00:35:00,9,2742.4100000000003,0.80315087890987,8,5,8,21
15842.0,134 days 05:02:00,,134 days 05:02:00,392 days 22:42:00,2,548.8,,0,1,4,5
15843.0,,,,303 days 02:31:00,1,118.95000000000002,,0,0,1,1
15844.0,,,,45 days 21:31:00,1,130.73999999999998,,0,0,1,1
15845.0,66 days 11:29:48,98 days 16:58:45,44 days 23:50:30,17 days 03:08:00,11,4426.28,0.45582573365813334,10,6,9,25
15846.0,,,,384 days 22:10:00,1,107.01,,0,0,1,1
15847.0,150 days 19:28:30,198 days 05:55:00,134 days 23:59:40,37 days 22:09:00,5,822.57,0.6809691449922644,0,3,5,8
15848.0,,,,621 days 01:56:00,1,137.99,,0,0,1,1
15850.0,141 days 09:45:24,168 days 23:41:30,123 days 00:28:00,18 days 22:36:00,6,1006.75,0.7279810472114292,0,4,6,10
15851.0,,,,526 days 00:16:00,1,109.73,,0,0,1,1
15852.0,170 days 00:33:00,,170 days 00:33:00,186 days 01:28:00,3,257.26,,0,2,2,4
15853.0,,,,51 days 02:12:00,1,110.8,,0,0,1,1
15854.0,36 days 06:04:33,40 days 21:17:40,32 days 11:04:43.636363,3 days 23:11:00,21,5578.28,0.7939296836839662,8,7,10,25
15855.0,67 days 22:37:00,117 days 22:42:00,34 days 14:33:40,136 days 02:30:00,6,1052.72,0.29341191617307066,0,4,6,10
15856.0,14 days 08:31:54.117647,14 days 20:08:28.800000,13 days 21:22:06.923076,3 days 19:41:00,52,32275.95,0.9360570047378194,7,9,10,26
15857.0,411 days 19:35:00,,411 days 19:35:00,18 days 00:32:00,2,570.48,,0,1,4,5
15858.0,59 days 12:05:30,39 days 05:17:24,73 days 23:48:25.714285,15 days 00:02:00,13,3552.41,1.8865675220781528,3,7,9,19
15859.0,,,,431 days 23:58:00,1,438.46,,0,0,4,4
15860.0,43 days 07:25:52.500000,50 days 00:01:08.571428,38 days 02:31:46.666666,40 days 01:25:00,17,2361.3,0.7620959279305437,8,7,8,23
15861.0,55 days 15:41:30,82 days 14:31:24,36 days 09:40:08.571428,11 days 20:51:00,13,4583.04,0.4406853795510884,10,7,9,26
15862.0,59 days 12:09:35,29 days 01:00:24,81 days 06:24:42.857142,7 days 23:22:00,13,2512.29,2.798268650842651,1,7,8,16
15863.0,174 days 06:37:15,36 days 03:54:00,220 days 07:31:40,25 days 00:01:00,5,355.1,6.092323744414999,0,3,3,6
15864.0,59 days 19:45:00,102 days 00:16:30,38 days 17:29:15,21 days 23:18:00,7,2180.76,0.3796499576232245,0,4,8,12
15865.0,165 days 17:41:15,290 days 01:26:00,124 days 07:06:20,40 days 00:07:00,5,2241.42,0.4285188714329265,0,3,8,11
15866.0,,,,100 days 22:41:00,1,211.89,,0,0,2,2
15867.0,23 days 23:56:32,22 days 22:15:55.714285,24 days 22:24:33.750000,4 days 23:18:00,31,8923.3,1.087492130422288,6,8,10,24
15868.0,,,,582 days 22:39:00,1,94.53,,0,0,1,1
15869.0,174 days 12:16:30,,174 days 12:16:30,276 days 19:27:00,3,321.11,,0,2,3,5
15870.0,137 days 22:12:00,0 days 00:05:00,206 days 21:15:30,32 days 01:52:00,4,857.46,59583.1,0,3,5,8
15871.0,,,,436 days 22:34:00,1,33.099999999999994,,0,0,1,1
15872.0,178 days 15:00:40,171 days 21:12:00,181 days 23:55:00,14 days 00:55:00,4,729.25,1.0588375513106436,0,3,5,8
15873.0,0 days 08:14:20,0 days 00:01:00,0 days 12:21:00,499 days 00:09:00,4,313.92,741.0,0,3,3,6
15874.0,31 days 21:31:45,24 days 02:47:26.666666,38 days 06:18:54.545454,63 days 00:19:00,21,11284.76,1.5866099556810933,3,7,10,20
15875.0,,,,645 days 19:59:00,1,108.52,,0,0,1,1
15876.0,39 days 03:32:00,,39 days 03:32:00,408 days 17:52:00,2,1449.1399999999999,,0,1,7,8
15877.0,16 days 00:35:00,,16 days 00:35:00,1 days 00:57:00,2,490.33000000000004,,0,1,4,5
15878.0,171 days 23:49:00,,171 days 23:49:00,561 days 00:33:00,2,330.77,,0,1,3,4
15879.0,105 days 22:49:00,152 days 21:55:00,82 days 11:16:00,403 days 20:29:00,4,1137.8,0.5393219646222667,0,3,6,9
15880.0,,,,368 days 23:50:00,1,329.03000000000003,,0,0,3,3
15881.0,13 days 00:51:45,2 days 21:04:00,16 days 10:07:40,311 days 19:51:00,5,501.39000000000004,5.706483268983269,0,3,4,7
15882.0,75 days 20:00:17.142857,113 days 23:39:20,47 days 05:16:00,198 days 01:15:00,8,1124.66,0.4142578053604864,10,5,6,21
15883.0,31 days 02:15:00,,31 days 02:15:00,1 days 19:45:00,2,396.48,,0,1,3,4
15884.0,303 days 21:32:00,,303 days 21:32:00,431 days 20:55:00,2,244.60000000000002,,0,1,2,3
15885.0,42 days 11:51:08.571428,27 days 11:45:00,53 days 17:55:45,92 days 02:07:00,15,1951.8200000000002,1.9551787293166603,2,7,8,17
15886.0,179 days 07:47:20,181 days 20:54:00,178 days 01:14:00,59 days 22:25:00,4,1052.87,0.9789991370554499,0,3,6,9
15887.0,74 days 10:21:30,,74 days 10:21:30,406 days 04:14:00,3,1027.15,,0,2,6,8
15888.0,223 days 00:19:30,,223 days 00:19:30,80 days 00:20:00,3,429.15999999999997,,0,2,4,6
15889.0,81 days 20:24:08.571428,41 days 08:46:20,112 days 05:07:30,156 days 01:40:00,8,1427.6,2.7127320242418818,2,5,7,14
15890.0,52 days 13:00:45,7 days 05:10:00,67 days 15:37:40,394 days 00:04:00,5,535.65,9.37609881296118,0,3,4,7
15891.0,,,,226 days 00:15:00,1,511.68,,0,0,4,4
15892.0,,,,668 days 20:27:00,1,128.2,,0,0,1,1
15893.0,,,,481 days 01:38:00,1,305.28000000000003,,0,0,3,3
15894.0,115 days 23:44:00,,115 days 23:44:00,252 days 23:00:00,2,258.25,,0,1,2,3
15895.0,,,,149 days 02:23:00,1,179.17,,0,0,2,2
15897.0,0 days 00:18:00,,0 days 00:18:00,193 days 23:00:00,2,208.59,,0,1,2,3
15898.0,30 days 06:58:00,14 days 14:48:10.909090,43 days 13:15:32.307692,0 days 21:27:00,25,4996.45,2.979617859790797,1,8,9,18
15899.0,,,,368 days 02:14:00,1,56.25,,0,0,1,1
15900.0,179 days 16:17:20,144 days 23:55:00,197 days 00:28:30,23 days 00:31:00,4,886.5699999999999,1.358789721976101,0,3,6,9
15901.0,87 days 20:00:40,46 days 00:29:00,108 days 17:46:30,16 days 00:07:00,7,687.72,2.3628921516848,0,4,5,9
15902.0,,,,379 days 19:53:00,1,145.01,,0,0,1,1
15903.0,62 days 06:17:21.818181,79 days 19:49:24,47 days 15:00:40,9 days 04:42:00,12,8939.84,0.5966161342874923,9,6,10,25
15904.0,,,,7 days 22:00:00,1,164.68,,0,0,2,2
15905.0,,,,542 days 20:50:00,1,114.69,,0,0,1,1
15906.0,47 days 21:20:46.666666,48 days 18:18:45,47 days 04:34:24,19 days 00:26:00,10,2530.19,0.9677529149977748,7,6,8,21
15907.0,103 days 11:40:00,,103 days 11:40:00,3 days 00:29:00,3,882.72,,0,2,6,8
15908.0,21 days 16:35:00,,21 days 16:35:00,490 days 00:54:00,2,758.62,,0,1,5,6
15909.0,,,,173 days 02:12:00,1,191.94,,0,0,2,2
15910.0,49 days 01:38:34.285714,47 days 20:04:30,49 days 23:49:07.500000,0 days 01:59:00,15,2661.17,1.0450700084924764,6,7,8,21
15911.0,15 days 06:40:00,16 days 07:46:40,14 days 11:50:00,623 days 00:44:00,8,1700.24,0.8878332387975043,7,5,7,19
15912.0,68 days 21:11:22.500000,13 days 16:23:40,102 days 00:04:00,177 days 22:21:00,9,1074.7,7.454653110250208,1,5,6,12
15913.0,,,,533 days 20:19:00,1,6.300000000000001,,0,0,1,1
15914.0,0 days 00:01:00,,0 days 00:01:00,377 days 20:40:00,2,205.98999999999998,,0,1,2,3
15915.0,,,,401 days 01:37:00,1,364.45,,0,0,3,3
15916.0,59 days 09:47:05,72 days 13:45:12,50 days 00:05:34.285714,15 days 23:04:00,13,3145.24,0.6890142445406225,9,7,9,25
15917.0,122 days 10:56:15,0 days 00:49:00,163 days 06:18:40,247 days 02:10:00,5,530.17,4797.931972789115,0,3,4,7
15918.0,220 days 12:01:00,,220 days 12:01:00,190 days 01:08:00,3,582.88,,0,2,4,6
15919.0,349 days 00:02:00,,349 days 00:02:00,19 days 01:22:00,2,525.69,,0,1,4,5
15920.0,71 days 09:17:45,63 days 15:39:20,76 days 00:40:48,153 days 21:19:00,9,569.14,1.194431554524362,5,5,4,14
15921.0,156 days 00:00:00,223 days 00:00:00,122 days 12:00:00,172 days 01:47:00,4,775.26,0.5493273542600897,0,3,5,8
15922.0,,,,372 days 22:59:00,1,369.5,,0,0,3,3
15923.0,,,,372 days 00:34:00,1,127.08,,0,0,1,1
15924.0,,,,730 days 21:50:00,1,102.82,,0,0,1,1
15925.0,,,,193 days 21:15:00,1,207.15,,0,0,2,2
15926.0,,,,541 days 21:27:00,1,134.44,,0,0,1,1
15927.0,,,,646 days 23:25:00,1,106.54,,0,0,1,1
15928.0,,,,655 days 21:34:00,1,293.53,,0,0,3,3
15929.0,,,,643 days 21:54:00,1,594.0,,0,0,4,4
15930.0,,,,66 days 21:58:00,1,426.63,,0,0,4,4
15931.0,,,,427 days 20:04:00,1,239.9,,0,0,2,2
15932.0,40 days 17:29:00,24 days 23:16:20,52 days 13:08:30,3 days 19:37:00,8,2495.87,2.1044554042403285,2,5,8,15
15933.0,32 days 12:34:30,,32 days 12:34:30,20 days 23:36:00,3,1107.46,,0,2,6,8
15934.0,11 days 22:05:00,,11 days 22:05:00,417 days 02:37:00,2,2190.66,,0,1,8,9
15935.0,2 days 03:52:00,,2 days 03:52:00,238 days 23:23:00,2,416.86,,0,1,4,5
15936.0,88 days 04:57:00,,88 days 04:57:00,378 days 20:11:00,2,282.79,,0,1,2,3
15937.0,,,,63 days 21:02:00,1,145.35,,0,0,1,1
15938.0,55 days 12:24:15,33 days 10:28:20,68 days 18:21:48,111 days 23:54:00,9,734.81,2.0565987053895944,2,5,5,12
15939.0,18 days 23:57:32,18 days 06:50:42.857142,19 days 14:56:00,89 days 01:20:00,16,9060.39,1.0731193880048142,6,7,10,23
15940.0,,,,310 days 20:32:00,1,35.8,,0,0,1,1
15941.0,,,,636 days 22:05:00,1,405.0,,0,0,3,3
15942.0,,,,133 days 03:49:00,1,337.44,,0,0,3,3
15943.0,28 days 01:45:00,,28 days 01:45:00,649 days 00:01:00,2,271.28999999999996,,0,1,2,3
15944.0,149 days 23:12:00,241 days 01:42:00,104 days 09:57:00,276 days 02:17:00,4,2164.24,0.4331282299462468,0,3,8,11
15945.0,124 days 07:49:00,45 days 03:49:00,163 days 21:49:00,364 days 23:36:00,4,646.27,3.629596026388227,0,3,5,8
15946.0,65 days 12:44:30,,65 days 12:44:30,502 days 00:32:00,3,2304.18,,0,2,8,10
15947.0,,,,82 days 02:04:00,1,1708.24,,0,0,7,7
15948.0,208 days 01:38:00,,208 days 01:38:00,7 days 21:18:00,3,1509.0900000000001,,0,2,7,9
15949.0,54 days 15:35:00,,54 days 15:35:00,16 days 03:41:00,2,364.72,,0,1,3,4
15950.0,72 days 07:56:40,70 days 00:23:15,74 days 04:23:24,31 days 01:41:00,10,7120.91,1.05951157099181,6,6,10,22
15951.0,186 days 07:07:00,,186 days 07:07:00,8 days 04:16:00,3,1013.17,,0,2,6,8
15952.0,63 days 23:27:40,66 days 00:38:00,62 days 22:52:30,33 days 01:32:00,4,781.91,0.953454006184396,0,3,5,8
15953.0,42 days 09:58:21.176470,42 days 17:54:37.500000,42 days 02:55:00,14 days 21:18:00,18,3440.3399999999997,0.985384932488826,7,7,9,23
15954.0,,,,588 days 23:15:00,1,190.75,,0,0,2,2
15955.0,29 days 23:53:17.142857,45 days 01:38:06,16 days 07:01:38.181818,23 days 22:35:00,22,8085.9800000000005,0.36151499602659143,10,7,10,27
15956.0,175 days 01:50:00,,175 days 01:50:00,550 days 23:44:00,2,617.5999999999999,,0,1,5,6
15957.0,194 days 12:01:30,,194 days 12:01:30,31 days 00:36:00,3,921.25,,0,2,6,8
15958.0,158 days 16:54:00,132 days 23:27:00,171 days 13:37:30,73 days 23:09:00,4,462.12,1.2902050791959767,0,3,4,7
15959.0,0 days 00:09:30,,0 days 00:09:30,681 days 20:12:00,3,542.8900000000001,,0,2,4,6
15960.0,20 days 08:02:20,40 days 23:19:00,10 days 00:24:00,373 days 20:53:00,4,410.95000000000005,0.24447871997830473,0,3,4,7
15961.0,,,,378 days 20:51:00,1,451.28999999999996,,0,0,4,4
15962.0,,,,448 days 23:02:00,1,289.48,,0,0,3,3
15963.0,25 days 22:28:00,,25 days 22:28:00,19 days 01:17:00,2,470.76,,0,1,4,5
15964.0,,,,662 days 21:20:00,1,269.21000000000004,,0,0,2,2
15965.0,59 days 22:24:55,44 days 00:06:36,71 days 07:29:25.714285,16 days 20:06:00,13,2771.94,1.620560809186806,3,7,8,18
15966.0,,,,450 days 02:06:00,1,426.53000000000003,,0,0,4,4
15967.0,65 days 00:12:00,45 days 23:44:48,80 days 20:34:40,22 days 21:09:00,12,2966.0,1.7581731717825748,3,6,9,18
15968.0,,,,387 days 23:46:00,1,404.55,,0,0,3,3
15969.0,129 days 23:29:00,96 days 22:51:00,140 days 23:41:40,2 days 01:44:00,5,1127.05,1.454195347549023,0,3,6,9
15970.0,295 days 00:38:00,,295 days 00:38:00,303 days 00:42:00,2,1017.32,,0,1,6,7
15971.0,42 days 00:10:49.411764,57 days 15:18:07.500000,28 days 02:44:20,17 days 00:00:00,18,5902.83,0.48777407120140764,10,7,10,27
15972.0,35 days 23:48:30,26 days 01:31:00,39 days 07:14:20,455 days 23:30:00,5,1769.33,1.507935662074907,0,3,7,10
15973.0,31 days 10:21:00,,31 days 10:21:00,366 days 01:08:00,3,680.6200000000001,,0,2,5,7
15974.0,41 days 12:30:30,38 days 12:30:00,43 days 00:30:45,38 days 23:37:00,7,3442.15,1.116833423472147,0,4,9,13
15975.0,,,,83 days 23:17:00,1,371.01,,0,0,3,3
15976.0,77 days 04:35:48,41 days 22:45:00,100 days 16:29:40,164 days 23:50:00,6,1694.41,2.400292470270121,0,4,7,11
15977.0,21 days 21:05:00,,21 days 21:05:00,16 days 23:21:00,2,1054.73,,0,1,6,7
15978.0,283 days 12:21:00,,283 days 12:21:00,76 days 21:29:00,3,3279.42,,0,2,9,11
15979.0,,,,602 days 01:15:00,1,329.22,,0,0,3,3
15980.0,77 days 23:10:10,32 days 22:56:30,100 days 11:17:00,88 days 03:09:00,7,6543.679999999999,3.048623476236132,0,4,10,14
15981.0,29 days 19:05:39,17 days 05:27:26.666666,40 days 01:53:16.363636,24 days 04:50:00,21,9362.77,2.326449741993365,2,7,10,19
15982.0,,,,604 days 21:03:00,1,324.51,,0,0,3,3
15983.0,101 days 14:23:08.571428,113 days 15:53:20,92 days 13:15:30,21 days 19:16:00,8,3110.37,0.8142774225082481,8,5,9,22
15984.0,25 days 09:03:22.758620,18 days 03:29:47.142857,32 days 03:02:44,2 days 00:34:00,30,8393.02,1.7704979994552623,3,8,10,21
15985.0,73 days 00:06:40,37 days 21:46:00,90 days 13:17:00,122 days 20:19:00,7,2715.28,2.388835965265819,0,4,8,12
15986.0,351 days 05:15:00,,351 days 05:15:00,29 days 21:33:00,2,354.42,,0,1,3,4
15987.0,52 days 10:40:17.142857,59 days 22:45:20,46 days 19:36:30,11 days 21:12:00,8,1535.99,0.7809584671938713,8,5,7,20
15988.0,318 days 12:53:30,,318 days 12:53:30,18 days 23:27:00,3,738.89,,0,2,5,7
15989.0,361 days 20:12:00,,361 days 20:12:00,375 days 00:47:00,2,368.31,,0,1,3,4
15990.0,100 days 20:34:40,24 days 12:50:00,139 days 00:27:00,43 days 20:52:00,7,1997.75,5.666204358901783,0,4,8,12
15991.0,,,,533 days 21:00:00,1,150.55,,0,0,1,1
15992.0,224 days 23:34:00,,224 days 23:34:00,3 days 01:50:00,3,896.6,,0,2,6,8
15993.0,5 days 23:04:00,5 days 11:56:00,6 days 04:38:00,8 days 02:05:00,7,2777.67,1.126579080343608,0,4,8,12
15994.0,290 days 12:16:30,,290 days 12:16:30,54 days 00:22:00,3,1175.68,,0,2,6,8
15995.0,,,,413 days 22:53:00,1,694.54,,0,0,5,5
15996.0,51 days 11:54:10,56 days 00:05:00,49 days 05:48:45,87 days 21:36:00,7,1386.4,0.8792702585405171,0,4,7,11
15998.0,46 days 19:16:00,34 days 07:56:08.571428,57 days 17:10:52.500000,36 days 00:05:00,16,8274.14,1.6811763660482992,3,7,10,20
15999.0,,,,735 days 00:19:00,1,20.4,,0,0,1,1
16000.0,0 days 00:01:30,,0 days 00:01:30,2 days 00:33:00,3,12393.7,,0,2,10,12
16001.0,,,,380 days 19:40:00,1,583.39,,0,0,4,4
16002.0,,,,624 days 23:42:00,1,169.21,,0,0,2,2
16003.0,78 days 12:20:40,88 days 17:24:45,70 days 08:17:24,29 days 02:53:00,10,5613.83,0.7928430963939584,8,6,10,24
16004.0,52 days 05:28:00,51 days 00:31:00,52 days 15:07:00,474 days 01:02:00,5,2146.39,1.0315226415864762,0,3,8,11
16005.0,48 days 16:02:53.333333,16 days 23:34:30,74 days 00:25:36,11 days 23:03:00,10,2365.49,4.35852706045922,1,6,8,15
16006.0,176 days 01:09:00,,176 days 01:09:00,210 days 23:38:00,2,332.82,,0,1,3,4
16007.0,82 days 15:37:50,79 days 23:35:30,83 days 23:39:00,47 days 01:45:00,7,3053.06,1.0500410243497966,0,4,9,13
16008.0,43 days 08:31:47.142857,31 days 20:23:00,51 days 23:38:22.500000,23 days 02:18:00,15,5339.13,1.6322171467195778,3,7,9,19
16009.0,45 days 17:48:20,116 days 00:56:00,10 days 14:14:30,21 days 19:59:00,4,972.11,0.09129183224014938,0,3,6,9
16010.0,16 days 14:20:00,6 days 12:32:30,23 days 07:31:40,245 days 02:36:00,11,1694.8600000000001,3.574305740395706,1,6,7,14
16011.0,26 days 01:52:27.857142,28 days 15:07:04.615384,23 days 20:47:48,7 days 20:19:00,29,5601.01,0.8336220407799787,8,8,10,26
16012.0,123 days 12:26:30,128 days 02:08:00,121 days 23:52:40,34 days 23:25:00,5,2978.59,0.9524238086976636,0,3,9,12
16013.0,8 days 18:30:30.361445,9 days 02:54:30.731707,8 days 10:18:30,3 days 02:14:00,84,56078.44,0.9241683147176963,7,9,10,26
16014.0,159 days 23:50:15,269 days 03:21:00,123 days 14:40:00,37 days 00:46:00,5,1100.28,0.4592825387487389,0,3,6,9
16015.0,22 days 23:01:00,,22 days 23:01:00,3 days 01:52:00,3,704.55,,0,2,5,7
16016.0,39 days 21:42:48,43 days 23:54:45,37 days 04:14:50,2 days 22:15:00,11,2083.4,0.8450010983128073,8,6,8,22
16017.0,164 days 00:12:30,12 days 00:11:00,214 days 16:13:00,46 days 23:54:00,5,1545.58,17.87826036666474,0,3,7,10
16018.0,231 days 00:05:20,336 days 01:39:00,178 days 11:18:30,38 days 22:37:00,4,698.13,0.5310555669206243,0,3,5,8
16019.0,25 days 03:28:06.666666,22 days 16:30:46.153846,27 days 10:12:47.142857,46 days 00:59:00,28,17638.45,1.2088110149880478,5,8,10,23
16020.0,24 days 10:42:00,,24 days 10:42:00,16 days 01:32:00,3,851.01,,0,2,5,7
16021.0,149 days 03:43:00,,149 days 03:43:00,394 days 22:02:00,2,487.03,,0,1,4,5
16022.0,,,,259 days 23:34:00,1,602.63,,0,0,4,4
16023.0,110 days 01:31:00,,110 days 01:31:00,45 days 20:16:00,3,719.8100000000001,,0,2,5,7
16024.0,199 days 12:53:00,,199 days 12:53:00,11 days 23:24:00,3,483.99,,0,2,4,6
16025.0,,,,29 days 01:05:00,1,439.65999999999997,,0,0,4,4
16026.0,,,,42 days 22:57:00,1,236.09,,0,0,2,2
16027.0,43 days 11:49:00,19 days 19:34:40,61 days 05:59:45,91 days 02:03:00,15,2048.36,3.0909682958740246,1,7,8,16
16028.0,,,,595 days 01:05:00,1,82.2,,0,0,1,1
16029.0,6 days 12:53:48.679245,7 days 20:17:12.692307,5 days 06:40:10,38 days 02:23:00,107,117763.62,0.6727471324051549,9,10,10,29
16030.0,,,,309 days 01:22:00,1,331.24,,0,0,3,3
16031.0,154 days 22:44:00,,154 days 22:44:00,91 days 23:43:00,2,547.9,,0,1,4,5
16032.0,13 days 10:29:48,10 days 11:19:30,15 days 09:56:40,455 days 18:50:00,6,1965.72,1.4719763033699171,0,4,8,12
16033.0,18 days 10:55:23.076923,17 days 05:39:50,19 days 12:00:08.571428,5 days 00:06:00,27,10608.81,1.1313590417797594,6,8,10,24
16034.0,42 days 15:03:24,7 days 11:16:00,66 days 01:35:00,195 days 20:33:00,6,911.3199999999999,8.844830792116028,0,4,6,10
16035.0,,,,559 days 21:41:00,1,217.73,,0,0,2,2
16036.0,177 days 16:02:00,196 days 00:21:00,168 days 11:52:30,86 days 21:57:00,4,2556.84,0.8596033458394889,0,3,8,11
16037.0,94 days 17:10:30,103 days 23:01:00,91 days 15:13:40,269 days 03:37:00,5,1509.3400000000001,0.8814481310523421,0,3,7,10
16038.0,97 days 00:35:30,,97 days 00:35:30,7 days 00:10:00,3,471.78,,0,2,4,6
16039.0,204 days 19:27:00,,204 days 19:27:00,423 days 02:06:00,2,456.40000000000003,,0,1,4,5
16040.0,90 days 16:35:50,77 days 01:43:00,97 days 12:02:15,64 days 23:03:00,7,2416.9,1.2650788859555067,0,4,8,12
16041.0,55 days 09:59:00,,55 days 09:59:00,30 days 00:25:00,3,3166.4,,0,2,9,11
16042.0,61 days 14:32:51.428571,40 days 08:28:20,77 days 13:06:15,21 days 19:00:00,8,2245.32,1.9216908073999712,2,5,8,15
16043.0,63 days 10:29:08.571428,34 days 01:24:40,85 days 11:17:30,37 days 00:00:00,8,1856.5900000000001,2.5094981445485067,2,5,8,15
16044.0,,,,434 days 18:38:00,1,340.84000000000003,,0,0,3,3
16045.0,54 days 03:24:25.714285,27 days 07:11:00,74 days 06:34:30,119 days 00:09:00,8,3434.9300000000003,2.72072702297067,2,5,9,16
16046.0,,,,561 days 23:32:00,1,235.78,,0,0,2,2
16047.0,,,,681 days 20:16:00,1,107.14,,0,0,1,1
16048.0,58 days 16:57:20,149 days 23:01:00,13 days 01:55:30,372 days 21:22:00,4,818.7900000000001,0.0872252142946453,0,3,5,8
16049.0,95 days 04:41:12,70 days 12:21:30,111 days 15:34:20,39 days 23:31:00,6,1852.15,1.5833362057221267,0,4,8,12
16050.0,113 days 21:54:30,,113 days 21:54:30,173 days 01:06:00,3,300.70000000000005,,0,2,3,5
16051.0,,,,681 days 03:12:00,1,188.44,,0,0,2,2
16052.0,,,,53 days 21:37:00,1,362.06,,0,0,3,3
16053.0,115 days 14:26:00,98 days 12:15:00,126 days 23:53:20,32 days 01:29:00,6,3634.84,1.2891567680612832,0,4,9,13
16054.0,157 days 06:10:20,104 days 15:43:00,183 days 13:24:00,144 days 23:42:00,4,2111.88,1.7539398684830427,0,3,8,11
16055.0,,,,220 days 03:24:00,1,134.8,,0,0,1,1
16056.0,,,,44 days 21:31:00,1,650.75,,0,0,5,5
16057.0,76 days 02:28:00,122 days 10:58:30,39 days 00:27:36,15 days 21:27:00,10,3854.85,0.31863489822131863,10,6,9,25
16058.0,,,,405 days 20:02:00,1,62.7,,0,0,1,1
16059.0,45 days 19:21:05.454545,36 days 09:37:12,53 days 15:27:40,65 days 02:54:00,12,3053.57,1.4737083756222513,4,6,9,19
16060.0,46 days 22:22:00,,46 days 22:22:00,400 days 00:40:00,3,541.95,,0,2,4,6
16061.0,,,,430 days 21:21:00,1,89.65,,0,0,1,1
16062.0,75 days 06:40:25.714285,52 days 09:51:20,92 days 10:17:15,9 days 00:35:00,8,2863.45,1.7635470863109173,3,5,8,16
16063.0,0 days 00:01:00,,0 days 00:01:00,259 days 21:54:00,2,670.64,,0,1,5,6
16064.0,,,,724 days 20:39:00,1,109.31,,0,0,1,1
16065.0,13 days 23:56:34.285714,16 days 07:57:40,12 days 05:55:45,364 days 23:47:00,8,1992.13,0.7498936969370544,8,5,8,21
16066.0,26 days 23:20:15,62 days 21:20:00,15 days 00:00:20,16 days 00:56:00,5,1521.04,0.23851958186101296,0,3,7,10
16067.0,56 days 09:16:00,,56 days 09:16:00,562 days 00:17:00,3,3269.11,,0,2,9,11
16068.0,,,,593 days 00:58:00,1,115.73,,0,0,1,1
16069.0,,,,417 days 02:18:00,1,457.7,,0,0,4,4
16070.0,9 days 23:14:00,,9 days 23:14:00,21 days 21:00:00,2,852.1500000000001,,0,1,5,6
16071.0,203 days 14:48:40,28 days 19:40:00,291 days 00:23:00,44 days 01:36:00,4,1076.8000000000002,10.097903614457831,0,3,6,9
16072.0,86 days 23:15:00,120 days 22:46:00,69 days 23:29:30,287 days 22:18:00,4,4180.09,0.57858307591608,0,3,9,12
16073.0,,,,296 days 21:09:00,1,122.39999999999999,,0,0,1,1
16074.0,,,,389 days 23:31:00,1,252.5,,0,0,2,2
16075.0,61 days 19:34:00,,61 days 19:34:00,502 days 01:19:00,2,736.9300000000001,,0,1,5,6
16076.0,22 days 18:56:26.666666,28 days 23:53:15,17 days 19:47:00,2 days 21:51:00,10,2234.73,0.6147305898343243,9,6,8,23
16077.0,,,,625 days 02:08:00,1,2300.4,,0,0,8,8
16078.0,385 days 20:18:00,,385 days 20:18:00,283 days 03:03:00,2,362.99,,0,1,3,4
16079.0,11 days 23:51:00,,11 days 23:51:00,16 days 00:02:00,3,1352.0,,0,2,7,9
16080.0,122 days 22:47:40,64 days 17:59:00,152 days 01:12:00,81 days 02:08:00,4,602.5600000000001,2.3482877336736774,0,3,4,7
16081.0,88 days 06:54:17.142857,102 days 15:30:00,77 days 12:27:30,55 days 23:44:00,8,4278.96,0.7552093904336649,8,5,9,22
16082.0,,,,669 days 21:34:00,1,106.75,,0,0,1,1
16083.0,71 days 23:43:30,0 days 00:01:00,95 days 23:37:40,100 days 02:03:00,5,3061.52,138217.66666666666,0,3,9,12
16084.0,,,,298 days 20:45:00,1,436.18,,0,0,4,4
16085.0,60 days 10:51:00,45 days 13:50:12,72 days 20:21:40,22 days 23:26:00,12,2341.03,1.5983749351162524,3,6,8,17
16086.0,75 days 07:58:46.666666,89 days 11:16:45,64 days 00:32:24,58 days 23:41:00,10,2687.73,0.7155753307965312,9,6,8,23
16087.0,75 days 01:03:30,12 days 23:33:00,95 days 17:33:40,388 days 20:06:00,5,1739.92,7.374614383280729,0,3,7,10
16088.0,15 days 23:20:00,,15 days 23:20:00,575 days 02:34:00,2,1437.4299999999998,,0,1,7,8
16089.0,122 days 22:00:00,,122 days 22:00:00,385 days 22:59:00,2,263.49,,0,1,2,3
16090.0,,,,623 days 23:45:00,1,180.56,,0,0,2,2
16091.0,43 days 23:27:00,,43 days 23:27:00,154 days 04:05:00,2,315.06,,0,1,3,4
16092.0,92 days 22:55:12,37 days 09:40:00,129 days 23:45:20,114 days 02:04:00,6,1587.94,3.4754053719519744,0,4,7,11
16093.0,,,,106 days 01:41:00,1,17.0,,0,0,1,1
16094.0,59 days 02:16:30,33 days 00:58:15,76 days 11:08:40,11 days 00:05:00,11,3695.56,2.314264746321411,2,6,9,17
16095.0,,,,455 days 19:56:00,1,447.05,,0,0,4,4
16096.0,126 days 23:18:00,56 days 20:41:00,162 days 00:36:30,263 days 23:12:00,4,1584.97,2.849458360303367,0,3,7,10
16097.0,,,,239 days 23:03:00,1,185.04999999999998,,0,0,2,2
16098.0,45 days 12:01:21.428571,51 days 12:17:40,40 days 23:49:07.500000,87 days 02:51:00,15,4168.6,0.7957802887661605,8,7,9,24
16099.0,99 days 08:20:00,73 days 12:32:00,112 days 06:14:00,49 days 23:37:00,7,1573.2,1.526881517303914,0,4,7,11
16100.0,,,,462 days 01:11:00,1,582.64,,0,0,4,4
16101.0,163 days 15:09:20,80 days 01:48:00,205 days 09:50:00,70 days 02:32:00,4,3229.16,2.5652166371804213,0,3,9,12
16102.0,43 days 00:14:30,,43 days 00:14:30,41 days 23:31:00,3,1842.14,,0,2,8,10
16103.0,33 days 00:06:05.714285,20 days 23:48:06,43 days 22:11:32.727272,6 days 22:34:00,22,6191.71,2.0924750630880977,2,7,10,19
16104.0,83 days 23:57:45,18 days 15:49:00,123 days 04:51:00,61 days 02:27:00,9,2774.46,6.602813651419852,1,5,8,14
16105.0,88 days 23:11:30,69 days 00:52:00,95 days 14:38:00,248 days 02:37:00,5,2386.19,1.3849233492938477,0,3,8,11
16106.0,,,,65 days 02:13:00,1,108.38,,0,0,1,1
16107.0,27 days 14:29:40,39 days 22:05:30,21 days 10:41:45,17 days 03:10:00,7,3204.1600000000003,0.5372093832357725,0,4,9,13
16108.0,182 days 07:11:20,49 days 02:07:00,248 days 21:43:30,84 days 01:02:00,4,2235.92,5.070571675131212,0,3,8,11
16109.0,239 days 23:20:00,,239 days 23:20:00,218 days 03:33:00,3,939.48,,0,2,6,8
16110.0,159 days 00:30:20,211 days 00:57:00,133 days 00:17:00,44 days 22:15:00,4,1781.59,0.630269466299437,0,3,7,10
16111.0,,,,427 days 16:59:00,1,549.33,,0,0,4,4
16112.0,65 days 00:53:40,5 days 04:42:00,94 days 22:59:30,142 days 22:22:00,4,195.74,18.275795241913926,0,3,2,5
16113.0,,,,182 days 20:34:00,1,161.38,,0,0,1,1
16114.0,,,,170 days 02:37:00,1,135.75000000000003,,0,0,1,1
16115.0,51 days 08:41:10.909090,62 days 00:23:48,42 days 11:35:40,9 days 01:18:00,12,2553.8,0.6850287072517257,9,6,8,23
16116.0,,,,211 days 00:49:00,1,612.78,,0,0,5,5
16117.0,200 days 23:56:00,,200 days 23:56:00,189 days 01:08:00,3,654.4,,0,2,5,7
16118.0,,,,652 days 03:10:00,1,4376.25,,0,0,9,9
16119.0,102 days 03:53:34.285714,67 days 23:33:00,127 days 19:09:00,7 days 21:39:00,8,1720.8100000000002,1.8798994820875854,3,5,7,15
16120.0,72 days 14:15:00,181 days 11:31:30,0 days 00:04:00,58 days 22:28:00,6,2967.51,1.530622982686741e-05,0,4,9,13
16121.0,127 days 00:31:45,175 days 00:26:00,111 days 00:33:40,56 days 23:51:00,5,1450.04,0.6343538629612289,0,3,7,10
16122.0,70 days 09:37:36,29 days 10:07:30,97 days 17:17:40,72 days 21:16:00,6,895.6200000000001,3.3213587458940617,0,4,6,10
16123.0,,,,51 days 03:32:00,1,307.78,,0,0,3,3
16124.0,138 days 09:24:00,149 days 00:20:00,133 days 01:56:00,316 days 22:05:00,4,1772.49,0.89307484388107,0,3,7,10
16125.0,27 days 12:56:09.230769,20 days 11:36:30,33 days 14:04:25.714285,366 days 21:02:00,14,4292.35,1.6396666916894094,3,7,9,19
16126.0,50 days 13:53:30,36 days 00:12:00,61 days 12:09:37.500000,28 days 20:47:00,15,14644.6,1.7081236017897092,3,7,10,20
16127.0,687 days 01:39:00,,687 days 01:39:00,38 days 22:52:00,2,801.31,,0,1,5,6
16128.0,49 days 09:04:24,27 days 18:34:30,63 days 18:44:20,17 days 01:36:00,11,3801.05,2.296424091645935,2,6,9,17
16129.0,50 days 00:58:30,,50 days 00:58:30,406 days 22:21:00,3,1396.05,,0,2,7,9
16130.0,65 days 00:25:20,38 days 23:18:00,78 days 00:59:00,421 days 21:36:00,4,987.48,2.0025482020029224,0,3,6,9
16131.0,62 days 08:53:05.454545,72 days 10:14:12,53 days 23:45:30,51 days 00:57:00,12,9957.42,0.7454441378331681,8,6,10,24
16132.0,83 days 03:24:00,,83 days 03:24:00,543 days 23:01:00,2,664.2,,0,1,5,6
16133.0,11 days 04:20:46.909090,14 days 07:00:33.333333,8 days 04:21:00,3 days 01:26:00,56,22992.260000000002,0.5724335267918943,9,9,10,28
16134.0,129 days 18:04:15,83 days 05:50:00,145 days 06:09:00,21 days 02:45:00,5,2145.34,1.7449653791607576,0,3,8,11
16135.0,321 days 02:55:00,,321 days 02:55:00,262 days 00:20:00,2,819.4499999999999,,0,1,5,6
16136.0,201 days 06:47:00,385 days 21:03:00,108 days 23:39:00,59 days 03:40:00,4,946.8,0.28243557695941607,0,3,6,9
16137.0,,,,679 days 21:46:00,1,422.7,,0,0,4,4
16138.0,106 days 01:11:00,,106 days 01:11:00,378 days 00:37:00,3,910.3500000000001,,0,2,6,8
16139.0,179 days 10:41:30,13 days 21:33:00,234 days 15:04:20,18 days 04:13:00,5,1111.15,16.882243208581087,0,3,6,9
16140.0,188 days 00:06:00,,188 days 00:06:00,65 days 00:35:00,3,1433.46,,0,2,7,9
16141.0,328 days 22:59:00,,328 days 22:59:00,87 days 23:39:00,2,955.94,,0,1,6,7
16142.0,,,,249 days 02:34:00,1,535.34,,0,0,4,4
16143.0,66 days 00:24:27.272727,63 days 19:56:12,67 days 20:08:00,2 days 22:37:00,12,4555.08,1.062794153805314,6,6,9,21
16144.0,,,,246 days 02:41:00,1,175.2,,0,0,2,2
16145.0,31 days 23:50:06.666666,28 days 02:27:15,35 days 02:32:24,8 days 02:17:00,19,6805.4400000000005,1.2492175771766059,5,7,10,22
16146.0,97 days 01:11:20,216 days 04:39:00,37 days 11:27:30,156 days 22:30:00,4,946.38,0.173351128585149,0,3,6,9
16147.0,134 days 17:22:45,101 days 21:58:00,145 days 15:51:00,133 days 02:53:00,5,2398.91,1.4292304337753308,0,3,8,11
16148.0,140 days 03:49:00,,140 days 03:49:00,295 days 22:49:00,2,386.62,,0,1,3,4
16149.0,212 days 09:47:30,,212 days 09:47:30,4 days 01:21:00,3,422.22,,0,2,4,6
16150.0,67 days 23:42:36,66 days 05:12:45,69 days 04:02:30,42 days 00:11:00,11,4446.389999999999,1.0445687198324118,6,6,9,21
16152.0,,,,268 days 03:03:00,1,1829.04,,0,0,8,8
16153.0,51 days 07:00:54,22 days 12:24:30,70 days 11:25:10,49 days 02:00:00,11,5133.49,3.129891491516189,1,6,9,16
16155.0,39 days 12:10:00,37 days 02:12:00,40 days 07:29:20,381 days 00:47:00,5,796.9,1.086821937641978,0,3,5,8
16156.0,38 days 08:36:37.894736,34 days 07:16:46.666666,42 days 00:12:30,8 days 00:08:00,20,6188.18,1.2246244131986173,5,7,10,22
16157.0,28 days 11:56:30,,28 days 11:56:30,15 days 01:09:00,3,656.69,,0,2,5,7
16158.0,26 days 11:51:52.500000,24 days 07:02:00,27 days 19:33:48,521 days 22:55:00,9,628.32,1.1449831341832943,6,5,5,16
16159.0,151 days 16:12:00,89 days 03:06:00,182 days 22:45:00,281 days 00:23:00,4,1232.79,2.0526155859941095,0,3,7,10
16160.0,20 days 03:26:00,,20 days 03:26:00,64 days 22:31:00,2,1025.44,,0,1,6,7
16161.0,15 days 21:44:22.857142,13 days 07:13:18,18 days 06:34:27.272727,1 days 00:40:00,43,12580.06,1.373886199529585,4,8,10,22
16162.0,,,,251 days 21:47:00,1,37.4,,0,0,1,1
16163.0,101 days 01:03:00,95 days 13:04:30,104 days 17:02:00,231 days 21:35:00,6,2407.98,1.095922869218553,0,4,8,12
16164.0,12 days 14:56:00,,12 days 14:56:00,16 days 21:46:00,3,822.48,,0,2,5,7
16165.0,,,,504 days 22:33:00,1,79.9,,0,0,1,1
16166.0,263 days 01:28:00,,263 days 01:28:00,427 days 21:06:00,2,435.83000000000004,,0,1,4,5
16167.0,81 days 01:11:45,121 days 06:37:00,67 days 15:23:20,413 days 21:17:00,5,1386.1200000000001,0.5577474036620724,0,3,7,10
16168.0,11 days 04:03:48,9 days 12:51:07.500000,12 days 18:05:10.909090,10 days 00:05:00,66,10360.67,1.3374855897216482,4,9,10,23
16169.0,22 days 09:18:20,36 days 00:48:00,15 days 13:33:30,7 days 21:22:00,4,1822.97,0.43195921985815605,0,3,8,11
16170.0,32 days 00:58:28.421052,17 days 21:07:33.333333,44 days 18:50:18,50 days 04:29:00,20,6869.0,2.5047154422431697,2,7,10,19
16171.0,,,,58 days 21:59:00,1,73.2,,0,0,1,1
16172.0,59 days 16:49:42.857142,90 days 14:49:20,36 days 12:20:00,94 days 23:28:00,8,1884.55,0.40294481285826683,10,5,8,23
16173.0,16 days 13:30:00,10 days 01:16:30,20 days 21:39:00,15 days 01:57:00,6,1418.3200000000002,2.0791627810589577,0,4,7,11
16174.0,79 days 11:42:20,33 days 22:30:30,102 days 06:18:15,125 days 23:24:00,7,2246.75,3.0132339550444542,0,4,8,12
16175.0,78 days 04:25:10,45 days 23:58:30,94 days 06:38:30,93 days 22:18:00,7,1836.4399999999998,2.0495406749850917,0,4,8,12
16176.0,66 days 07:40:40,24 days 02:49:00,87 days 10:06:30,420 days 22:56:00,4,2052.69,3.62482363442656,0,3,8,11
16177.0,85 days 06:42:00,49 days 07:51:40,112 days 05:49:45,49 days 23:53:00,8,2247.31,2.2754604753748326,2,5,8,15
16178.0,263 days 01:19:00,,263 days 01:19:00,137 days 20:45:00,2,612.6,,0,1,5,6
16179.0,,,,60 days 03:09:00,1,215.83,,0,0,2,2
16180.0,36 days 04:15:45,56 days 09:00:48,21 days 18:00:42.857142,99 days 20:22:00,13,16249.87,0.38581430936502226,10,7,10,27
16181.0,,,,72 days 23:12:00,1,305.54,,0,0,3,3
16182.0,71 days 00:28:37.500000,55 days 09:55:20,80 days 09:12:36,71 days 23:27:00,9,9971.65,1.450618666087407,4,5,10,19
16183.0,113 days 08:05:20,5 days 22:31:00,167 days 00:52:30,66 days 21:51:00,4,1077.81,28.129166179394222,0,3,6,9
16184.0,29 days 10:26:00,39 days 01:06:30,23 days 00:39:00,63 days 19:07:00,6,1158.79,0.5897397134802984,0,4,6,10
16185.0,273 days 23:18:30,,273 days 23:18:30,16 days 03:09:00,3,644.72,,0,2,5,7
16186.0,28 days 07:33:52.800000,28 days 03:51:35,28 days 10:59:04.615384,22 days 00:07:00,26,8718.43,1.0105419703644947,6,8,10,24
16187.0,18 days 01:26:51.428571,13 days 12:05:30,21 days 11:27:52.500000,31 days 03:00:00,15,6911.4400000000005,1.5904900876809545,3,7,10,20
16188.0,91 days 00:07:15,165 days 21:54:00,66 days 00:51:40,44 days 00:31:00,5,1087.66,0.3980163015422565,0,3,6,9
16189.0,69 days 20:26:00,,69 days 20:26:00,15 days 01:03:00,2,215.48,,0,1,2,3
16190.0,97 days 21:08:34.285714,66 days 07:52:40,121 days 13:05:30,39 days 20:51:00,8,2723.55,1.8324846966196455,3,5,8,16
16191.0,31 days 13:31:23.478260,33 days 10:55:49.090909,29 days 19:54:00,2 days 01:24:00,24,15677.82,0.8916091437801968,7,7,10,24
16192.0,,,,735 days 00:22:00,1,351.3,,0,0,3,3
16193.0,174 days 01:20:00,,174 days 01:20:00,236 days 01:05:00,2,630.4300000000001,,0,1,5,6
16194.0,,,,374 days 23:22:00,1,308.59999999999997,,0,0,3,3
16195.0,,,,722 days 22:41:00,1,323.25,,0,0,3,3
16196.0,,,,488 days 01:10:00,1,93.3,,0,0,1,1
16197.0,31 days 18:09:00,60 days 07:09:20,14 days 15:08:48,468 days 23:54:00,9,2016.71,0.2426461103774454,10,5,8,23
16198.0,362 days 00:59:00,,362 days 00:59:00,74 days 21:52:00,2,1030.0410000000002,,0,1,6,7
16199.0,39 days 19:01:20,57 days 08:33:00,31 days 00:15:30,391 days 23:55:00,7,942.75,0.5406693061155303,0,4,6,10
16200.0,66 days 15:14:10.909090,16 days 04:48:24,108 days 15:55:40,3 days 22:10:00,12,5608.1,6.707518160982608,1,6,10,17
16201.0,103 days 01:00:30,305 days 22:47:00,35 days 09:45:00,2 days 20:48:00,5,2112.12,0.11572587143385682,0,3,8,11
16202.0,47 days 02:59:22.500000,29 days 15:34:00,57 days 14:38:36,360 days 02:07:00,9,2501.99,1.943097390734061,2,5,8,15
16203.0,89 days 04:40:24,66 days 01:15:00,104 days 14:57:20,58 days 00:19:00,6,943.8399999999999,1.5839492544113267,0,4,6,10
16204.0,353 days 21:58:00,,353 days 21:58:00,22 days 23:10:00,3,918.71,,0,2,6,8
16205.0,85 days 07:35:40,73 days 00:09:30,91 days 11:18:45,30 days 03:18:00,7,1820.1100000000001,1.2529190189242791,0,4,8,12
16206.0,52 days 11:36:20,46 days 14:25:00,56 days 16:27:17.142857,54 days 02:09:00,13,2589.87,1.2164113808849315,5,7,8,20
16207.0,,,,24 days 22:59:00,1,394.38,,0,0,3,3
16208.0,67 days 15:41:20,45 days 00:08:45,85 days 18:31:24,44 days 01:14:00,10,3440.45,1.9057827839604993,3,6,9,18
16209.0,57 days 06:00:00,54 days 16:53:40,58 days 18:39:48,88 days 00:52:00,9,4146.78,1.0744682021487721,6,5,9,20
16210.0,21 days 15:31:14.117647,21 days 11:57:48.750000,21 days 18:40:56.666666,1 days 00:14:00,35,33750.97,1.0130219777134877,6,8,10,24
16211.0,174 days 22:23:30,,174 days 22:23:30,88 days 00:39:00,3,1090.59,,0,2,6,8
16212.0,216 days 23:11:20,51 days 20:50:00,299 days 12:22:00,18 days 23:50:00,4,1293.71,5.774561520953274,0,3,7,10
16213.0,,,,78 days 02:47:00,1,159.0,,0,0,1,1
16214.0,88 days 07:11:00,165 days 23:26:00,49 days 11:03:30,170 days 01:20:00,4,2038.25,0.2979987950093303,0,3,8,11
16215.0,,,,80 days 02:32:00,1,242.35,,0,0,2,2
16216.0,,,,266 days 21:16:00,1,914.9300000000001,,0,0,6,6
16217.0,46 days 22:03:00,,46 days 22:03:00,234 days 23:19:00,2,304.25,,0,1,3,4
16218.0,44 days 07:29:10,34 days 23:28:48,50 days 23:29:25.714285,29 days 02:51:00,13,3968.67,1.4574385050153402,4,7,9,20
16219.0,,,,500 days 01:06:00,1,40.8,,0,0,1,1
16221.0,56 days 05:46:22.500000,22 days 15:35:20,76 days 09:29:00,36 days 01:07:00,9,2019.92,3.3729227561678554,1,5,8,14
16222.0,402 days 23:07:00,,402 days 23:07:00,317 days 23:12:00,2,1272.0500000000002,,0,1,7,8
16223.0,20 days 23:43:00,,20 days 23:43:00,374 days 01:00:00,2,1087.0500000000002,,0,1,6,7
16224.0,82 days 13:09:15,137 days 22:46:00,64 days 01:57:00,56 days 18:59:00,5,1616.54,0.4645298672009504,0,3,7,10
16225.0,44 days 16:50:38.571428,31 days 11:53:00,54 days 14:33:52.500000,44 days 04:20:00,15,2859.31,1.7338186007540846,3,7,8,18
16226.0,52 days 12:50:30,35 days 02:17:00,58 days 08:21:40,202 days 22:09:00,5,672.1700000000001,1.6625772536293542,0,3,5,8
16227.0,155 days 00:02:30,,155 days 00:02:30,224 days 23:17:00,3,1027.22,,0,2,6,8
16228.0,7 days 09:43:00,,7 days 09:43:00,384 days 22:30:00,3,885.71,,0,2,6,8
16229.0,95 days 10:27:24,21 days 13:48:30,144 days 16:13:20,86 days 19:34:00,6,2867.8599999999997,6.705612866193519,0,4,8,12
16230.0,30 days 18:54:00,,30 days 18:54:00,189 days 02:44:00,2,542.03,,0,1,4,5
16231.0,72 days 16:58:00,173 days 05:23:00,22 days 10:45:30,378 days 21:50:00,4,1074.47,0.12959072814230105,0,3,6,9
16232.0,84 days 11:42:00,65 days 00:58:00,94 days 05:04:00,43 days 00:34:00,7,2712.97,1.4485041320549232,0,4,8,12
16233.0,83 days 06:30:30,81 days 16:36:40,84 days 05:14:48,70 days 19:23:00,9,1818.31,1.0309268652064265,6,5,7,18
16234.0,42 days 13:57:00,,42 days 13:57:00,475 days 22:17:00,3,333.18,,0,2,3,5
16235.0,53 days 17:50:45,31 days 15:04:00,67 days 00:18:48,40 days 01:54:00,9,2053.71,2.118803794133146,2,5,8,15
16236.0,,,,77 days 22:40:00,1,432.2,,0,0,4,4
16237.0,,,,436 days 19:48:00,1,136.65,,0,0,1,1
16238.0,,,,422 days 00:14:00,1,63.66,,0,0,1,1
16239.0,81 days 07:26:24,17 days 20:59:00,123 days 14:24:40,56 days 04:21:00,6,1492.2,6.914979861947499,0,4,7,11
16240.0,53 days 00:46:00,,53 days 00:46:00,23 days 22:20:00,2,3718.8,,0,1,9,10
16241.0,26 days 17:25:52,33 days 06:36:34.285714,20 days 23:54:00,9 days 01:42:00,16,3992.86,0.6309716888878916,9,7,9,25
16242.0,48 days 03:37:41.538461,42 days 04:06:30,53 days 06:38:42.857142,7 days 21:38:00,14,7404.650000000001,1.2633481970095428,5,7,10,22
16243.0,21 days 00:23:00,,21 days 00:23:00,33 days 00:18:00,2,409.1,,0,1,3,4
16244.0,160 days 22:37:00,,160 days 22:37:00,211 days 02:32:00,2,1522.75,,0,1,7,8
16245.0,116 days 12:22:00,,116 days 12:22:00,23 days 02:36:00,3,1413.66,,0,2,7,9
16246.0,209 days 23:32:00,,209 days 23:32:00,459 days 00:46:00,2,821.35,,0,1,5,6
16247.0,,,,169 days 22:27:00,1,114.56,,0,0,1,1
16248.0,,,,61 days 01:18:00,1,152.94,,0,0,1,1
16249.0,46 days 17:04:15,38 days 00:19:00,49 days 14:39:20,52 days 02:43:00,5,1800.0700000000002,1.30509021599469,0,3,7,10
16250.0,62 days 14:12:00,,62 days 14:12:00,260 days 21:43:00,3,565.24,,0,2,4,6
16251.0,,,,511 days 21:55:00,1,128.31,,0,0,1,1
16252.0,,,,382 days 00:53:00,1,295.09000000000003,,0,0,3,3
16253.0,110 days 18:37:30,94 days 21:18:30,118 days 17:17:00,66 days 03:41:00,7,7272.2,1.2511627396378033,0,4,10,14
16254.0,126 days 22:49:30,,126 days 22:49:30,377 days 23:28:00,3,967.44,,0,2,6,8
16255.0,47 days 17:09:55.714285,47 days 00:12:30,48 days 05:53:00,16 days 00:10:00,15,4530.0,1.0263027661853232,6,7,9,22
16256.0,165 days 12:52:00,,165 days 12:52:00,266 days 00:32:00,3,1629.3700000000001,,0,2,7,9
16257.0,,,,176 days 02:39:00,1,46.95,,0,0,1,1
16258.0,42 days 10:13:38.571428,29 days 07:06:20,52 days 06:34:07.500000,44 days 23:20:00,15,11942.52,1.7843248998490822,3,7,10,20
16259.0,97 days 10:45:00,,97 days 10:45:00,409 days 22:23:00,3,340.94,,0,2,3,5
16260.0,,,,50 days 03:10:00,1,1035.45,,0,0,6,6
16261.0,85 days 00:08:36,98 days 01:12:30,76 days 07:26:00,16 days 19:27:00,6,1041.16,0.7782708005028596,0,4,6,10
16262.0,,,,377 days 23:28:00,1,755.15,,0,0,5,5
16263.0,,,,422 days 21:58:00,1,348.16,,0,0,3,3
16264.0,7 days 22:46:00,,7 days 22:46:00,437 days 21:50:00,2,823.53,,0,1,5,6
16265.0,36 days 04:29:21.818181,20 days 13:44:36,49 days 04:46:40,8 days 20:09:00,12,6935.17,2.3914809538919233,2,6,10,18
16266.0,46 days 03:22:04.615384,41 days 16:09:50,49 days 23:15:25.714285,73 days 00:42:00,14,1757.95,1.19906063014256,5,7,7,19
16267.0,,,,590 days 22:40:00,1,186.66,,0,0,2,2
16268.0,0 days 00:00:00,,0 days 00:00:00,70 days 18:20:00,2,667.65,,0,1,5,6
16269.0,,,,437 days 01:00:00,1,717.57,,0,0,5,5
16270.0,,,,352 days 22:24:00,1,1141.24,,0,0,6,6
16271.0,64 days 00:04:12,42 days 23:23:00,78 days 00:31:40,2 days 00:05:00,11,3984.01,1.8155497740359496,3,6,9,18
16272.0,0 days 00:01:00,,0 days 00:01:00,116 days 01:56:00,2,823.4,,0,1,5,6
16273.0,7 days 21:22:00,,7 days 21:22:00,647 days 23:26:00,2,318.34000000000003,,0,1,3,4
16274.0,,,,372 days 21:15:00,1,351.75,,0,0,3,3
16275.0,148 days 07:20:00,166 days 20:46:00,139 days 00:37:00,196 days 00:09:00,4,3046.51,0.8331613160983161,0,3,9,12
16276.0,215 days 10:46:00,,215 days 10:46:00,176 days 03:16:00,3,2629.3900000000003,,0,2,8,10
16277.0,,,,733 days 01:23:00,1,188.69,,0,0,2,2
16278.0,199 days 12:46:00,,199 days 12:46:00,99 days 19:38:00,3,1117.84,,0,2,6,8
16279.0,71 days 21:06:22.500000,36 days 14:13:20,93 days 01:14:12,20 days 21:50:00,9,5698.280000000001,2.5429061234817816,2,5,10,17
16280.0,,,,724 days 21:01:00,1,238.05,,0,0,2,2
16281.0,305 days 00:38:00,,305 days 00:38:00,71 days 21:53:00,3,3424.02,,0,2,9,11
16282.0,189 days 11:55:00,,189 days 11:55:00,339 days 01:08:00,3,1307.58,,0,2,7,9
16283.0,91 days 23:42:17.142857,146 days 23:48:20,50 days 17:37:45,5 days 00:42:00,8,4350.32,0.34515200667711277,10,5,9,24
16284.0,181 days 01:22:30,,181 days 01:22:30,30 days 20:38:00,3,1018.48,,0,2,6,8
16285.0,,,,645 days 20:47:00,1,176.9,,0,0,2,2
16286.0,146 days 04:50:00,,146 days 04:50:00,476 days 22:02:00,2,328.95,,0,1,3,4
16287.0,129 days 23:50:30,48 days 04:29:00,157 days 06:17:40,169 days 03:42:00,5,1006.98,3.263596055090384,0,3,6,9
16288.0,,,,469 days 22:05:00,1,129.85,,0,0,1,1
16289.0,,,,461 days 22:48:00,1,136.31,,0,0,1,1
16290.0,33 days 16:02:00,20 days 23:33:00,40 days 00:16:30,464 days 00:58:00,4,1957.7,1.9070102273855625,0,3,8,11
16291.0,,,,681 days 20:24:00,1,117.72,,0,0,1,1
16292.0,120 days 17:43:45,59 days 20:21:00,141 days 00:51:20,121 days 00:26:00,5,1253.76,2.356567379507471,0,3,7,10
16293.0,50 days 12:00:00,76 days 12:07:50,30 days 23:54:07.500000,21 days 02:52:00,15,4279.200000000001,0.4051466172067769,10,7,9,26
16294.0,,,,476 days 00:49:00,1,126.05000000000001,,0,0,1,1
16295.0,18 days 07:10:40,6 days 02:32:00,24 days 09:30:00,9 days 04:33:00,4,1328.55,3.995677888989991,0,3,7,10
16296.0,31 days 16:22:40,20 days 06:30:00,37 days 09:19:00,625 days 23:39:00,4,1313.67,1.8444330250085645,0,3,7,10
16297.0,,,,268 days 04:21:00,1,301.9,,0,0,3,3
16298.0,69 days 23:26:00,9 days 13:00:30,100 days 04:38:45,22 days 00:51:00,7,1085.7,10.500254721443907,0,4,6,10
16299.0,,,,476 days 19:04:00,1,193.65,,0,0,2,2
16300.0,122 days 12:47:00,,122 days 12:47:00,429 days 23:36:00,3,1367.3200000000002,,0,2,7,9
16301.0,,,,736 days 02:30:00,1,107.33,,0,0,1,1
16302.0,,,,126 days 03:06:00,1,233.22,,0,0,2,2
16303.0,100 days 23:26:10,103 days 10:40:00,99 days 17:49:15,25 days 02:01:00,7,7928.27,0.9642135472610097,0,4,10,14
16304.0,,,,694 days 04:20:00,1,381.66,,0,0,3,3
16305.0,,,,138 days 00:32:00,1,361.21999999999997,,0,0,3,3
16306.0,36 days 20:26:00,48 days 16:11:00,30 days 22:33:30,213 days 00:38:00,7,1124.72,0.635652223537972,0,4,6,10
16307.0,73 days 23:55:30,,73 days 23:55:30,428 days 22:19:00,3,1194.92,,0,2,6,8
16308.0,114 days 11:16:00,158 days 22:10:30,92 days 05:48:45,37 days 01:26:00,7,5120.0,0.580417128212523,0,4,9,13
16309.0,134 days 03:49:00,,134 days 03:49:00,105 days 21:15:00,2,706.5699999999999,,0,1,5,6
16310.0,227 days 23:06:00,,227 days 23:06:00,413 days 22:03:00,2,460.08,,0,1,4,5
16311.0,31 days 19:41:00,,31 days 19:41:00,17 days 03:56:00,2,616.26,,0,1,5,6
16312.0,,,,431 days 22:35:00,1,171.15,,0,0,2,2
16313.0,46 days 03:58:00,,46 days 03:58:00,2 days 23:48:00,2,274.15,,0,1,2,3
16314.0,41 days 12:07:00,,41 days 12:07:00,389 days 00:44:00,3,1491.4,,0,2,7,9
16315.0,205 days 22:04:00,,205 days 22:04:00,330 days 00:53:00,2,402.71000000000004,,0,1,3,4
16316.0,35 days 17:55:50,26 days 23:57:36,41 days 23:54:34.285714,63 days 23:02:00,13,5744.91,1.5555119510609365,4,7,10,21
16317.0,116 days 06:37:15,34 days 04:07:00,143 days 15:27:20,119 days 00:04:00,5,2192.51,4.2036160166913925,0,3,8,11
16318.0,,,,34 days 23:45:00,1,328.15,,0,0,3,3
16319.0,,,,217 days 01:23:00,1,404.40000000000003,,0,0,3,3
16320.0,101 days 19:35:12,83 days 22:19:30,113 days 17:45:40,171 days 21:25:00,6,5628.99,1.3551741209145054,0,4,10,14
16321.0,111 days 00:43:10,207 days 12:47:30,62 days 18:41:00,71 days 21:55:00,7,604.5500000000001,0.30249876609307425,0,4,4,8
16322.0,35 days 01:08:00,,35 days 01:08:00,0 days 21:09:00,2,326.75,,0,1,3,4
16323.0,381 days 05:00:00,,381 days 05:00:00,195 days 22:02:00,2,353.66,,0,1,3,4
16324.0,24 days 11:16:00,,24 days 11:16:00,127 days 23:52:00,3,408.59000000000003,,0,2,3,5
16325.0,62 days 14:51:32.727272,54 days 13:34:36,69 days 07:55:40,46 days 04:02:00,12,3597.5,1.2705844721661539,5,6,9,20
16326.0,29 days 08:12:31.304347,33 days 08:28:10.909090,25 days 15:58:10,5 days 02:39:00,24,4721.25,0.769510009906043,8,7,9,24
16327.0,47 days 09:37:08,30 days 06:46:34.285714,62 days 09:06:22.500000,13 days 23:27:00,16,10159.64,2.0599274847174693,2,7,10,19
16328.0,,,,562 days 22:48:00,1,310.83,,0,0,3,3
16329.0,103 days 16:23:20,93 days 03:33:00,108 days 22:48:30,427 days 00:06:00,4,1664.92,1.1696487814333534,0,3,7,10
16330.0,107 days 11:58:00,111 days 23:59:30,105 days 05:57:15,17 days 00:26:00,7,625.38,0.9397180050781407,0,4,5,9
16331.0,42 days 00:34:24,90 days 02:26:00,9 days 23:20:00,431 days 23:03:00,6,2037.7,0.11067778582769411,0,4,8,12
16332.0,56 days 02:28:06,71 days 00:08:45,46 days 04:01:00,27 days 22:28:00,11,2000.01,0.6501888776146407,9,6,8,23
16333.0,14 days 09:12:48.571428,6 days 21:32:12,21 days 04:33:21.818181,7 days 00:31:00,22,26626.8,3.07216564671976,1,7,10,18
16334.0,,,,491 days 20:12:00,1,263.73,,0,0,2,2
16335.0,26 days 07:02:25.714285,26 days 08:23:40,26 days 06:01:30,551 days 01:15:00,8,2983.38,0.9962532174890847,7,5,9,21
16336.0,70 days 09:29:00,0 days 00:01:00,105 days 14:13:00,420 days 00:18:00,4,3517.6899999999996,152053.0,0,3,9,12
16337.0,,,,36 days 02:47:00,1,151.05,,0,0,1,1
16338.0,,,,156 days 22:54:00,1,214.79999999999998,,0,0,2,2
16339.0,,,,283 days 23:09:00,1,94.05,,0,0,1,1
16340.0,222 days 00:43:30,,222 days 00:43:30,106 days 21:57:00,3,1496.2399999999998,,0,2,7,9
16341.0,97 days 11:47:00,86 days 03:42:30,103 days 03:49:15,24 days 03:38:00,7,3850.79,1.197374307304786,0,4,9,13
16342.0,34 days 17:28:40,34 days 03:31:00,35 days 00:27:30,74 days 22:14:00,4,322.40999999999997,1.0255536800146428,0,3,3,6
16343.0,195 days 13:45:00,,195 days 13:45:00,15 days 19:05:00,3,614.12,,0,2,5,7
16344.0,170 days 01:11:20,72 days 01:54:00,219 days 00:50:00,157 days 21:00:00,4,842.42,3.0388076382064475,0,3,5,8
16345.0,438 days 22:50:00,,438 days 22:50:00,43 days 20:47:00,2,1178.79,,0,1,6,7
16346.0,,,,384 days 20:55:00,1,224.51,,0,0,2,2
16347.0,62 days 14:27:18,17 days 07:02:30,92 days 19:23:50,10 days 23:36:00,11,3442.96,5.366683398587826,1,6,9,16
16348.0,56 days 20:49:34.285714,79 days 17:15:00,39 days 17:30:30,31 days 21:06:00,8,1744.4199999999998,0.49837100919029576,9,5,7,21
16349.0,,,,290 days 00:10:00,1,53.5,,0,0,1,1
16350.0,50 days 20:55:00,12 days 23:11:20,73 days 14:45:12,20 days 20:57:00,9,2253.89,5.677430642339415,1,5,8,14
16351.0,33 days 13:31:10,23 days 14:07:48,40 days 16:30:42.857142,332 days 02:24:00,13,3330.03,1.7248898746960357,3,7,9,19
16352.0,20 days 01:48:00,,20 days 01:48:00,17 days 02:18:00,2,494.44,,0,1,4,5
16353.0,19 days 16:49:24.324324,21 days 00:00:36.666666,18 days 11:16:41.052631,3 days 00:27:00,38,9795.460000000001,0.8795022069099058,7,8,10,25
16354.0,132 days 00:13:45,150 days 01:00:00,125 days 23:58:20,62 days 22:22:00,5,1119.46,0.8397590175568515,0,3,6,9
16355.0,,,,374 days 22:29:00,1,416.35,,0,0,4,4
16356.0,70 days 19:17:00,87 days 13:59:30,59 days 14:48:40,197 days 00:59:00,6,415.87,0.6806930464096882,0,4,4,8
16357.0,115 days 23:04:00,167 days 15:43:00,90 days 02:44:30,32 days 20:46:00,4,868.37,0.5374984984860597,0,3,5,8
16358.0,98 days 06:53:15,210 days 03:29:00,61 days 00:01:20,0 days 21:41:00,5,2919.6500000000005,0.29027997625098173,0,3,8,11
16359.0,43 days 14:49:40,47 days 03:27:08.571428,40 days 12:46:52.500000,6 days 19:46:00,16,2697.75,0.8597633151660472,7,7,8,22
16360.0,16 days 18:53:12,10 days 23:16:00,20 days 15:58:00,4 days 00:34:00,6,3450.41,1.8838946568751582,0,4,9,13
16361.0,20 days 15:46:20,31 days 00:04:00,15 days 11:37:30,9 days 00:18:00,4,891.21,0.49945121404892034,0,3,6,9
16362.0,81 days 00:43:24,173 days 02:48:00,19 days 15:20:20,31 days 23:49:00,6,922.16,0.11344442305018025,0,4,6,10
16363.0,,,,52 days 22:36:00,1,109.36000000000001,,0,0,1,1
16364.0,125 days 20:52:00,,125 days 20:52:00,11 days 01:23:00,2,705.79,,0,1,5,6
16365.0,50 days 18:45:55.714285,60 days 04:46:20,43 days 17:15:37.500000,17 days 01:26:00,15,3167.3399999999997,0.7262462556573701,8,7,9,24
16366.0,234 days 23:13:20,43 days 02:21:00,330 days 21:39:30,18 days 04:31:00,4,1548.13,7.677921722176568,0,3,7,10
16367.0,172 days 23:55:00,,172 days 23:55:00,36 days 23:37:00,3,1350.48,,0,2,7,9
16368.0,216 days 12:51:00,,216 days 12:51:00,1 days 23:38:00,3,621.44,,0,2,5,7
16369.0,98 days 19:55:30,70 days 10:14:00,113 days 00:46:15,17 days 20:25:00,7,2656.56,1.6049682489597097,0,4,8,12
16370.0,47 days 15:45:00,42 days 19:04:00,50 days 02:05:30,81 days 20:55:00,4,1301.91,1.1704125016227445,0,3,7,10
16371.0,,,,448 days 00:41:00,1,157.2,,0,0,1,1
16372.0,143 days 11:27:00,192 days 00:05:00,127 days 07:14:20,32 days 23:42:00,5,1290.31,0.6630172824324406,0,3,7,10
16373.0,29 days 02:40:00,,29 days 02:40:00,381 days 21:00:00,2,309.49,,0,1,3,4
16374.0,130 days 12:32:45,135 days 23:46:00,128 days 16:48:20,65 days 21:29:00,5,1723.4,0.946392886201696,0,3,7,10
16375.0,0 days 00:13:00,,0 days 00:13:00,469 days 22:25:00,2,104.0,,0,1,1,2
16376.0,8 days 18:51:00,,8 days 18:51:00,8 days 01:12:00,2,974.96,,0,1,6,7
16377.0,350 days 05:05:00,,350 days 05:05:00,266 days 21:09:00,2,1308.48,,0,1,7,8
16378.0,31 days 13:12:30,,31 days 13:12:30,246 days 21:43:00,3,362.95,,0,2,3,5
16379.0,24 days 18:01:40,41 days 04:31:00,16 days 12:47:00,3 days 21:12:00,4,2157.4,0.40139265903458043,0,3,8,11
16380.0,,,,60 days 21:10:00,1,1743.1499999999999,,0,0,7,7
16381.0,22 days 20:50:00,,22 days 20:50:00,395 days 02:54:00,2,247.85,,0,1,2,3
16382.0,142 days 03:41:00,,142 days 03:41:00,407 days 20:27:00,2,353.1,,0,1,3,4
16383.0,99 days 19:54:30,76 days 23:54:30,111 days 05:54:30,74 days 00:05:00,7,2896.69,1.4448272596494234,0,4,8,12
16384.0,166 days 23:06:00,160 days 22:48:00,169 days 23:15:00,89 days 01:31:00,4,1358.95,1.0560344827586208,0,3,7,10
16385.0,142 days 18:06:45,242 days 00:42:00,109 days 15:55:00,59 days 23:38:00,5,881.35,0.4530990870016814,0,3,6,9
16386.0,179 days 12:34:30,,179 days 12:34:30,28 days 00:22:00,3,1068.16,,0,2,6,8
16387.0,78 days 23:48:00,185 days 00:19:00,43 days 15:37:40,322 days 01:16:00,5,882.4599999999999,0.23593537497951222,0,3,6,9
16388.0,,,,653 days 02:30:00,1,186.05,,0,0,2,2
16389.0,76 days 15:38:00,77 days 22:08:00,76 days 00:23:00,52 days 22:09:00,4,1382.07,0.9755365036361043,0,3,7,10
16390.0,71 days 09:23:00,,71 days 09:23:00,536 days 02:39:00,3,467.50000000000006,,0,2,4,6
16391.0,53 days 16:20:00,25 days 01:37:00,67 days 23:41:30,400 days 00:23:00,4,1052.26,2.712178297365432,0,3,6,9
16392.0,146 days 00:27:00,,146 days 00:27:00,269 days 00:39:00,3,756.6999999999999,,0,2,5,7
16393.0,33 days 10:56:16.363636,36 days 21:41:42,30 days 13:58:25,1 days 23:59:00,23,5297.77,0.8286979277416165,8,7,9,24
16394.0,58 days 05:42:30,41 days 03:53:00,63 days 22:19:00,56 days 03:02:00,5,1555.34,1.5531354917078601,0,3,7,10
16395.0,51 days 18:29:32.307692,56 days 15:56:40,47 days 13:49:08.571428,60 days 00:00:00,14,3518.41,0.8396071268082846,8,7,9,24
16396.0,,,,475 days 22:33:00,1,137.8,,0,0,1,1
16397.0,,,,627 days 21:14:00,1,123.13,,0,0,1,1
16398.0,99 days 05:38:00,,99 days 05:38:00,153 days 21:34:00,2,1705.8000000000002,,0,1,7,8
16399.0,185 days 00:34:30,,185 days 00:34:30,18 days 20:38:00,3,630.22,,0,2,5,7
16400.0,79 days 14:58:37.500000,53 days 09:03:20,95 days 08:55:48,94 days 00:23:00,9,3059.85,1.7867531115833297,3,5,9,17
16401.0,25 days 04:35:32.727272,17 days 13:54:42,31 days 12:49:35,0 days 18:35:00,23,6849.15,1.7938029419006876,3,7,10,20
16402.0,104 days 22:43:00,,104 days 22:43:00,264 days 00:25:00,2,293.45,,0,1,3,4
16403.0,,,,311 days 23:11:00,1,177.5,,0,0,2,2
16404.0,,,,69 days 21:55:00,1,443.05,,0,0,4,4
16405.0,7 days 22:16:00,,7 days 22:16:00,301 days 21:26:00,2,167.25,,0,1,2,3
16406.0,317 days 12:03:00,,317 days 12:03:00,18 days 00:53:00,3,528.36,,0,2,4,6
16407.0,32 days 07:09:55.384615,24 days 11:31:30,39 days 00:00:00,12 days 01:45:00,14,2761.65,1.5931236968639633,3,7,8,18
16408.0,,,,590 days 22:42:00,1,231.93,,0,0,2,2
16409.0,62 days 17:33:21.818181,67 days 19:26:00,58 days 11:59:30,35 days 20:05:00,12,5652.74,0.8627030293099563,7,6,10,23
16410.0,,,,733 days 21:59:00,1,130.32,,0,0,1,1
16411.0,136 days 07:24:40,44 days 22:04:00,182 days 00:05:00,18 days 23:27:00,4,756.3900000000001,4.051774782017191,0,3,5,8
16412.0,154 days 23:42:15,63 days 21:55:00,185 days 08:18:00,53 days 00:15:00,5,593.19,2.8999619709892976,0,3,4,7
16413.0,318 days 23:19:00,,318 days 23:19:00,56 days 00:42:00,2,522.03,,0,1,4,5
16414.0,168 days 05:50:15,101 days 01:03:00,190 days 15:26:00,21 days 03:08:00,5,551.21,1.8867377304935293,0,3,4,7
16415.0,316 days 00:32:30,,316 days 00:32:30,43 days 23:15:00,3,696.76,,0,2,5,7
16416.0,78 days 12:06:15,77 days 16:24:00,78 days 23:55:36,26 days 00:00:00,9,2957.88,1.0169098190660086,6,5,9,20
16417.0,,,,492 days 03:42:00,1,35.7,,0,0,1,1
16418.0,94 days 12:02:00,14 days 00:24:00,121 days 07:54:40,44 days 00:11:00,5,1028.74,8.656097238736953,0,3,6,9
16419.0,79 days 10:09:34.285714,131 days 00:27:40,40 days 17:26:00,112 days 00:17:00,8,1463.7,0.3108428753911198,10,5,7,22
16420.0,,,,395 days 21:35:00,1,75.0,,0,0,1,1
16421.0,46 days 12:44:30,,46 days 12:44:30,375 days 23:19:00,3,526.27,,0,2,4,6
16422.0,6 days 06:54:28.333333,5 days 16:47:49.811320,6 days 20:30:19.636363,16 days 22:50:00,109,61920.87,1.2025501315007185,5,10,10,25
16423.0,,,,24 days 03:29:00,1,346.12,,0,0,3,3
16424.0,191 days 02:16:00,,191 days 02:16:00,190 days 23:10:00,2,443.06,,0,1,4,5
16425.0,,,,301 days 22:20:00,1,302.7,,0,0,3,3
16426.0,30 days 10:28:26.666666,57 days 10:38:00,8 days 19:56:48,1 days 22:49:00,10,1863.76,0.15373679247564012,10,6,8,24
16427.0,21 days 01:52:00,,21 days 01:52:00,262 days 19:40:00,2,241.06,,0,1,2,3
16428.0,42 days 00:06:00,,42 days 00:06:00,413 days 00:28:00,3,638.49,,0,2,5,7
16429.0,,,,105 days 22:56:00,1,284.55,,0,0,2,2
16430.0,104 days 00:20:20,136 days 12:24:30,87 days 18:18:15,56 days 22:03:00,7,1117.94,0.6428698600347433,0,4,6,10
16431.0,42 days 00:03:30,,42 days 00:03:30,212 days 22:41:00,3,623.28,,0,2,5,7
16432.0,,,,63 days 22:51:00,1,287.4,,0,0,3,3
16433.0,380 days 01:43:00,,380 days 01:43:00,27 days 22:41:00,2,384.52,,0,1,3,4
16434.0,60 days 04:19:43.636363,78 days 09:05:12,45 days 00:21:50,28 days 22:22:00,12,2673.69,0.5743296723288784,9,6,8,23
16435.0,1 days 02:26:30,,1 days 02:26:30,511 days 18:28:00,3,1003.07,,0,2,6,8
16436.0,32 days 10:38:30,,32 days 10:38:30,667 days 23:31:00,3,319.14,,0,2,3,5
16437.0,48 days 04:25:00,,48 days 04:25:00,380 days 19:51:00,2,301.25,,0,1,3,4
16438.0,19 days 05:20:00,39 days 06:25:00,12 days 12:58:20,5 days 01:59:00,5,798.35,0.3193621599316179,0,3,5,8
16439.0,,,,721 days 22:28:00,1,310.70000000000005,,0,0,3,3
16440.0,97 days 04:54:00,213 days 12:49:00,19 days 15:37:20,7 days 00:48:00,6,3856.97,0.09202714026626427,0,4,9,13
16441.0,139 days 23:57:00,192 days 02:08:00,122 days 15:13:20,66 days 19:02:00,5,1019.1300000000001,0.6384245333950331,0,3,6,9
16442.0,181 days 06:09:30,122 days 02:30:00,200 days 23:22:40,1 days 01:07:00,5,891.98,1.6459231454624732,0,3,6,9
16443.0,,,,520 days 00:53:00,1,162.24,,0,0,2,2
16444.0,36 days 04:29:00,27 days 16:55:42.857142,42 days 18:48:13.333333,45 days 23:00:00,17,3625.88,1.5442315879101625,4,7,9,20
16445.0,125 days 23:57:40,24 days 22:50:00,176 days 12:31:30,33 days 00:18:00,4,583.16,7.074631227386585,0,3,4,7
16446.0,204 days 23:23:00,,204 days 23:23:00,0 days 03:35:00,2,168472.5,,0,1,10,11
16447.0,262 days 11:18:00,,262 days 11:18:00,135 days 00:05:00,3,727.1,,0,2,5,7
16448.0,272 days 23:30:00,,272 days 23:30:00,197 days 20:22:00,2,361.12,,0,1,3,4
16449.0,82 days 22:10:00,,82 days 22:10:00,197 days 02:25:00,2,707.69,,0,1,5,6
16450.0,253 days 10:00:30,,253 days 10:00:30,149 days 01:03:00,3,1505.73,,0,2,7,9
16451.0,323 days 21:03:00,,323 days 21:03:00,87 days 03:33:00,3,1013.1500000000001,,0,2,6,8
16452.0,63 days 00:17:00,,63 days 00:17:00,630 days 00:11:00,2,332.17,,0,1,3,4
16453.0,17 days 23:31:00,,17 days 23:31:00,530 days 00:04:00,2,251.71,,0,1,2,3
16454.0,188 days 22:35:20,4 days 17:58:00,281 days 00:54:00,44 days 01:10:00,4,30.950000000000003,59.18309447206786,0,3,1,4
16455.0,55 days 14:34:36,62 days 01:33:15,51 days 07:15:30,63 days 00:33:00,11,3995.5699999999997,0.8265952060599788,8,6,9,23
16456.0,43 days 10:12:50,29 days 18:53:36,53 days 04:00:51.428571,98 days 23:00:00,13,6000.94,1.784901643668286,3,7,10,20
16457.0,,,,217 days 23:31:00,1,208.36,,0,0,2,2
16458.0,19 days 07:16:24.827586,19 days 20:30:08.571428,18 days 18:55:36,2 days 03:16:00,30,5690.89,0.9463261563678945,7,8,10,25
16459.0,,,,729 days 00:08:00,1,71.78999999999999,,0,0,1,1
16460.0,26 days 13:45:30,,26 days 13:45:30,27 days 23:04:00,3,811.23,,0,2,5,7
16461.0,234 days 11:05:00,,234 days 11:05:00,177 days 00:43:00,3,1545.83,,0,2,7,9
16462.0,105 days 00:43:00,,105 days 00:43:00,73 days 02:26:00,3,136.0,,0,2,1,3
16463.0,60 days 23:45:20,150 days 23:38:00,15 days 23:49:00,20 days 22:49:00,4,1422.4,0.10592039297574257,0,3,7,10
16464.0,61 days 11:09:00,,61 days 11:09:00,19 days 00:39:00,3,1298.6599999999999,,0,2,7,9
16465.0,23 days 22:41:00,,23 days 22:41:00,420 days 03:23:00,2,746.24,,0,1,5,6
16466.0,43 days 11:47:25.714285,36 days 03:52:30,48 days 23:43:37.500000,33 days 01:15:00,15,3767.09,1.3547193816313794,4,7,9,20
16467.0,38 days 03:58:20,39 days 11:10:30,37 days 12:22:15,508 days 01:01:00,7,2869.16,0.9505855130607684,0,4,8,12
16468.0,203 days 12:31:30,,203 days 12:31:30,73 days 22:37:00,3,787.52,,0,2,5,7
16469.0,122 days 17:47:00,267 days 23:54:00,74 days 07:44:40,23 days 00:25:00,5,803.9000000000001,0.27732776387139796,0,3,5,8
16470.0,67 days 16:47:00,60 days 06:00:00,72 days 15:58:20,51 days 00:39:00,11,2416.85,1.2060665437221454,5,6,8,19
16471.0,125 days 23:51:20,84 days 01:34:00,146 days 23:00:00,274 days 03:09:00,4,1189.98,1.748145455747022,0,3,6,9
16472.0,163 days 02:08:00,,163 days 02:08:00,433 days 22:54:00,2,789.5999999999999,,0,1,5,6
16473.0,69 days 21:33:40,37 days 18:26:00,85 days 23:07:30,164 days 03:40:00,4,470.83,2.276091273489501,0,3,4,7
16474.0,22 days 23:41:50,28 days 00:39:00,20 days 11:13:15,6 days 23:48:00,7,1810.65,0.7302770138011349,0,4,7,11
16475.0,61 days 17:39:20,111 days 05:56:00,36 days 23:31:00,87 days 22:13:00,4,544.3,0.332411545856326,0,3,4,7
16476.0,,,,431 days 02:21:00,1,350.35,,0,0,3,3
16477.0,42 days 02:24:06,28 days 06:46:15,51 days 07:29:20,63 days 03:06:00,11,4094.37,1.8142925836121258,3,6,9,18
16478.0,20 days 01:54:30,,20 days 01:54:30,24 days 20:59:00,3,331.0,,0,2,3,5
16479.0,0 days 00:36:00,,0 days 00:36:00,9 days 23:10:00,2,300.83000000000004,,0,1,3,4
16480.0,,,,75 days 01:10:00,1,769.29,,0,0,5,5
16481.0,,,,681 days 23:41:00,1,453.38,,0,0,4,4
16482.0,,,,15 days 00:17:00,1,220.62,,0,0,2,2
16483.0,,,,191 days 23:42:00,1,139.35,,0,0,1,1
16484.0,17 days 01:27:00,,17 days 01:27:00,173 days 00:44:00,2,404.3,,0,1,3,4
16485.0,164 days 00:50:30,77 days 00:03:00,193 days 01:06:20,76 days 21:00:00,5,2287.19,2.5070239201079816,0,3,8,11
16486.0,,,,537 days 00:34:00,1,134.36,,0,0,1,1
16487.0,81 days 20:02:00,,81 days 20:02:00,576 days 23:12:00,2,209.4,,0,1,2,3
16488.0,57 days 12:58:00,,57 days 12:58:00,32 days 23:08:00,3,498.8,,0,2,4,6
16489.0,55 days 23:38:00,,55 days 23:38:00,379 days 22:10:00,2,303.7,,0,1,3,4
16490.0,,,,435 days 20:20:00,1,205.41000000000003,,0,0,2,2
16491.0,366 days 18:36:00,,366 days 18:36:00,46 days 02:32:00,2,1533.1599999999999,,0,1,7,8
16492.0,,,,540 days 04:30:00,1,385.56,,0,0,3,3
16493.0,90 days 15:40:50,89 days 11:46:00,91 days 05:38:15,79 days 01:40:00,7,2132.09,1.019495056880791,0,4,8,12
16494.0,,,,296 days 00:01:00,1,826.53,,0,0,5,5
16495.0,136 days 10:21:00,,136 days 10:21:00,2 days 23:30:00,3,648.26,,0,2,5,7
16496.0,100 days 04:09:48,38 days 23:26:00,140 days 23:19:00,8 days 02:19:00,6,2330.77,3.616844243309696,0,4,8,12
16497.0,31 days 05:18:21.818181,20 days 09:31:30,40 days 05:47:25,49 days 01:55:00,23,6695.280000000001,1.972913084679593,2,7,10,19
16498.0,0 days 19:15:00,,0 days 19:15:00,160 days 21:43:00,2,100.97,,0,1,1,2
16499.0,26 days 13:52:42.857142,32 days 09:21:00,22 days 05:16:30,359 days 23:19:00,8,2578.34,0.6860165948414485,9,5,8,22
16500.0,67 days 08:38:45,70 days 22:31:20,65 days 05:07:12,4 days 00:46:00,9,843.91,0.919294902334445,7,5,5,17
16501.0,,,,382 days 22:40:00,1,1191.23,,0,0,6,6
16502.0,0 days 00:05:00,,0 days 00:05:00,619 days 23:06:00,2,258.55,,0,1,2,3
16503.0,42 days 23:45:54,24 days 12:15:30,55 days 07:26:10,106 days 01:04:00,11,3614.34,2.256553007229439,2,6,9,17
16504.0,,,,24 days 21:32:00,1,465.88,,0,0,4,4
16505.0,,,,31 days 00:36:00,1,777.6,,0,0,5,5
16506.0,20 days 20:27:00,,20 days 20:27:00,19 days 00:33:00,2,90.30000000000001,,0,1,1,2
16507.0,,,,571 days 23:54:00,1,142.71,,0,0,1,1
16508.0,,,,629 days 23:09:00,1,240.95,,0,0,2,2
16509.0,,,,296 days 03:25:00,1,363.7,,0,0,3,3
16510.0,63 days 19:25:48,34 days 01:31:00,83 days 15:22:20,371 days 23:11:00,6,1777.5,2.4554511290969265,0,4,7,11
16511.0,125 days 09:16:00,125 days 13:34:30,125 days 06:23:40,21 days 02:09:00,6,1760.49,0.997617263364756,0,4,7,11
16513.0,12 days 22:27:20,23 days 22:43:00,7 days 10:19:30,4 days 02:32:00,4,874.59,0.3102833280167039,0,3,6,9
16515.0,54 days 05:25:53.333333,40 days 06:04:15,65 days 09:43:12,51 days 23:40:00,10,3179.06,1.6248497996609979,3,6,9,18
16516.0,,,,29 days 21:51:00,1,101.69999999999999,,0,0,1,1
16517.0,,,,276 days 23:00:00,1,162.7,,0,0,2,2
16518.0,165 days 00:31:00,134 days 22:43:00,180 days 01:25:00,60 days 21:46:00,4,959.37,1.3342990793678566,0,3,6,9
16519.0,207 days 16:36:40,163 days 00:43:00,230 days 00:33:30,24 days 21:09:00,4,439.06,1.4109271904005316,0,3,4,7
16520.0,92 days 04:06:48,111 days 09:22:00,79 days 08:36:40,185 days 23:26:00,6,2148.38,0.7124391632689534,0,4,8,12
16521.0,116 days 11:53:30,,116 days 11:53:30,414 days 23:41:00,3,1140.11,,0,2,6,8
16522.0,14 days 21:22:00,,14 days 21:22:00,435 days 01:56:00,2,433.36,,0,1,4,5
16523.0,25 days 06:57:28.888888,36 days 01:47:27.692307,15 days 06:36:47.142857,1 days 03:44:00,28,11916.33,0.4234429375918966,10,8,10,28
16524.0,245 days 00:21:00,,245 days 00:21:00,445 days 23:13:00,2,306.19,,0,1,3,4
16525.0,15 days 15:20:43.404255,16 days 11:13:28.695652,14 days 20:17:40,1 days 21:43:00,48,24151.3,0.9014985668275122,7,8,10,25
16526.0,412 days 19:28:00,,412 days 19:28:00,171 days 00:48:00,2,717.21,,0,1,5,6
16527.0,343 days 02:56:00,,343 days 02:56:00,80 days 20:29:00,2,1232.94,,0,1,7,8
16528.0,,,,3 days 00:05:00,1,244.41,,0,0,2,2
16529.0,113 days 09:18:00,23 days 23:10:00,158 days 02:22:00,189 days 19:27:00,4,1986.8,6.5969863807592,0,3,8,11
16530.0,,,,667 days 21:20:00,1,48.349999999999994,,0,0,1,1
16531.0,41 days 22:16:00,20 days 06:52:30,56 days 08:31:40,21 days 20:21:00,11,2298.33,2.777977463985166,1,6,8,15
16532.0,150 days 18:10:30,189 days 01:26:00,137 days 23:45:20,17 days 01:42:00,5,8756.64,0.729874206906009,0,3,10,13
16533.0,24 days 11:00:30,,24 days 11:00:30,18 days 23:42:00,3,1082.81,,0,2,6,8
16534.0,,,,641 days 21:03:00,1,635.9,,0,0,5,5
16535.0,337 days 11:56:00,,337 days 11:56:00,4 days 21:32:00,3,972.04,,0,2,6,8
16536.0,,,,109 days 20:56:00,1,548.12,,0,0,4,4
16537.0,,,,640 days 23:09:00,1,23.35,,0,0,1,1
16538.0,27 days 00:17:00,,27 days 00:17:00,540 days 19:51:00,3,395.07,,0,2,3,5
16539.0,58 days 20:35:13.333333,26 days 00:50:15,85 days 02:47:12,2 days 04:09:00,10,3289.66,3.2693086869252674,1,6,9,16
16540.0,,,,413 days 19:28:00,1,205.75,,0,0,2,2
16541.0,,,,734 days 23:28:00,1,424.03,,0,0,4,4
16542.0,347 days 20:03:00,,347 days 20:03:00,53 days 02:03:00,2,257.32,,0,1,2,3
16543.0,,,,591 days 01:12:00,1,292.21,,0,0,3,3
16544.0,47 days 15:17:00,0 days 00:08:00,71 days 10:51:30,519 days 01:39:00,4,376.70000000000005,12861.4375,0,3,3,6
16545.0,210 days 23:58:00,,210 days 23:58:00,164 days 02:13:00,2,689.8199999999999,,0,1,5,6
16546.0,37 days 22:54:15,41 days 22:03:00,36 days 15:11:20,290 days 01:30:00,5,5307.07,0.8739017831011271,0,3,9,12
16547.0,,,,545 days 23:48:00,1,104.25999999999999,,0,0,1,1
16548.0,,,,598 days 20:35:00,1,30.15,,0,0,1,1
16549.0,17 days 23:16:30,10 days 09:05:52.500000,24 days 17:12:36.666666,9 days 21:44:00,35,13072.07,2.3814337475122733,2,8,10,20
16550.0,36 days 23:59:17.647058,24 days 12:03:00,48 days 02:36:00,108 days 01:38:00,18,8813.58,1.9634384831221834,2,7,10,19
16551.0,105 days 02:54:20,54 days 09:59:00,130 days 11:22:00,95 days 03:12:00,7,2237.12,2.3977079850431986,0,4,8,12
16552.0,130 days 21:28:00,,130 days 21:28:00,242 days 02:46:00,2,379.7300000000001,,0,1,3,4
16553.0,15 days 17:09:15,17 days 23:40:28,13 days 17:02:52.941176,162 days 21:08:00,33,16584.010000000002,0.7622597155109174,8,8,10,26
16554.0,97 days 11:01:17.142857,95 days 17:11:00,98 days 18:24:00,41 days 21:59:00,8,2841.7200000000003,1.0318723654330304,6,5,8,19
16555.0,94 days 00:10:24,0 days 00:01:00,156 days 16:16:40,34 days 22:19:00,6,1915.68,225616.66666666666,0,4,8,12
16556.0,41 days 15:02:48.750000,39 days 03:40:25.714285,43 days 13:13:33.333333,66 days 01:14:00,17,8012.58,1.1123284647634633,6,7,10,23
16557.0,113 days 00:36:00,,113 days 00:36:00,23 days 22:46:00,2,281.85,,0,1,2,3
16558.0,19 days 21:11:35.675675,20 days 12:59:26.666666,19 days 06:13:37.894736,0 days 02:30:00,38,13304.11,0.9375981226095215,7,8,10,25
16559.0,,,,396 days 22:58:00,1,175.0,,0,0,2,2
16560.0,100 days 16:55:42.857142,34 days 16:53:00,150 days 04:57:45,26 days 02:15:00,8,3048.38,4.328292277830029,1,5,9,15
16561.0,54 days 01:57:00,,54 days 01:57:00,5 days 01:00:00,2,511.12,,0,1,4,5
16562.0,,,,476 days 01:05:00,1,223.85999999999999,,0,0,2,2
16563.0,136 days 22:39:12,103 days 21:12:00,158 days 23:37:20,53 days 00:59:00,6,4412.56,1.5304116084639108,0,4,9,13
16564.0,,,,568 days 22:09:00,1,87.8,,0,0,1,1
16565.0,63 days 16:51:20,68 days 23:45:00,61 days 01:24:30,363 days 21:29:00,4,773.05,0.8850420252654889,0,3,5,8
16566.0,69 days 07:31:15,99 days 22:03:00,59 days 02:40:40,14 days 20:16:00,5,614.66,0.591596412826162,0,3,5,8
16567.0,142 days 04:26:00,,142 days 04:26:00,193 days 22:53:00,2,865.6,,0,1,5,6
16568.0,213 days 20:03:00,,213 days 20:03:00,427 days 01:56:00,2,1020.9000000000001,,0,1,6,7
16569.0,180 days 00:06:45,25 days 23:47:00,231 days 08:13:20,2 days 21:18:00,5,1455.23,8.900882607030574,0,3,7,10
16570.0,31 days 19:20:31.578947,26 days 16:23:26.666666,36 days 09:59:54,14 days 19:48:00,20,7434.3099999999995,1.3647891478297003,4,7,10,21
16571.0,67 days 05:37:06.666666,35 days 07:32:15,92 days 18:29:00,26 days 01:04:00,10,4248.74,2.6270027383252463,2,6,9,17
16572.0,74 days 02:15:00,,74 days 02:15:00,126 days 20:16:00,3,1009.5999999999999,,0,2,6,8
16573.0,205 days 17:59:00,,205 days 17:59:00,84 days 03:37:00,2,663.61,,0,1,5,6
16574.0,293 days 12:56:30,,293 days 12:56:30,70 days 23:11:00,3,1301.78,,0,2,7,9
16576.0,101 days 02:55:00,,101 days 02:55:00,419 days 23:13:00,2,540.87,,0,1,4,5
16577.0,,,,666 days 03:05:00,1,380.0,,0,0,3,3
16578.0,,,,625 days 21:39:00,1,156.6,,0,0,1,1
16579.0,,,,425 days 00:52:00,1,295.05,,0,0,3,3
16581.0,,,,182 days 02:45:00,1,105.84,,0,0,1,1
16582.0,,,,112 days 19:48:00,1,313.62,,0,0,3,3
16583.0,299 days 23:45:00,,299 days 23:45:00,373 days 00:47:00,2,297.95,,0,1,3,4
16584.0,145 days 06:46:00,162 days 00:04:00,139 days 17:00:00,79 days 23:05:00,5,3156.17,0.862382332264536,0,3,9,12
16585.0,101 days 21:03:00,,101 days 21:03:00,593 days 02:16:00,2,341.59000000000003,,0,1,3,4
16586.0,193 days 11:04:00,,193 days 11:04:00,248 days 03:18:00,3,1462.78,,0,2,7,9
16587.0,,,,231 days 20:59:00,1,225.15,,0,0,2,2
16588.0,62 days 17:24:20,69 days 03:47:00,59 days 12:13:00,385 days 18:54:00,4,1361.28,0.8604837980860955,0,3,7,10
16589.0,126 days 07:58:00,288 days 22:35:00,45 days 00:39:30,70 days 22:00:00,4,612.36,0.1558360872438863,0,3,5,8
16590.0,13 days 20:57:00,,13 days 20:57:00,400 days 03:44:00,2,605.9,,0,1,4,5
16591.0,,,,68 days 02:07:00,1,213.5,,0,0,2,2
16592.0,26 days 13:15:15.555555,36 days 01:31:46.153846,17 days 17:17:04.285714,3 days 23:01:00,28,7807.91,0.49135763727166126,9,8,10,27
16593.0,97 days 17:25:17.142857,103 days 01:02:20,93 days 17:42:30,50 days 00:09:00,8,1071.14,0.909693876404873,7,5,6,18
16594.0,,,,74 days 22:42:00,1,181.09,,0,0,2,2
16595.0,157 days 12:15:45,85 days 03:28:00,181 days 15:11:40,60 days 23:35:00,5,1757.75,2.133234916699291,0,3,7,10
16596.0,237 days 22:57:40,39 days 23:30:00,336 days 22:41:30,15 days 02:48:00,4,458.98,8.428026750043426,0,3,4,7
16597.0,,,,3 days 21:06:00,1,90.04,,0,0,1,1
16598.0,,,,285 days 01:08:00,1,145.04999999999998,,0,0,1,1
16599.0,,,,385 days 00:05:00,1,172.8,,0,0,2,2
16600.0,59 days 18:15:05,67 days 15:01:00,54 days 03:25:08.571428,3 days 20:50:00,13,2153.41,0.8006196573986027,8,7,8,23
16601.0,291 days 10:45:00,,291 days 10:45:00,40 days 01:41:00,3,677.0,,0,2,5,7
16602.0,352 days 06:41:00,,352 days 06:41:00,35 days 20:56:00,2,763.33,,0,1,5,6
16603.0,16 days 21:04:00,,16 days 21:04:00,74 days 02:44:00,2,482.47,,0,1,4,5
16604.0,5 days 16:36:00,,5 days 16:36:00,562 days 03:40:00,2,432.45,,0,1,4,5
16605.0,,,,723 days 17:47:00,1,60.48,,0,0,1,1
16606.0,30 days 00:36:00,,30 days 00:36:00,403 days 22:53:00,2,357.66,,0,1,3,4
16607.0,23 days 19:50:57.500000,20 days 23:30:54.545454,26 days 05:40:13.846153,17 days 02:26:00,25,5706.87,1.2505492852115683,5,8,10,23
16608.0,209 days 23:47:00,,209 days 23:47:00,453 days 01:06:00,2,1286.62,,0,1,7,8
16609.0,39 days 12:33:30,27 days 13:41:30,45 days 11:59:30,14 days 23:18:00,7,5493.46,1.6503028852814126,0,4,10,14
16610.0,,,,218 days 23:37:00,1,75.66,,0,0,1,1
16611.0,90 days 14:19:48,33 days 22:52:00,128 days 08:38:20,185 days 21:04:00,6,1785.13,3.7805435108674903,0,4,7,11
16612.0,87 days 22:58:00,111 days 05:38:20,73 days 23:45:48,32 days 05:12:00,9,3245.4300000000003,0.6651698627571353,9,5,9,23
16613.0,,,,69 days 20:58:00,1,618.59,,0,0,5,5
16614.0,197 days 22:09:00,,197 days 22:09:00,182 days 01:14:00,3,1179.79,,0,2,6,8
16615.0,,,,625 days 21:37:00,1,291.5,,0,0,3,3
16616.0,142 days 02:53:00,,142 days 02:53:00,14 days 20:19:00,2,500.42,,0,1,4,5
16617.0,,,,235 days 02:15:00,1,151.85,,0,0,1,1
16618.0,72 days 18:29:15,63 days 03:23:00,75 days 23:31:20,30 days 22:58:00,5,2647.59,1.2033405555616656,0,3,8,11
16619.0,130 days 14:44:20,57 days 02:47:00,167 days 08:43:00,263 days 04:32:00,4,1938.33,2.9302345374299366,0,3,8,11
16620.0,146 days 23:32:48,88 days 00:35:00,186 days 06:51:20,3 days 00:31:00,6,1758.93,2.1162978449239347,0,4,7,11
16621.0,75 days 08:02:00,61 days 23:11:00,82 days 00:27:30,51 days 01:12:00,4,813.48,1.3236151113402292,0,3,5,8
16622.0,,,,543 days 02:06:00,1,225.4,,0,0,2,2
16623.0,115 days 14:41:40,55 days 22:07:00,145 days 10:59:00,245 days 02:41:00,4,1015.24,2.6011027357283893,0,3,6,9
16624.0,116 days 22:19:00,,116 days 22:19:00,80 days 00:11:00,2,810.5699999999999,,0,1,5,6
16625.0,67 days 06:13:30,63 days 02:53:00,68 days 15:20:20,274 days 00:00:00,5,1654.03,1.0874361428639536,0,3,7,10
16626.0,16 days 14:58:03.750000,26 days 16:49:51.428571,8 days 18:51:06.666666,0 days 00:54:00,17,4413.1,0.32902881964159797,10,7,9,26
16627.0,,,,78 days 22:12:00,1,322.8,,0,0,3,3
16628.0,102 days 00:03:30,203 days 10:15:30,51 days 06:57:30,29 days 00:05:00,7,2318.1,0.25212888161387065,0,4,8,12
16629.0,22 days 18:22:00,,22 days 18:22:00,73 days 02:16:00,2,408.63,,0,1,3,4
16630.0,,,,406 days 22:20:00,1,106.80000000000001,,0,0,1,1
16631.0,28 days 08:05:10,36 days 23:21:30,24 days 00:27:00,481 days 01:30:00,7,1892.52,0.6496248227416583,0,4,8,12
16632.0,95 days 18:53:00,,95 days 18:53:00,485 days 01:11:00,2,406.4,,0,1,3,4
16633.0,43 days 09:25:00,59 days 23:47:30,32 days 07:50:00,16 days 23:09:00,6,2883.1,0.5388511069309796,0,4,8,12
16634.0,93 days 00:31:48,140 days 00:06:30,61 days 16:48:40,222 days 00:41:00,6,1649.81,0.44070338340612364,0,4,7,11
16635.0,,,,406 days 03:09:00,1,473.0,,0,0,4,4
16636.0,51 days 23:46:45,0 days 00:01:00,69 days 07:42:00,437 days 23:37:00,5,5113.49,99822.0,0,3,9,12
16637.0,64 days 08:59:00,102 days 01:40:00,45 days 12:38:30,31 days 23:33:00,4,1154.47,0.44603687576541023,0,3,6,9
16638.0,32 days 13:32:34.285714,19 days 19:52:20,42 days 02:47:45,22 days 01:41:00,15,2380.13,2.1240908507185634,2,7,8,17
16639.0,125 days 22:19:00,173 days 15:08:00,102 days 01:54:30,30 days 23:30:00,4,1747.98,0.58791215383877,0,3,7,10
16640.0,,,,397 days 02:02:00,1,179.4,,0,0,2,2
16641.0,596 days 00:27:00,,596 days 00:27:00,105 days 00:01:00,2,554.5,,0,1,4,5
16642.0,205 days 10:34:30,,205 days 10:34:30,4 days 01:19:00,3,1077.45,,0,2,6,8
16643.0,176 days 22:37:00,,176 days 22:37:00,245 days 04:26:00,2,923.11,,0,1,6,7
16644.0,34 days 23:46:00,,34 days 23:46:00,177 days 00:11:00,2,833.78,,0,1,5,6
16645.0,,,,735 days 03:01:00,1,160.39,,0,0,1,1
16646.0,,,,448 days 23:22:00,1,678.8,,0,0,5,5
16647.0,124 days 22:38:20,101 days 22:41:00,136 days 10:37:00,169 days 01:03:00,4,541.9,1.3383900654627694,0,3,4,7
16648.0,273 days 21:00:00,,273 days 21:00:00,42 days 03:52:00,3,672.8,,0,2,5,7
16649.0,,,,519 days 21:09:00,1,306.58000000000004,,0,0,3,3
16650.0,74 days 15:15:30,1 days 22:25:00,110 days 23:40:45,71 days 02:59:00,7,1916.1100000000001,57.38626570915619,0,4,8,12
16651.0,,,,586 days 01:04:00,1,136.2,,0,0,1,1
16652.0,38 days 06:21:04,32 days 14:27:08.571428,43 days 05:15:45,58 days 03:12:00,16,17550.39,1.325655752670445,4,7,10,21
16653.0,55 days 01:13:00,,55 days 01:13:00,15 days 21:59:00,2,1212.6599999999999,,0,1,6,7
16654.0,67 days 07:07:42.857142,58 days 15:43:20,73 days 18:41:00,140 days 21:27:00,8,1484.07,1.2578357472670587,5,5,7,17
16655.0,54 days 23:38:45,46 days 04:52:24,61 days 06:11:51.428571,17 days 01:25:00,13,6423.26,1.325848115246857,4,7,10,21
16656.0,24 days 14:07:43.448275,22 days 12:01:08.571428,26 days 12:53:52,21 days 22:07:00,30,16833.17,1.1793987278523919,5,8,10,23
16657.0,81 days 15:55:20,105 days 23:43:00,69 days 12:01:30,9 days 01:02:00,4,874.4300000000001,0.655743236602609,0,3,6,9
16658.0,50 days 04:16:36,28 days 00:15:00,64 days 22:57:40,367 days 23:03:00,6,690.83,2.319019875211768,0,4,5,9
16659.0,,,,188 days 21:47:00,1,39.12,,0,0,1,1
16660.0,113 days 00:37:20,136 days 00:14:30,101 days 12:48:45,15 days 21:57:00,7,1879.55,0.7465171849510733,0,4,8,12
16661.0,60 days 15:55:00,126 days 19:49:00,27 days 13:58:00,539 days 21:26:00,4,932.76,0.21747915172289176,0,3,6,9
16662.0,,,,393 days 19:54:00,1,151.05,,0,0,1,1
16663.0,,,,728 days 23:38:00,1,165.0,,0,0,2,2
16664.0,,,,568 days 19:39:00,1,109.2,,0,0,1,1
16665.0,,,,361 days 22:47:00,1,135.39999999999998,,0,0,1,1
16666.0,601 days 22:48:00,,601 days 22:48:00,18 days 22:49:00,2,217.71,,0,1,2,3
16667.0,216 days 02:29:00,,216 days 02:29:00,67 days 21:24:00,2,567.18,,0,1,4,5
16668.0,51 days 07:56:30,38 days 13:16:36,60 days 10:59:17.142857,14 days 19:07:00,13,862.42,1.5681667413761529,3,7,5,15
16669.0,27 days 11:06:30,,27 days 11:06:30,23 days 00:24:00,3,1348.88,,0,2,7,9
16670.0,37 days 12:19:15.789473,41 days 04:46:53.333333,34 days 04:42:24,16 days 03:16:00,20,8030.150000000001,0.8300182416817585,8,7,10,25
16671.0,68 days 01:10:00,,68 days 01:10:00,27 days 23:10:00,3,1692.2700000000002,,0,2,7,9
16672.0,13 days 21:48:06.315789,9 days 02:55:40,18 days 05:11:18,1 days 20:21:00,20,8134.9400000000005,1.9969523181160707,2,7,10,19
16673.0,,,,678 days 22:28:00,1,171.13,,0,0,2,2
16674.0,43 days 21:32:00,,43 days 21:32:00,54 days 01:19:00,2,304.24,,0,1,3,4
16675.0,36 days 23:04:00,,36 days 23:04:00,441 days 00:35:00,2,608.8599999999999,,0,1,4,5
16676.0,76 days 23:46:48,40 days 11:56:30,101 days 07:40:20,33 days 00:49:00,6,2361.9,2.501870539784338,0,4,8,12
16677.0,240 days 22:42:00,,240 days 22:42:00,410 days 21:57:00,2,880.62,,0,1,6,7
16678.0,25 days 11:10:16.363636,27 days 10:20:36,23 days 19:51:40,2 days 00:33:00,12,3109.9900000000002,0.8686365945496186,7,6,9,22
16679.0,90 days 09:38:00,,90 days 09:38:00,365 days 22:59:00,3,663.31,,0,2,5,7
16680.0,245 days 16:02:30,,245 days 16:02:30,42 days 19:15:00,3,821.45,,0,2,5,7
16681.0,94 days 19:30:10,206 days 21:23:30,38 days 18:33:30,72 days 01:39:00,7,1921.84,0.1874088482445997,0,4,8,12
16682.0,45 days 18:17:45,28 days 23:40:00,51 days 08:30:20,4 days 00:37:00,5,1028.0,1.7716898259064047,0,3,6,9
16683.0,,,,533 days 02:14:00,1,320.25,,0,0,3,3
16684.0,13 days 11:34:37.777777,13 days 13:46:27.692307,13 days 09:32:12.857142,3 days 22:44:00,55,147142.77,0.9869926711671129,7,9,10,26
16685.0,0 days 00:14:00,,0 days 00:14:00,60 days 22:52:00,2,324.24,,0,1,3,4
16686.0,45 days 17:28:04,49 days 03:16:08.571428,42 days 17:53:30,46 days 23:01:00,16,4881.07,0.8699386019993378,7,7,9,23
16687.0,,,,390 days 01:04:00,1,157.63,,0,0,1,1
16688.0,19 days 17:00:20,17 days 03:48:00,20 days 23:36:30,0 days 21:26:00,4,1260.86,1.222943985753602,0,3,7,10
16689.0,6 days 22:10:00,,6 days 22:10:00,75 days 01:11:00,2,422.6,,0,1,4,5
16690.0,126 days 08:00:40,58 days 01:15:00,160 days 11:23:30,71 days 21:48:00,4,353.03,2.7643220288294756,0,3,3,6
16691.0,143 days 00:08:00,,143 days 00:08:00,417 days 21:47:00,2,178.82999999999998,,0,1,2,3
16692.0,61 days 17:05:00,32 days 22:58:00,76 days 02:08:30,255 days 22:04:00,4,1914.6999999999998,2.3087466812760757,0,3,8,11
16693.0,146 days 23:37:00,139 days 22:20:00,149 days 08:02:40,68 days 01:40:00,5,1179.48,1.067209263854425,0,3,6,9
16694.0,,,,722 days 21:05:00,1,98.30000000000001,,0,0,1,1
16695.0,0 days 00:12:00,,0 days 00:12:00,561 days 00:14:00,2,191.9,,0,1,2,3
16696.0,37 days 15:41:00,34 days 20:11:00,39 days 01:26:00,134 days 22:27:00,4,657.9000000000001,1.12108588626896,0,3,5,8
16697.0,,,,240 days 19:38:00,1,112.75,,0,0,1,1
16698.0,26 days 21:19:00,,26 days 21:19:00,226 days 01:58:00,2,1998.0,,0,1,8,9
16699.0,59 days 04:11:10,82 days 12:30:00,47 days 12:01:45,379 days 22:12:00,7,994.6,0.575626946057393,0,4,6,10
16700.0,30 days 09:00:22.500000,31 days 15:24:00,29 days 07:17:18.461538,8 days 01:50:00,25,8830.77,0.9261106946778158,7,8,10,25
16701.0,29 days 04:28:26.400000,26 days 05:54:45,31 days 21:36:27.692307,8 days 01:40:00,26,9916.73,1.2154191134602028,5,8,10,23
16702.0,105 days 15:10:00,77 days 22:47:00,119 days 11:21:30,414 days 22:40:00,4,1110.83,1.5327046602581806,0,3,6,9
16704.0,53 days 23:48:00,,53 days 23:48:00,617 days 22:48:00,2,664.16,,0,1,5,6
16705.0,17 days 19:16:55.609756,16 days 09:47:06,19 days 03:11:02.857142,0 days 00:42:00,42,43515.051,1.166078258399606,5,8,10,23
16706.0,38 days 10:58:30,,38 days 10:58:30,36 days 23:00:00,3,531.3499999999999,,0,2,4,6
16707.0,79 days 23:47:40,57 days 22:36:00,91 days 00:23:30,399 days 22:11:00,4,533.41,1.570826741454528,0,3,4,7
16708.0,,,,45 days 00:30:00,1,656.63,,0,0,5,5
16709.0,49 days 16:26:09.230769,52 days 19:44:30,46 days 23:53:17.142857,84 days 01:54:00,14,9056.01,0.889682910086615,7,7,10,24
16710.0,34 days 02:20:25.714285,34 days 14:17:24,33 days 15:28:38.181818,18 days 22:00:00,22,5921.35,0.9725243863315495,7,7,10,24
16711.0,91 days 18:23:45,119 days 08:10:20,75 days 05:19:48,2 days 20:18:00,9,2868.48,0.6303147506260293,9,5,8,22
16712.0,32 days 15:50:15,37 days 19:05:36,28 days 23:47:51.428571,8 days 23:02:00,13,4232.87,0.7670628737735551,8,7,9,24
16713.0,22 days 18:34:25.161290,21 days 01:41:04,24 days 08:54:26.250000,18 days 00:14:00,32,14115.56,1.156664592103991,5,8,10,23
16714.0,150 days 15:57:20,353 days 02:23:00,49 days 10:44:30,218 days 01:41:00,4,1497.33,0.14003870488118114,0,3,7,10
16715.0,484 days 05:40:00,,484 days 05:40:00,77 days 18:35:00,2,625.52,,0,1,5,6
16716.0,181 days 23:29:00,,181 days 23:29:00,266 days 02:47:00,3,2149.6800000000003,,0,2,8,10
16717.0,54 days 12:38:32.307692,58 days 15:09:10,51 days 00:12:17.142857,23 days 00:34:00,14,6663.68,0.8699870982296797,7,7,10,24
16718.0,90 days 23:59:00,55 days 21:54:00,102 days 16:40:40,368 days 23:47:00,5,3006.08,1.836707487724702,0,3,9,12
16719.0,50 days 20:27:42.857142,51 days 16:26:30,50 days 05:28:37.500000,14 days 03:23:00,15,3747.6800000000003,0.9718127951737621,7,7,9,23
16720.0,347 days 23:14:00,,347 days 23:14:00,25 days 20:28:00,3,758.74,,0,2,5,7
16721.0,,,,261 days 20:42:00,1,292.47,,0,0,3,3
16722.0,34 days 05:25:57.142857,36 days 23:37:30,31 days 17:15:27.272727,16 days 23:22:00,22,8189.5599999999995,0.8576342213857203,7,7,10,24
16723.0,214 days 15:52:40,291 days 21:42:00,176 days 00:58:00,90 days 23:49:00,4,1231.3600000000001,0.6030755908284207,0,3,7,10
16724.0,,,,404 days 01:10:00,1,147.35,,0,0,1,1
16725.0,32 days 14:50:36.923076,57 days 07:26:10,11 days 10:54:25.714285,301 days 19:58:00,14,1688.26,0.19986907471468646,10,7,7,24
16726.0,64 days 03:47:20,24 days 22:39:30,83 days 18:21:15,25 days 21:57:00,7,2063.88,3.3580993610712846,0,4,8,12
16727.0,108 days 01:00:00,67 days 01:30:00,128 days 12:45:00,363 days 23:02:00,4,1377.77,1.9165890027958994,0,3,7,10
16728.0,54 days 12:17:00,27 days 21:36:00,63 days 09:10:40,45 days 22:14:00,5,1269.6599999999999,2.2717708748174696,0,3,7,10
16729.0,10 days 03:36:21,5 days 15:45:06.666666,13 days 19:51:00,37 days 22:21:00,21,7205.33,2.4445338717191563,2,7,10,19
16730.0,133 days 12:05:00,,133 days 12:05:00,51 days 22:39:00,3,743.11,,0,2,5,7
16731.0,,,,647 days 21:45:00,1,170.3,,0,0,2,2
16732.0,233 days 06:56:40,119 days 21:49:00,289 days 23:30:30,31 days 02:56:00,4,4387.64,2.4183292889864423,0,3,9,12
16733.0,,,,529 days 02:38:00,1,259.68,,0,0,2,2
16734.0,30 days 23:22:00,,30 days 23:22:00,51 days 23:06:00,3,646.76,,0,2,5,7
16735.0,50 days 05:43:27.692307,44 days 20:43:30,54 days 20:17:42.857142,78 days 01:01:00,14,6217.41,1.222499002154682,5,7,10,22
16736.0,57 days 16:29:15,0 days 18:27:00,76 days 15:50:00,505 days 02:41:00,5,2956.56,99.71996386630533,0,3,9,12
16737.0,524 days 03:10:00,,524 days 03:10:00,52 days 23:47:00,2,835.1999999999999,,0,1,5,6
16738.0,,,,297 days 03:04:00,1,3.75,,0,0,1,1
16739.0,359 days 23:39:00,,359 days 23:39:00,176 days 03:33:00,2,786.4300000000001,,0,1,5,6
16740.0,,,,394 days 23:16:00,1,226.91,,0,0,2,2
16741.0,,,,624 days 21:35:00,1,173.06,,0,0,2,2
16742.0,52 days 01:26:09.230769,19 days 06:54:10,80 days 03:36:25.714285,46 days 00:48:00,14,2799.87,4.155531647685199,1,7,8,16
16743.0,43 days 14:45:32.307692,23 days 07:52:10,61 days 00:05:34.285714,28 days 23:37:00,14,4212.150000000001,2.615061192695718,2,7,9,18
16744.0,26 days 23:38:50,38 days 10:28:30,21 days 06:14:00,10 days 23:44:00,7,1291.9099999999999,0.5531134538424709,0,4,7,11
16745.0,14 days 01:31:41.250000,13 days 00:00:25.714285,14 days 21:22:40,86 days 00:52:00,17,7180.700000000001,1.1454153725629153,6,7,10,23
16746.0,17 days 19:53:29.268292,15 days 17:56:15,19 days 19:28:00,4 days 00:17:00,42,18046.75,1.2580563364753872,5,8,10,23
16747.0,30 days 01:19:00,,30 days 01:19:00,37 days 01:13:00,2,836.06,,0,1,5,6
16748.0,54 days 18:17:36.923076,52 days 08:08:10,56 days 20:08:34.285714,17 days 02:33:00,14,3637.33,1.0859833142891893,6,7,9,22
16749.0,132 days 23:01:00,,132 days 23:01:00,590 days 23:44:00,2,4157.88,,0,1,9,10
16750.0,46 days 22:58:45,96 days 00:34:00,30 days 14:27:00,44 days 00:02:00,5,623.93,0.318693319062152,0,3,5,8
16751.0,,,,30 days 02:02:00,1,1764.72,,0,0,7,7
16752.0,,,,372 days 00:32:00,1,207.5,,0,0,2,2
16753.0,,,,57 days 23:36:00,1,223.92000000000002,,0,0,2,2
16754.0,9 days 14:47:21.428571,6 days 05:15:18.461538,12 days 13:27:08,371 days 19:12:00,29,65500.07,2.019710986467289,2,8,10,20
16755.0,102 days 15:49:20,66 days 13:34:00,120 days 16:57:00,113 days 23:29:00,7,2864.68,1.813351555490642,0,4,8,12
16756.0,70 days 22:56:10,51 days 11:16:30,80 days 16:46:00,214 days 03:17:00,7,1312.3700000000001,1.5678829950146054,0,4,7,11
16757.0,90 days 20:50:00,,90 days 20:50:00,318 days 00:51:00,2,270.48,,0,1,2,3
16758.0,,,,64 days 22:03:00,1,369.34000000000003,,0,0,3,3
16759.0,11 days 13:48:00,,11 days 13:48:00,7 days 00:08:00,3,789.79,,0,2,5,7
16760.0,,,,429 days 20:55:00,1,228.0,,0,0,2,2
16761.0,,,,96 days 01:35:00,1,316.62,,0,0,3,3
16762.0,62 days 11:25:30,,62 days 11:25:30,19 days 01:07:00,3,1207.2400000000002,,0,2,6,8
16763.0,539 days 20:26:00,,539 days 20:26:00,198 days 00:58:00,2,964.7,,0,1,6,7
16764.0,11 days 15:32:00,14 days 03:51:48,9 days 20:26:25.714285,3 days 01:09:00,13,2790.9500000000003,0.6956928064916617,9,7,8,24
16765.0,88 days 01:59:00,,88 days 01:59:00,293 days 21:09:00,2,454.75,,0,1,4,5
16766.0,0 days 01:48:00,,0 days 01:48:00,272 days 21:28:00,2,1145.6,,0,1,6,7
16767.0,39 days 23:29:30,61 days 19:57:50,23 days 14:08:15,30 days 03:08:00,15,8056.76,0.38150355560464,10,7,10,27
16768.0,85 days 14:51:22.500000,62 days 15:59:00,99 days 09:22:48,47 days 02:12:00,9,1698.57,1.5860415119848403,3,5,7,15
16769.0,155 days 00:50:20,0 days 00:08:00,232 days 13:11:30,259 days 23:09:00,4,1117.0500000000002,41858.9375,0,3,6,9
16770.0,52 days 02:31:37.500000,28 days 22:55:00,65 days 23:53:36,57 days 00:29:00,9,1778.93,2.279256505576208,2,5,7,14
16771.0,77 days 10:50:40,68 days 06:13:30,84 days 19:20:24,32 days 23:22:00,10,3949.6,1.2424056524592166,5,6,9,20
16772.0,149 days 01:14:30,,149 days 01:14:30,422 days 23:31:00,3,3698.05,,0,2,9,11
16773.0,337 days 23:48:00,,337 days 23:48:00,56 days 22:13:00,3,421.24,,0,2,4,6
16774.0,84 days 19:58:17.142857,79 days 07:16:20,88 days 23:29:45,67 days 00:09:00,8,1567.48,1.1220128200263288,6,5,7,18
16775.0,28 days 19:03:12,21 days 13:25:08.571428,35 days 02:59:00,9 days 21:28:00,16,2820.84,1.629208157706329,3,7,8,18
16776.0,355 days 00:51:00,,355 days 00:51:00,59 days 23:46:00,2,592.51,,0,1,4,5
16777.0,138 days 00:14:45,101 days 22:38:00,150 days 00:47:00,79 days 23:09:00,5,1292.18,1.4717298600798376,0,3,7,10
16778.0,199 days 22:27:00,,199 days 22:27:00,73 days 23:02:00,2,245.94,,0,1,2,3
16779.0,14 days 02:48:17.307692,10 days 14:23:12,17 days 08:58:11.111111,1 days 21:56:00,53,32809.03,1.6391179559452365,3,9,10,22
16780.0,153 days 10:14:00,,153 days 10:14:00,99 days 20:41:00,3,596.4,,0,2,4,6
16781.0,297 days 00:30:00,,297 days 00:30:00,371 days 22:24:00,2,623.0,,0,1,5,6
16782.0,19 days 11:03:50.270270,17 days 18:46:50,21 days 01:13:37.894736,9 days 23:30:00,38,9636.119999999999,1.1838102425368229,5,8,10,23
16783.0,,,,436 days 00:57:00,1,391.95,,0,0,3,3
16784.0,150 days 11:51:15,127 days 20:19:00,158 days 01:02:00,19 days 00:30:00,5,892.33,1.2361935697640942,0,3,6,9
16785.0,,,,409 days 02:14:00,1,533.78,,0,0,4,4
16786.0,,,,393 days 04:25:00,1,51.839999999999996,,0,0,1,1
16787.0,100 days 07:56:20,77 days 00:18:00,111 days 23:45:30,397 days 01:49:00,4,1017.53,1.4541786145827698,0,3,6,9
16788.0,136 days 18:33:15,120 days 02:51:00,142 days 07:47:20,122 days 21:57:00,5,1928.93,1.1848652857029984,0,3,8,11
16789.0,,,,7 days 21:38:00,1,80.8,,0,0,1,1
16790.0,6 days 19:18:00,2 days 14:28:00,9 days 14:31:20,3 days 00:57:00,6,1545.6200000000001,3.6903237282106014,0,4,7,11
16791.0,50 days 12:04:34.285714,55 days 07:04:50,46 days 21:49:22.500000,28 days 17:38:00,15,3957.63,0.8483455747683407,8,7,9,24
16792.0,105 days 12:13:30,116 days 00:56:00,101 days 23:59:20,281 days 22:09:00,5,623.46,0.8790116659485167,0,3,5,8
16793.0,,,,56 days 21:42:00,1,243.84,,0,0,2,2
16794.0,44 days 12:11:12.857142,74 days 03:16:10,22 days 06:52:30,0 days 18:56:00,15,2052.7,0.3006149527661946,10,7,8,25
16795.0,159 days 00:27:00,,159 days 00:27:00,364 days 22:42:00,3,2062.4100000000003,,0,2,8,10
16796.0,,,,88 days 22:49:00,1,305.62,,0,0,3,3
16797.0,86 days 01:25:15,81 days 02:15:00,87 days 17:08:40,392 days 17:36:00,5,1802.02,1.081641333047884,0,3,7,10
16798.0,87 days 11:43:00,,87 days 11:43:00,553 days 17:49:00,3,841.16,,0,2,5,7
16799.0,21 days 01:42:00,,21 days 01:42:00,431 days 22:22:00,2,452.78,,0,1,4,5
16800.0,,,,10 days 22:44:00,1,1162.65,,0,0,6,6
16801.0,36 days 16:32:20,71 days 22:16:00,19 days 01:40:30,162 days 21:17:00,4,1594.23,0.26512416003707423,0,3,7,10
16802.0,51 days 00:44:00,,51 days 00:44:00,678 days 23:06:00,2,582.61,,0,1,4,5
16803.0,,,,64 days 22:22:00,1,332.3,,0,0,3,3
16804.0,123 days 12:27:30,,123 days 12:27:30,22 days 20:07:00,3,536.99,,0,2,4,6
16805.0,139 days 11:13:30,6 days 00:48:00,183 days 22:42:00,173 days 01:27:00,5,1091.34,30.488259668508288,0,3,6,9
16806.0,45 days 06:29:20,18 days 19:16:00,58 days 12:06:00,102 days 21:23:00,4,762.16,3.1114640271827447,0,3,5,8
16807.0,96 days 04:16:24,76 days 11:55:30,109 days 07:10:20,142 days 00:50:00,6,2123.88,1.4288014064965737,0,4,8,12
16808.0,175 days 00:29:00,,175 days 00:29:00,98 days 17:16:00,2,288.42,,0,1,3,4
16809.0,72 days 18:01:22.500000,57 days 16:07:00,81 days 19:10:00,22 days 21:05:00,9,1727.43,1.4183534624971401,4,5,7,16
16810.0,228 days 00:00:00,,228 days 00:00:00,191 days 21:18:00,2,842.04,,0,1,5,6
16811.0,12 days 18:20:00,,12 days 18:20:00,4 days 01:11:00,2,547.0699999999999,,0,1,4,5
16812.0,7 days 07:19:40,3 days 01:57:00,9 days 10:01:00,360 days 00:15:00,4,2392.0,3.056344376831192,0,3,8,11
16813.0,21 days 18:43:53.333333,18 days 05:29:30,24 days 14:55:24,7 days 22:47:00,10,1652.18,1.3507076325263339,4,6,7,17
16814.0,16 days 22:38:54.857142,16 days 07:04:00,17 days 13:21:53.333333,13 days 23:23:00,36,11924.85,1.077475660112655,6,8,10,24
16815.0,82 days 22:54:00,,82 days 22:54:00,453 days 01:51:00,2,406.02,,0,1,3,4
16816.0,84 days 23:05:00,44 days 22:39:00,104 days 23:18:00,102 days 22:34:00,4,417.06,2.3356046910489963,0,3,4,7
16817.0,35 days 18:09:45,14 days 09:44:36,51 days 00:10:34.285714,2 days 01:47:00,13,2560.7,3.540708012136492,1,7,8,16
16818.0,19 days 11:53:54,14 days 11:39:45,22 days 20:03:20,10 days 02:09:00,11,3349.57,1.5764011233755597,3,6,9,18
16819.0,0 days 00:06:00,,0 days 00:06:00,464 days 19:13:00,2,182.59,,0,1,2,3
16820.0,,,,95 days 00:44:00,1,497.61,,0,0,4,4
16821.0,,,,381 days 02:46:00,1,113.35,,0,0,1,1
16822.0,,,,685 days 22:28:00,1,181.39,,0,0,2,2
16823.0,85 days 00:50:30,137 days 12:56:00,58 days 18:47:45,226 days 21:50:00,7,2243.09,0.4273930100577614,0,4,8,12
16824.0,189 days 00:08:30,,189 days 00:08:30,15 days 00:12:00,3,686.24,,0,2,5,7
16825.0,123 days 23:39:15,119 days 20:03:00,125 days 08:51:20,38 days 00:59:00,5,1826.8899999999999,1.0461763723007442,0,3,8,11
16826.0,,,,50 days 22:45:00,1,341.7,,0,0,3,3
16827.0,48 days 22:44:15,19 days 19:14:00,58 days 15:54:20,392 days 22:46:00,5,392.13,2.962556405040799,0,3,3,6
16828.0,19 days 01:46:00,,19 days 01:46:00,92 days 21:40:00,2,128.5,,0,1,1,2
16829.0,231 days 16:37:00,,231 days 16:37:00,156 days 02:02:00,2,513.32,,0,1,4,5
16830.0,229 days 07:48:00,50 days 20:46:00,318 days 13:19:00,38 days 01:15:00,4,1207.5,6.262717418016001,0,3,6,9
16831.0,,,,564 days 03:42:00,1,91.8,,0,0,1,1
16832.0,68 days 12:45:15,29 days 20:00:00,81 days 10:20:20,183 days 21:14:00,5,417.61,2.729523587833644,0,3,4,7
16833.0,124 days 09:25:36,144 days 10:45:30,111 days 00:32:20,0 days 22:11:00,6,2409.04,0.7685966637100141,0,4,8,12
16834.0,446 days 19:13:00,,446 days 19:13:00,227 days 03:13:00,2,898.96,,0,1,6,7
16835.0,88 days 05:49:48,34 days 15:06:30,123 days 23:38:40,127 days 23:00:00,6,1456.66,3.5803328219679877,0,4,7,11
16836.0,178 days 07:04:20,167 days 23:56:00,183 days 10:38:30,39 days 02:45:00,4,782.37,1.091943071148663,0,3,5,8
16837.0,21 days 10:09:54,8 days 06:28:30,30 days 04:37:30,30 days 22:23:00,11,3170.98,3.650963597430407,1,6,9,16
16838.0,155 days 07:15:20,132 days 23:22:00,166 days 11:12:00,196 days 23:37:00,4,1159.6100000000001,1.2518774610668366,0,3,6,9
16839.0,15 days 07:07:00,22 days 00:05:00,8 days 21:28:00,8 days 03:47:00,44,21758.25,0.40422913050339276,10,8,10,28
16840.0,71 days 03:06:00,,71 days 03:06:00,602 days 21:02:00,2,139.85,,0,1,1,2
16841.0,60 days 00:01:43.636363,53 days 15:14:36,65 days 07:21:00,36 days 00:59:00,12,4006.06,1.2176019556002102,5,6,9,20
16842.0,100 days 21:55:30,,100 days 21:55:30,100 days 02:08:00,3,1264.19,,0,2,7,9
16843.0,20 days 04:51:56.470588,19 days 00:15:15,21 days 06:17:53.333333,42 days 03:44:00,35,19571.43,1.1184514804023098,6,8,10,24
16844.0,20 days 01:13:00,,20 days 01:13:00,562 days 02:21:00,2,614.34,,0,1,5,6
16845.0,,,,617 days 23:41:00,1,253.88,,0,0,2,2
16846.0,294 days 12:56:00,,294 days 12:56:00,49 days 22:55:00,3,842.4100000000001,,0,2,5,7
16847.0,574 days 23:57:00,,574 days 23:57:00,42 days 23:21:00,2,614.8900000000001,,0,1,5,6
16848.0,126 days 15:13:40,56 days 01:36:00,161 days 22:02:30,52 days 04:08:00,4,1411.62,2.8879619996036463,0,3,7,10
16849.0,,,,186 days 03:34:00,1,124.57,,0,0,1,1
16850.0,,,,333 days 01:41:00,1,332.41,,0,0,3,3
16851.0,23 days 13:52:00,,23 days 13:52:00,3 days 23:18:00,3,342.45000000000005,,0,2,3,5
16852.0,165 days 21:33:00,,165 days 21:33:00,9 days 23:28:00,2,144.91,,0,1,1,2
16854.0,223 days 01:59:00,,223 days 01:59:00,416 days 20:19:00,2,1408.96,,0,1,7,8
16855.0,19 days 19:32:00,,19 days 19:32:00,23 days 00:47:00,2,328.4,,0,1,3,4
16856.0,213 days 21:54:00,,213 days 21:54:00,14 days 03:51:00,3,358.49,,0,2,3,5
16857.0,,,,442 days 02:01:00,1,352.8,,0,0,3,3
16858.0,39 days 13:11:26.666666,24 days 01:01:45,51 days 22:55:12,368 days 02:58:00,10,4292.59,2.1609306288676917,2,6,9,17
16859.0,83 days 11:57:00,62 days 10:30:00,94 days 00:40:30,144 days 00:31:00,7,1932.4099999999999,1.5059559559559559,0,4,8,12
16860.0,104 days 22:09:30,,104 days 22:09:30,452 days 02:45:00,3,1610.6200000000001,,0,2,7,9
16861.0,112 days 05:20:15,108 days 05:06:00,113 days 13:25:00,59 days 03:45:00,5,946.59,1.0494076726605317,0,3,6,9
16862.0,51 days 08:02:40,102 days 23:33:00,25 days 12:17:30,546 days 23:45:00,4,662.33,0.24773590122257963,0,3,5,8
16863.0,189 days 02:41:30,,189 days 02:41:30,30 days 21:24:00,3,834.27,,0,2,5,7
16864.0,164 days 04:20:00,,164 days 04:20:00,433 days 20:34:00,2,409.25,,0,1,4,5
16865.0,,,,401 days 01:16:00,1,130.95,,0,0,1,1
16866.0,10 days 10:46:00,,10 days 10:46:00,140 days 02:44:00,3,207.73999999999998,,0,2,2,4
16867.0,,,,689 days 03:39:00,1,76.74000000000001,,0,0,1,1
16868.0,99 days 12:53:00,,99 days 12:53:00,393 days 23:33:00,3,384.56,,0,2,3,5
16869.0,50 days 23:40:20,9 days 23:15:00,71 days 11:53:00,22 days 00:48:00,4,817.12,7.171926158133055,0,3,5,8
16870.0,,,,468 days 22:57:00,1,450.15999999999997,,0,0,4,4
16871.0,49 days 16:11:12,7 days 12:35:30,77 days 18:35:00,21 days 17:23:00,6,2812.34,10.335932813437312,0,4,8,12
16872.0,77 days 04:29:48,17 days 22:52:00,116 days 16:15:00,76 days 20:45:00,6,1213.13,6.499110320284697,0,4,6,10
16873.0,60 days 08:31:38.181818,47 days 19:27:24,70 days 19:25:10,4 days 00:45:00,12,14617.39,1.4810314792812316,4,6,10,20
16874.0,,,,378 days 23:42:00,1,209.89000000000001,,0,0,2,2
16875.0,63 days 14:50:18,66 days 13:58:30,61 days 15:24:50,66 days 23:11:00,11,4234.530000000001,0.9258054030187511,7,6,9,22
16876.0,,,,403 days 00:51:00,1,136.01,,0,0,1,1
16877.0,39 days 04:18:48,84 days 00:01:00,9 days 07:10:40,11 days 23:03:00,6,846.62,0.11070234758861672,0,4,5,9
16878.0,,,,83 days 19:11:00,1,13.3,,0,0,1,1
16880.0,66 days 03:05:34.285714,106 days 15:42:20,35 days 17:38:00,30 days 01:17:00,8,1813.21,0.33505155757932226,10,5,7,22
16881.0,,,,66 days 02:17:00,1,432.0,,0,0,4,4
16882.0,125 days 08:29:30,,125 days 08:29:30,66 days 02:08:00,3,705.12,,0,2,5,7
16883.0,30 days 10:42:26.666666,25 days 08:41:15,34 days 12:19:24,186 days 23:59:00,19,2246.06,1.3608351302323989,4,7,8,19
16884.0,177 days 15:57:20,14 days 00:45:00,259 days 11:33:30,37 days 00:58:00,4,1070.97,18.49312051472408,0,3,6,9
16885.0,123 days 08:16:20,28 days 04:32:00,170 days 22:08:30,14 days 23:10:00,4,684.6,6.063473098147418,0,3,5,8
16886.0,,,,455 days 21:42:00,1,134.0,,0,0,1,1
16887.0,351 days 12:13:00,,351 days 12:13:00,34 days 22:43:00,3,658.17,,0,2,5,7
16888.0,150 days 11:46:00,,150 days 11:46:00,400 days 00:11:00,3,434.2,,0,2,4,6
16889.0,74 days 04:51:48,84 days 00:00:00,67 days 16:06:20,194 days 01:45:00,6,2526.65,0.8056079144620811,0,4,8,12
16890.0,52 days 21:28:00,,52 days 21:28:00,476 days 01:27:00,3,285.40999999999997,,0,2,2,4
16891.0,73 days 09:27:48,39 days 17:53:00,95 days 19:51:00,1 days 01:35:00,11,1727.94,2.4110390858420843,2,6,7,15
16892.0,121 days 15:49:40,273 days 22:37:30,45 days 12:25:45,0 days 23:32:00,7,754.75,0.16615839940174026,0,4,5,9
16893.0,9 days 20:52:00,,9 days 20:52:00,366 days 00:44:00,2,249.89000000000001,,0,1,2,3
16894.0,16 days 12:41:00,,16 days 12:41:00,501 days 21:07:00,3,1306.96,,0,2,7,9
16895.0,150 days 06:17:00,37 days 23:54:00,187 days 16:24:40,64 days 00:35:00,5,1102.9,4.93958889254426,0,3,6,9
16896.0,,,,554 days 21:10:00,1,103.95,,0,0,1,1
16897.0,14 days 03:10:00,,14 days 03:10:00,298 days 21:48:00,2,289.78,,0,1,3,4
16898.0,137 days 12:51:30,161 days 00:42:00,129 days 16:54:40,25 days 21:06:00,5,885.21,0.8054728985719748,0,3,6,9
16899.0,55 days 16:43:17.142857,63 days 08:17:40,49 days 23:02:30,7 days 00:47:00,8,1695.77,0.7886904218115642,8,5,7,20
16900.0,23 days 10:37:30,,23 days 10:37:30,16 days 02:18:00,3,887.11,,0,2,6,8
16901.0,,,,728 days 20:20:00,1,204.26,,0,0,2,2
16902.0,,,,115 days 22:33:00,1,1706.88,,0,0,7,7
16903.0,193 days 00:25:00,,193 days 00:25:00,28 days 21:18:00,3,1041.75,,0,2,6,8
16904.0,20 days 08:15:21,16 days 18:14:13.333333,23 days 06:38:05.454545,3 days 23:40:00,21,4675.36,1.3888200166744293,4,7,9,20
16905.0,45 days 05:37:18.750000,45 days 23:58:17.142857,44 days 15:21:00,4 days 22:49:00,17,4706.7699999999995,0.9704508398250821,7,7,9,23
16906.0,82 days 07:44:20,73 days 12:49:00,86 days 17:12:00,81 days 01:01:00,7,1410.92,1.1792726345512754,0,4,7,11
16907.0,62 days 03:04:15,46 days 16:15:20,71 days 09:33:36,28 days 18:46:00,9,1470.8899999999999,1.5296152663578746,4,5,7,16
16908.0,,,,721 days 23:15:00,1,252.59,,0,0,2,2
16909.0,,,,71 days 20:05:00,1,379.14,,0,0,3,3
16910.0,12 days 10:05:17.142857,4 days 15:39:20,18 days 05:54:45,3 days 23:59:00,8,1508.96,3.9219947258433674,1,5,7,13
16911.0,25 days 20:06:00,,25 days 20:06:00,635 days 00:32:00,2,255.25000000000003,,0,1,2,3
16912.0,50 days 03:24:42.857142,73 days 07:36:10,32 days 18:16:07.500000,28 days 00:32:00,15,4460.51,0.4468444582663069,10,7,9,26
16913.0,180 days 12:25:00,,180 days 12:25:00,289 days 23:54:00,3,423.90999999999997,,0,2,4,6
16914.0,,,,35 days 21:23:00,1,183.76,,0,0,2,2
16915.0,56 days 00:18:42,45 days 16:44:45,62 days 21:21:20,8 days 20:11:00,11,1543.18,1.3762127100753871,4,6,7,17
16916.0,130 days 15:44:00,12 days 00:45:00,189 days 23:13:30,23 days 00:42:00,4,902.02,15.789523809523809,0,3,6,9
16917.0,355 days 20:31:00,,355 days 20:31:00,276 days 00:55:00,2,1851.88,,0,1,8,9
16918.0,45 days 19:13:32,30 days 23:59:34.285714,58 days 18:03:15,49 days 00:00:00,16,3206.54,1.895252290568788,3,7,9,19
16919.0,13 days 22:52:28.695652,7 days 02:03:43.636363,20 days 05:57:10,155 days 23:15:00,24,4909.66,2.8575015665725245,1,7,9,17
16920.0,,,,410 days 22:43:00,1,355.45,,0,0,3,3
16921.0,269 days 12:24:00,,269 days 12:24:00,60 days 20:28:00,3,409.21000000000004,,0,2,4,6
16922.0,,,,572 days 01:26:00,1,611.08,,0,0,5,5
16923.0,21 days 10:53:44.516129,24 days 06:23:48,18 days 19:36:48.750000,11 days 23:50:00,32,13157.130000000001,0.7754397775857234,8,8,10,26
16924.0,31 days 11:59:30,,31 days 11:59:30,20 days 23:57:00,3,829.89,,0,2,5,7
16925.0,,,,539 days 21:47:00,1,125.65,,0,0,1,1
16926.0,38 days 18:11:15,12 days 00:01:00,47 days 16:14:40,370 days 23:08:00,5,1169.61,3.972841077869722,0,3,6,9
16927.0,122 days 23:36:30,,122 days 23:36:30,115 days 01:40:00,3,543.05,,0,2,4,6
16928.0,21 days 05:14:17.142857,27 days 01:53:36.923076,16 days 03:20:12,79 days 21:40:00,29,3897.5299999999997,0.5960001341444836,9,8,9,26
16929.0,25 days 07:19:40,41 days 22:18:30,16 days 23:50:15,3 days 04:13:00,7,1295.39,0.4052808532838676,0,4,7,11
16930.0,21 days 00:54:00,,21 days 00:54:00,25 days 20:37:00,3,378.89,,0,2,3,5
16931.0,17 days 19:37:46.363636,20 days 07:01:00,15 days 18:08:25,4 days 23:35:00,23,5032.22,0.7764421705850815,8,7,9,24
16932.0,258 days 23:58:30,,258 days 23:58:30,52 days 22:38:00,3,412.55000000000007,,0,2,4,6
16933.0,91 days 02:43:52.500000,77 days 08:27:20,99 days 08:53:48,0 days 23:56:00,9,3099.3,1.2846505587110444,5,5,9,19
16934.0,113 days 09:35:24,50 days 12:30:00,155 days 07:39:00,54 days 00:10:00,6,2083.14,3.0743505154639177,0,4,8,12
16935.0,19 days 22:03:30,,19 days 22:03:30,381 days 03:34:00,3,530.86,,0,2,4,6
16936.0,359 days 23:10:00,,359 days 23:10:00,25 days 01:46:00,2,548.29,,0,1,4,5
16937.0,,,,498 days 18:54:00,1,196.25,,0,0,2,2
16938.0,81 days 11:26:37.500000,76 days 15:46:00,84 days 08:51:00,8 days 02:30:00,9,6995.360000000001,1.100601525555777,6,5,10,21
16939.0,80 days 11:25:30,,80 days 11:25:30,488 days 00:26:00,3,433.85,,0,2,4,6
16940.0,97 days 00:01:00,62 days 23:41:00,122 days 12:16:00,51 days 23:35:00,8,6427.66,1.9450281694799396,2,5,10,17
16941.0,,,,611 days 01:37:00,1,33.0,,0,0,1,1
16942.0,26 days 21:05:07.500000,12 days 16:34:40,35 days 09:23:24,12 days 00:10:00,9,1904.99,2.7887458047570406,1,5,8,14
16943.0,103 days 05:35:45,84 days 21:42:00,109 days 08:13:40,211 days 00:53:00,5,1299.49,1.287838139950816,0,3,7,10
16944.0,,,,609 days 01:47:00,1,101.36,,0,0,1,1
16945.0,22 days 03:45:11.250000,28 days 08:14:04,16 days 16:44:24.705882,21 days 01:11:00,33,8548.16,0.5891207058848992,9,8,10,27
16946.0,66 days 00:49:15,7 days 23:53:00,85 days 09:08:00,382 days 22:44:00,5,1222.04,10.67905845565882,0,3,6,9
16947.0,102 days 17:41:00,85 days 02:31:00,108 days 14:44:20,235 days 03:12:00,5,955.21,1.2762387359820266,0,3,6,9
16948.0,86 days 07:49:40,60 days 11:00:00,99 days 06:14:30,138 days 00:04:00,7,868.77,1.6417930163105905,0,4,5,9
16949.0,62 days 14:11:12,49 days 00:06:30,71 days 15:34:20,3 days 01:43:00,6,1286.27,1.462086589717973,0,4,7,11
16950.0,69 days 18:24:26.666666,53 days 06:51:45,82 days 22:50:36,56 days 03:44:00,10,3541.77,1.5567297761356935,4,6,9,19
16951.0,84 days 22:33:30,,84 days 22:33:30,134 days 00:45:00,3,1277.75,,0,2,7,9
16952.0,154 days 17:47:45,270 days 00:39:00,116 days 07:30:40,108 days 23:47:00,5,795.83,0.4307455442141006,0,3,5,8
16953.0,,,,29 days 20:56:00,1,20.8,,0,0,1,1
16954.0,36 days 07:18:47.368421,30 days 15:39:13.333333,41 days 09:24:24,0 days 03:04:00,20,6081.88,1.350372684410357,4,7,10,21
16955.0,98 days 14:11:36,152 days 00:56:30,62 days 23:01:40,184 days 02:14:00,6,1120.31,0.41410028326325976,0,4,6,10
16956.0,,,,17 days 03:54:00,1,308.74,,0,0,3,3
16957.0,42 days 04:31:00,,42 days 04:31:00,238 days 22:54:00,2,416.64,,0,1,4,5
16958.0,,,,434 days 22:25:00,1,778.49,,0,0,5,5
16959.0,,,,86 days 21:47:00,1,117.35000000000001,,0,0,1,1
16960.0,86 days 23:42:42.857142,83 days 23:41:00,89 days 05:44:00,38 days 01:15:00,8,1990.88,1.06253462432095,6,5,8,19
16961.0,207 days 23:35:00,,207 days 23:35:00,115 days 23:04:00,3,794.56,,0,2,5,7
16962.0,,,,409 days 01:14:00,1,251.04,,0,0,2,2
16963.0,,,,186 days 23:02:00,1,110.55000000000001,,0,0,1,1
16964.0,0 days 00:02:00,,0 days 00:02:00,732 days 23:57:00,2,207.85,,0,1,2,3
16965.0,,,,226 days 00:42:00,1,201.19,,0,0,2,2
16966.0,38 days 15:53:50,21 days 10:55:00,47 days 06:23:15,7 days 23:10:00,7,2154.97,2.203050655445865,0,4,8,12
16967.0,,,,188 days 22:26:00,1,319.02,,0,0,3,3
16968.0,103 days 04:11:00,,103 days 04:11:00,3 days 21:48:00,2,439.43,,0,1,4,5
16969.0,76 days 00:31:00,,76 days 00:31:00,38 days 23:38:00,3,650.41,,0,2,5,7
16970.0,,,,625 days 23:00:00,1,71.4,,0,0,1,1
16971.0,,,,37 days 21:44:00,1,357.21,,0,0,3,3
16972.0,73 days 23:39:00,,73 days 23:39:00,382 days 01:51:00,2,749.0,,0,1,5,6
16973.0,,,,385 days 22:54:00,1,127.0,,0,0,1,1
16974.0,41 days 23:35:00,,41 days 23:35:00,522 days 02:32:00,2,365.5,,0,1,3,4
16975.0,41 days 03:07:30,,41 days 03:07:30,422 days 18:57:00,3,926.12,,0,2,6,8
16976.0,,,,266 days 20:17:00,1,251.51999999999998,,0,0,2,2
16977.0,78 days 16:43:40,44 days 23:32:00,95 days 13:19:30,394 days 23:33:00,4,496.0,2.1243670104366084,0,3,4,7
16978.0,294 days 10:11:30,,294 days 10:11:30,77 days 00:00:00,3,768.88,,0,2,5,7
16979.0,55 days 20:43:52.500000,50 days 22:16:40,58 days 19:48:12,3 days 00:29:00,9,2859.74,1.1550593154856597,5,5,8,18
16980.0,86 days 13:15:30,,86 days 13:15:30,254 days 20:14:00,3,1422.83,,0,2,7,9
16982.0,,,,60 days 00:22:00,1,384.06,,0,0,3,3
16983.0,43 days 09:33:12,19 days 05:59:00,59 days 11:56:00,12 days 00:40:00,11,3490.5299999999997,3.0908762942386088,1,6,9,16
16984.0,69 days 05:46:07.500000,30 days 15:09:20,92 days 09:44:12,87 days 23:07:00,9,10350.53,3.0166903452028295,1,5,10,16
16985.0,32 days 08:43:35.454545,25 days 17:03:48,37 days 21:46:45,16 days 23:17:00,23,10923.16,1.4743691895483446,4,7,10,21
16986.0,64 days 09:18:54,0 days 00:13:30,107 days 07:22:30,29 days 00:55:00,11,4888.75,11446.111111111111,1,6,9,16
16987.0,73 days 09:53:12,133 days 00:20:15,33 days 16:15:10,2 days 19:24:00,11,2521.4,0.2531852530560374,10,6,8,24
16988.0,374 days 06:40:00,,374 days 06:40:00,4 days 20:48:00,2,382.67,,0,1,3,4
16989.0,28 days 15:53:36,35 days 14:33:00,24 days 00:47:20,6 days 20:11:00,6,1133.25,0.674962130816089,0,4,6,10
16990.0,203 days 20:48:00,,203 days 20:48:00,218 days 04:20:00,2,344.0,,0,1,3,4
16991.0,,,,420 days 22:42:00,1,1041.21,,0,0,6,6
16992.0,54 days 15:56:10,45 days 19:40:36,60 days 23:33:00,10 days 01:00:00,13,5476.5,1.330891201353125,4,7,10,21
16993.0,112 days 22:21:00,,112 days 22:21:00,463 days 00:34:00,2,1950.95,,0,1,8,9
16996.0,48 days 09:32:22.500000,21 days 08:19:20,64 days 15:04:12,29 days 20:07:00,9,2123.61,3.0275282482812464,1,5,8,14
16997.0,18 days 14:48:30,,18 days 14:48:30,287 days 19:22:00,3,702.0,,0,2,5,7
16998.0,73 days 16:46:15,140 days 01:03:00,51 days 14:00:40,149 days 03:06:00,5,402.0,0.36834058139900067,0,3,3,6
16999.0,50 days 22:10:00,,50 days 22:10:00,22 days 22:57:00,2,484.82000000000005,,0,1,4,5
17000.0,11 days 23:19:00,,11 days 23:19:00,395 days 23:15:00,2,406.3,,0,1,3,4
17001.0,34 days 15:49:50,33 days 05:36:45,35 days 19:12:18,0 days 03:12:00,19,6640.8,1.0772210816655958,6,7,10,23
17002.0,92 days 15:29:00,29 days 09:06:00,124 days 06:40:30,85 days 00:10:00,7,2571.55,4.2301446603318675,0,4,8,12
17003.0,58 days 16:38:20,155 days 04:48:00,10 days 10:33:30,401 days 23:35:00,4,828.2099999999999,0.06726759378579611,0,3,5,8
17004.0,125 days 23:34:00,31 days 21:34:00,173 days 00:34:00,45 days 22:25:00,4,2324.36,5.424173814603562,0,3,8,11
17005.0,118 days 00:02:00,,118 days 00:02:00,470 days 01:53:00,2,622.36,,0,1,5,6
17006.0,91 days 10:05:08.571428,84 days 00:03:20,96 days 23:36:30,4 days 00:41:00,8,1635.27,1.1545358097495109,5,5,7,17
17007.0,64 days 11:29:20,40 days 00:03:30,76 days 17:12:15,50 days 02:03:00,7,1120.1,1.9178044736864948,0,4,6,10
17008.0,,,,428 days 21:31:00,1,81.36,,0,0,1,1
17009.0,,,,550 days 20:49:00,1,242.06,,0,0,2,2
17010.0,,,,17 days 22:01:00,1,195.36,,0,0,2,2
17011.0,310 days 13:51:30,,310 days 13:51:30,29 days 23:20:00,3,671.6999999999999,,0,2,5,7
17012.0,,,,724 days 19:16:00,1,360.61,,0,0,3,3
17014.0,29 days 01:16:30,,29 days 01:16:30,7 days 22:41:00,3,583.4300000000001,,0,2,4,6
17015.0,78 days 10:43:00,,78 days 10:43:00,28 days 02:05:00,3,1838.61,,0,2,8,10
17016.0,,,,576 days 00:18:00,1,552.4,,0,0,4,4
17017.0,26 days 05:00:21.428571,28 days 22:15:23.076923,23 days 20:27:20,2 days 03:18:00,29,12576.99,0.8245592652780084,8,8,10,26
17018.0,138 days 19:27:00,78 days 13:03:00,178 days 23:43:00,40 days 01:08:00,6,2287.7,2.278834336843408,0,4,8,12
17019.0,72 days 14:31:24,76 days 17:55:30,69 days 20:15:20,10 days 23:44:00,11,3602.29,0.9100563571022466,7,6,9,22
17020.0,104 days 00:39:00,,104 days 00:39:00,541 days 23:44:00,2,935.62,,0,1,6,7
17021.0,29 days 09:35:12,32 days 19:12:30,27 days 03:10:20,441 days 16:49:00,6,1182.22,0.827191728859013,0,4,6,10
17022.0,401 days 06:42:00,,401 days 06:42:00,30 days 19:41:00,2,260.0,,0,1,2,3
17023.0,140 days 00:14:00,,140 days 00:14:00,416 days 21:13:00,3,800.1800000000001,,0,2,5,7
17024.0,56 days 02:08:00,,56 days 02:08:00,44 days 23:03:00,3,95.85,,0,2,1,3
17025.0,145 days 04:52:15,231 days 01:53:00,116 days 13:52:00,60 days 03:44:00,5,1349.67,0.504494324619162,0,3,7,10
17026.0,115 days 23:33:00,,115 days 23:33:00,184 days 22:22:00,3,175.82999999999998,,0,2,2,4
17027.0,81 days 09:01:45,137 days 08:43:00,47 days 18:49:00,78 days 00:26:00,9,1310.63,0.34786631143107033,10,5,7,22
17028.0,70 days 00:32:30,,70 days 00:32:30,580 days 21:17:00,3,1593.83,,0,2,7,9
17029.0,92 days 04:07:50,68 days 11:10:00,104 days 00:36:45,110 days 01:44:00,7,2137.3,1.5193909118571862,0,4,8,12
17030.0,,,,63 days 04:01:00,1,146.87,,0,0,1,1
17031.0,113 days 23:06:12,61 days 12:19:00,148 days 22:17:40,11 days 02:27:00,6,2773.85,2.42108927247617,0,4,8,12
17032.0,25 days 23:31:25.714285,25 days 16:24:00,26 days 04:52:00,547 days 00:34:00,8,2984.32,1.0202249621457928,6,5,9,20
17033.0,103 days 16:33:00,38 days 00:26:00,136 days 12:36:30,85 days 22:16:00,4,1332.79,3.5910660139553574,0,3,7,10
17034.0,124 days 06:34:45,104 days 01:05:00,131 days 00:24:40,15 days 21:36:00,5,1276.42,1.259233550253073,0,3,7,10
17035.0,163 days 16:15:20,145 days 03:34:00,172 days 22:36:00,245 days 01:27:00,4,613.59,1.1914799965552547,0,3,5,8
17036.0,,,,382 days 22:24:00,1,176.9,,0,0,2,2
17037.0,,,,87 days 00:01:00,1,1267.32,,0,0,7,7
17038.0,384 days 21:46:00,,384 days 21:46:00,29 days 23:00:00,2,743.17,,0,1,5,6
17039.0,,,,603 days 23:54:00,1,1954.99,,0,0,8,8
17040.0,412 days 19:11:00,,412 days 19:11:00,137 days 02:31:00,2,463.25,,0,1,4,5
17041.0,114 days 18:35:12,101 days 11:15:30,123 days 15:28:20,26 days 01:29:00,6,1655.2,1.2185451463625236,0,4,7,11
17042.0,61 days 05:23:15,50 days 19:22:00,64 days 16:43:40,2 days 00:24:00,5,1036.58,1.273388735500214,0,3,6,9
17043.0,99 days 17:10:25.714285,118 days 07:55:20,85 days 18:06:45,31 days 21:17:00,8,2593.65,0.7247073472278193,8,5,8,21
17044.0,64 days 06:43:54.545454,63 days 10:11:12,64 days 23:51:10,24 days 22:22:00,12,11962.300000000001,1.0247447385632364,6,6,10,22
17045.0,79 days 00:34:15,52 days 22:17:00,87 days 17:20:00,112 days 19:41:00,5,827.6800000000001,1.6573730270149705,0,3,5,8
17046.0,115 days 18:09:30,135 days 22:51:00,109 days 00:35:40,156 days 22:26:00,5,1906.0700000000002,0.8019352542851937,0,3,8,11
17047.0,129 days 05:43:48,150 days 00:13:00,115 days 09:24:20,84 days 23:23:00,6,2289.23,0.7692330245556209,0,4,8,12
17048.0,95 days 11:39:00,110 days 10:57:30,87 days 23:59:45,117 days 01:01:00,7,2071.6800000000003,0.7966914480612357,0,4,8,12
17049.0,35 days 17:21:23.333333,30 days 15:41:52.500000,39 days 18:41:00,2 days 02:02:00,19,9942.53,1.2976567035269797,5,7,10,22
17050.0,58 days 14:17:24,76 days 18:36:30,46 days 11:24:40,95 days 23:02:00,11,4648.59,0.6053435724418434,9,6,9,24
17051.0,144 days 15:46:00,42 days 00:36:00,195 days 23:21:00,193 days 22:37:00,4,706.49,4.663246083680349,0,3,5,8
17052.0,,,,27 days 22:00:00,1,399.09,,0,0,3,3
17053.0,,,,130 days 02:27:00,1,498.48,,0,0,4,4
17054.0,54 days 05:55:30,10 days 01:18:00,68 days 23:28:00,27 days 23:54:00,5,1356.33,6.860616107197127,0,3,7,10
17055.0,,,,445 days 00:29:00,1,232.85,,0,0,2,2
17056.0,,,,737 days 23:55:00,1,128.60000000000002,,0,0,1,1
17057.0,,,,595 days 17:29:00,1,294.74,,0,0,3,3
17058.0,79 days 00:27:30,,79 days 00:27:30,81 days 02:37:00,3,1179.89,,0,2,6,8
17059.0,81 days 14:43:00,60 days 23:22:40,93 days 23:55:12,29 days 00:23:00,9,4864.57,1.5415841584158416,4,5,9,18
17060.0,,,,265 days 23:23:00,1,234.24,,0,0,2,2
17061.0,15 days 21:23:30,3 days 10:41:45,24 days 04:31:20,73 days 01:26:00,11,5232.2300000000005,7.019969432827799,1,6,9,16
17062.0,25 days 04:36:48,35 days 00:01:00,18 days 15:40:40,313 days 01:49:00,6,889.75,0.5329391612600279,0,4,6,10
17063.0,59 days 18:18:35,66 days 05:28:36,55 days 03:28:34.285714,20 days 20:31:00,13,3638.53,0.8326490210464101,8,7,9,24
17064.0,134 days 09:04:00,,134 days 09:04:00,58 days 02:32:00,3,855.45,,0,2,5,7
17065.0,0 days 00:01:00,,0 days 00:01:00,637 days 01:09:00,2,194.7,,0,1,2,3
17066.0,,,,725 days 23:26:00,1,228.34,,0,0,2,2
17067.0,3 days 10:18:00,,3 days 10:18:00,724 days 04:11:00,3,454.53999999999996,,0,2,4,6
17068.0,13 days 05:42:46.956521,9 days 09:41:51.818181,16 days 18:03:37.500000,11 days 23:36:00,47,8987.68,1.7814110116458204,3,8,10,21
17069.0,54 days 11:26:36.923076,63 days 15:35:30,46 days 14:44:42.857142,27 days 19:37:00,14,5517.2300000000005,0.7323588250099557,8,7,10,25
17070.0,296 days 01:04:00,,296 days 01:04:00,113 days 19:49:00,2,437.42,,0,1,4,5
17071.0,54 days 16:17:10,86 days 04:56:48,32 days 03:48:51.428571,27 days 20:19:00,13,3793.71,0.37304697030090994,10,7,9,26
17072.0,,,,624 days 20:17:00,1,273.35,,0,0,2,2
17073.0,30 days 15:03:20,27 days 01:27:00,32 days 09:51:30,17 days 01:03:00,4,1446.09,1.1977185823902277,0,3,7,10
17074.0,,,,562 days 00:46:00,1,203.05,,0,0,2,2
17075.0,78 days 16:03:46.666666,61 days 19:02:45,92 days 04:04:36,17 days 00:52:00,10,2236.63,1.4915767381880196,4,6,8,18
17076.0,139 days 20:20:12,171 days 11:19:30,118 days 18:20:40,35 days 18:57:00,6,1242.75,0.6926170945051593,0,4,7,11
17077.0,,,,577 days 20:14:00,1,306.0,,0,0,3,3
17078.0,0 days 00:28:00,,0 days 00:28:00,35 days 17:33:00,2,378.2,,0,1,3,4
17079.0,,,,77 days 21:16:00,1,118.80000000000001,,0,0,1,1
17080.0,83 days 23:29:20,9 days 20:44:30,121 days 00:51:45,21 days 23:51:00,7,957.53,12.270178464571087,0,4,6,10
17081.0,125 days 23:55:24,108 days 11:45:30,137 days 16:02:00,24 days 23:54:00,6,949.39,1.2689477710104944,0,4,6,10
17082.0,138 days 05:34:24,49 days 11:00:30,197 days 09:57:00,32 days 21:33:00,6,4732.030000000001,3.9915052548072536,0,4,9,13
17083.0,69 days 21:29:37.500000,47 days 07:38:20,83 days 10:36:24,108 days 21:07:00,9,4049.79,1.7634185358217351,3,5,9,17
17084.0,180 days 12:17:00,,180 days 12:17:00,34 days 21:56:00,3,5001.21,,0,2,9,11
17085.0,22 days 14:17:44.444444,22 days 01:58:04.615384,23 days 01:44:34.285714,122 days 22:35:00,28,7847.67,1.044861030714257,6,8,10,24
17086.0,11 days 05:18:24,13 days 10:59:00,9 days 17:31:20,6 days 22:56:00,6,2050.08,0.7230163235117051,0,4,8,12
17087.0,,,,737 days 02:09:00,1,221.53,,0,0,2,2
17088.0,75 days 01:31:40,70 days 23:35:00,77 days 02:30:00,27 days 22:27:00,4,1991.01,1.086239788680722,0,3,8,11
17089.0,,,,385 days 21:17:00,1,128.45,,0,0,1,1
17090.0,41 days 23:48:30,26 days 18:09:24,52 days 20:59:17.142857,3 days 23:06:00,13,3080.1800000000003,1.9761347364423878,2,7,9,18
17091.0,40 days 01:03:13.333333,36 days 14:52:37.500000,42 days 18:47:42,2 days 02:07:00,19,7495.75,1.168303303694819,5,7,10,22
17092.0,62 days 12:18:54,45 days 11:10:00,73 days 21:04:50,49 days 16:59:00,11,5511.41,1.6249401761621098,3,6,10,19
17093.0,,,,592 days 02:28:00,1,235.88,,0,0,2,2
17094.0,101 days 02:21:00,,101 days 02:21:00,321 days 23:41:00,2,402.2,,0,1,3,4
17095.0,116 days 23:58:10,125 days 01:20:00,112 days 23:17:15,22 days 00:29:00,7,2572.25,0.903361006219458,0,4,8,12
17096.0,54 days 00:01:18,29 days 17:40:00,70 days 04:15:30,14 days 21:49:00,11,3697.93,2.360007006071929,2,6,9,17
17097.0,53 days 12:22:00,105 days 00:30:00,22 days 14:41:12,1 days 19:45:00,9,1143.36,0.2153091317860213,10,5,6,21
17098.0,79 days 12:51:30,,79 days 12:51:30,381 days 00:37:00,3,591.07,,0,2,4,6
17099.0,,,,532 days 20:25:00,1,582.17,,0,0,4,4
17100.0,0 days 00:00:00,,0 days 00:00:00,17 days 20:14:00,2,971.74,,0,1,6,7
17101.0,89 days 23:47:30,77 days 21:31:30,96 days 00:55:30,9 days 22:53:00,7,2507.05,1.232893382008799,0,4,8,12
17102.0,,,,261 days 02:42:00,1,25.5,,0,0,1,1
17103.0,,,,721 days 22:42:00,1,424.3,,0,0,4,4
17104.0,,,,423 days 00:29:00,1,474.03,,0,0,4,4
17105.0,147 days 01:07:00,,147 days 01:07:00,158 days 20:57:00,2,665.78,,0,1,5,6
17106.0,,,,388 days 22:39:00,1,481.58,,0,0,4,4
17107.0,71 days 13:09:40,99 days 17:52:30,48 days 23:47:24,32 days 22:36:00,10,16052.720000000001,0.49116599655370474,10,6,10,26
17108.0,,,,663 days 00:28:00,1,174.95,,0,0,2,2
17109.0,66 days 21:11:00,88 days 09:03:00,50 days 18:17:00,28 days 19:51:00,8,1291.71,0.5743774702780855,9,5,7,21
17110.0,222 days 11:43:00,,222 days 11:43:00,164 days 23:52:00,3,499.9,,0,2,4,6
17111.0,378 days 00:38:00,,378 days 00:38:00,46 days 20:51:00,2,459.58000000000004,,0,1,4,5
17112.0,,,,502 days 01:36:00,1,197.57,,0,0,2,2
17113.0,24 days 15:09:00,35 days 23:46:00,17 days 01:24:20,573 days 22:51:00,6,2305.59,0.47397702568852185,0,4,8,12
17114.0,47 days 00:05:25.714285,42 days 00:52:00,50 days 17:30:30,5 days 00:33:00,8,801.12,1.2068079693385316,5,5,5,15
17115.0,121 days 00:22:50,68 days 13:39:00,147 days 05:44:45,7 days 22:20:00,7,2761.49,2.1473252716758324,0,4,8,12
17116.0,,,,647 days 20:21:00,1,389.78,,0,0,3,3
17117.0,,,,287 days 22:56:00,1,116.19999999999999,,0,0,1,1
17118.0,,,,317 days 00:31:00,1,157.02,,0,0,1,1
17119.0,56 days 03:37:00,,56 days 03:37:00,2 days 22:10:00,2,606.91,,0,1,4,5
17120.0,,,,232 days 21:29:00,1,307.46,,0,0,3,3
17121.0,,,,402 days 01:03:00,1,314.74,,0,0,3,3
17122.0,126 days 17:39:40,90 days 03:05:00,145 days 00:57:00,118 days 22:17:00,4,570.5,1.6092537658435104,0,3,4,7
17123.0,205 days 11:27:30,,205 days 11:27:30,161 days 02:03:00,3,977.17,,0,2,6,8
17124.0,,,,184 days 22:48:00,1,294.24,,0,0,3,3
17125.0,,,,49 days 22:09:00,1,230.5,,0,0,2,2
17126.0,39 days 03:01:22.500000,27 days 22:55:20,45 days 19:53:00,151 days 22:58:00,9,2016.43,1.639360416011129,3,5,8,16
17127.0,76 days 16:39:00,201 days 19:07:00,34 days 23:49:40,428 days 02:56:00,5,1155.0300000000002,0.17340647264559897,0,3,6,9
17128.0,,,,334 days 00:48:00,1,157.09,,0,0,1,1
17129.0,,,,519 days 23:04:00,1,31.85,,0,0,1,1
17131.0,17 days 12:02:30,28 days 02:25:00,13 days 23:15:00,4 days 23:58:00,5,2463.17,0.4970962560237242,0,3,8,11
17132.0,36 days 02:42:00,,36 days 02:42:00,451 days 20:19:00,2,1220.9099999999999,,0,1,6,7
17133.0,55 days 17:26:54.545454,72 days 09:51:12,41 days 19:46:40,15 days 00:23:00,12,14622.33,0.5775963704902856,9,6,10,25
17134.0,167 days 19:40:30,,167 days 19:40:30,106 days 02:57:00,3,625.3,,0,2,5,7
17135.0,62 days 13:25:00,72 days 10:36:00,54 days 15:40:12,15 days 20:02:00,10,1722.18,0.754440354308064,8,6,7,21
17136.0,,,,661 days 23:37:00,1,231.68,,0,0,2,2
17137.0,52 days 05:16:48,48 days 23:51:30,54 days 08:53:40,415 days 21:59:00,6,1099.81,1.109737803826519,0,4,6,10
17138.0,66 days 07:35:50,23 days 00:07:30,87 days 23:20:00,275 days 00:56:00,7,4417.27,3.8240132820164514,0,4,9,13
17139.0,28 days 09:56:42.500000,28 days 00:04:16.363636,28 days 18:18:00,15 days 02:38:00,25,19566.76,1.0271232981715692,6,8,10,24
17140.0,,,,246 days 23:17:00,1,454.12,,0,0,4,4
17141.0,88 days 16:11:40,0 days 00:05:00,133 days 00:15:00,417 days 21:56:00,4,727.58,38307.0,0,3,5,8
17142.0,148 days 08:59:40,150 days 21:38:00,147 days 02:40:30,238 days 18:28:00,4,1275.25,0.9748847205220481,0,3,7,10
17143.0,98 days 02:01:00,,98 days 02:01:00,416 days 21:23:00,2,880.97,,0,1,6,7
17144.0,83 days 05:07:00,,83 days 05:07:00,0 days 18:53:00,2,984.5699999999999,,0,1,6,7
17145.0,48 days 14:58:20,137 days 04:07:00,4 days 08:24:00,512 days 03:48:00,4,3120.91,0.031712120368354704,0,3,9,12
17146.0,47 days 12:15:25,29 days 19:11:24,60 days 03:52:34.285714,105 days 00:06:00,13,5852.64,2.0188707762638054,2,7,10,19
17147.0,84 days 09:21:45,48 days 01:39:40,106 days 04:23:00,22 days 00:18:00,9,3199.95,2.208953139522005,2,5,9,16
17148.0,,,,51 days 02:51:00,1,124.88,,0,0,1,1
17149.0,,,,450 days 21:54:00,1,143.10000000000002,,0,0,1,1
17150.0,71 days 09:43:12,42 days 00:17:00,91 days 00:00:40,376 days 01:23:00,6,1357.95,2.166068840879162,0,4,7,11
17151.0,,,,734 days 21:54:00,1,231.90000000000003,,0,0,2,2
17152.0,76 days 23:53:00,162 days 03:40:00,34 days 09:59:30,194 days 00:31:00,4,2016.5,0.21224625267665953,0,3,8,11
17153.0,,,,23 days 23:08:00,1,213.78,,0,0,2,2
17154.0,,,,74 days 23:08:00,1,329.34,,0,0,3,3
17155.0,119 days 20:10:40,57 days 11:52:30,151 days 00:19:45,17 days 00:12:00,7,892.46,2.6265633964429145,0,4,6,10
17156.0,,,,491 days 01:20:00,1,591.87,,0,0,4,4
17157.0,40 days 10:27:13.333333,18 days 20:31:52.500000,57 days 16:47:30,7 days 03:40:00,19,5151.9,3.060101742513178,1,7,9,17
17158.0,152 days 11:51:15,94 days 18:48:00,171 days 17:32:20,31 days 21:35:00,5,1980.0,1.8118247269601235,0,3,8,11
17159.0,155 days 22:59:45,167 days 20:55:00,151 days 23:41:20,21 days 01:58:00,5,2099.59,0.9053771002682001,0,3,8,11
17160.0,44 days 00:11:45,37 days 13:51:25.714285,49 days 00:14:13.333333,30 days 22:45:00,17,10209.16,1.3042387548329515,5,7,10,22
17161.0,,,,443 days 20:06:00,1,856.01,,0,0,5,5
17162.0,30 days 18:34:06.666666,15 days 00:04:00,43 days 09:22:12,28 days 01:16:00,10,1715.46,2.8921588594704684,1,6,7,14
17163.0,217 days 23:26:00,229 days 23:29:00,211 days 23:24:30,21 days 03:53:00,4,699.78,0.9217182163789485,0,3,5,8
17164.0,40 days 03:08:00,60 days 23:10:30,29 days 17:06:45,32 days 03:36:00,7,2467.35,0.487373349052574,0,4,8,12
17165.0,88 days 20:40:12,51 days 13:10:00,113 days 17:40:20,283 days 20:11:00,6,1794.3200000000002,2.2063900489469668,0,4,7,11
17166.0,165 days 01:28:00,,165 days 01:28:00,38 days 03:04:00,2,206.34,,0,1,2,3
17167.0,32 days 22:01:30,,32 days 22:01:30,379 days 02:45:00,3,867.11,,0,2,5,7
17168.0,,,,498 days 00:17:00,1,400.2,,0,0,3,3
17169.0,260 days 10:42:30,,260 days 10:42:30,57 days 02:25:00,3,1156.73,,0,2,6,8
17170.0,14 days 23:32:00,,14 days 23:32:00,373 days 20:55:00,2,178.68,,0,1,2,3
17171.0,372 days 04:35:00,,372 days 04:35:00,288 days 20:13:00,2,384.59000000000003,,0,1,3,4
17172.0,323 days 22:55:00,,323 days 22:55:00,78 days 03:14:00,3,956.5699999999999,,0,2,6,8
17173.0,17 days 23:53:25.714285,24 days 07:08:20,13 days 06:27:15,4 days 22:10:00,8,3766.6000000000004,0.546103463059115,9,5,9,23
17174.0,,,,217 days 01:03:00,1,59.9,,0,0,1,1
17175.0,84 days 00:11:40,115 days 21:12:00,68 days 01:41:30,43 days 21:19:00,4,1443.69,0.5874053166498874,0,3,7,10
17176.0,237 days 22:26:00,,237 days 22:26:00,201 days 00:09:00,3,902.3199999999999,,0,2,6,8
17177.0,,,,504 days 21:57:00,1,119.5,,0,0,1,1
17178.0,,,,730 days 20:30:00,1,432.96,,0,0,4,4
17179.0,76 days 20:17:12,90 days 02:15:00,68 days 00:18:40,177 days 20:02:00,6,1507.26,0.7549132205393044,0,4,7,11
17180.0,63 days 02:12:18,35 days 00:16:45,81 days 19:29:20,55 days 21:04:00,11,2236.77,2.3367101872558886,2,6,8,16
17181.0,269 days 01:43:30,,269 days 01:43:30,56 days 22:02:00,3,309.85,,0,2,3,5
17182.0,295 days 18:47:00,,295 days 18:47:00,422 days 02:41:00,2,321.3,,0,1,3,4
17183.0,19 days 13:20:24,32 days 11:31:00,10 days 22:33:20,7 days 02:43:00,6,3347.3100000000004,0.3368183988653938,0,4,9,13
17184.0,161 days 00:07:00,,161 days 00:07:00,568 days 22:26:00,2,198.41000000000003,,0,1,2,3
17185.0,3 days 11:13:00,,3 days 11:13:00,591 days 00:35:00,3,229.46,,0,2,2,4
17186.0,13 days 21:28:00,,13 days 21:28:00,46 days 02:30:00,2,144.0,,0,1,1,2
17187.0,299 days 22:01:00,,299 days 22:01:00,226 days 00:11:00,2,467.71,,0,1,4,5
17188.0,59 days 23:33:05,56 days 22:33:48,62 days 03:41:08.571428,10 days 22:57:00,13,4592.93,1.0915598844928927,6,7,9,22
17189.0,157 days 19:58:30,14 days 00:31:00,205 days 18:27:40,105 days 17:11:00,5,953.6300000000001,14.675234840605551,0,3,6,9
17190.0,97 days 15:42:00,47 days 11:27:30,122 days 17:49:15,58 days 01:17:00,7,1726.57,2.585281749369218,0,4,7,11
17191.0,50 days 17:10:17.142857,54 days 03:31:40,48 days 03:24:15,27 days 19:52:00,15,4310.34,0.8890953979009469,7,7,9,23
17192.0,,,,535 days 20:43:00,1,75.28,,0,0,1,1
17193.0,87 days 18:20:37.500000,187 days 00:07:00,28 days 05:16:48,35 days 00:03:00,9,2310.04,0.15090516809203564,10,5,8,23
17194.0,128 days 11:24:30,,128 days 11:24:30,273 days 00:45:00,3,812.5,,0,2,5,7
17195.0,,,,654 days 23:45:00,1,562.98,,0,0,4,4
17196.0,,,,427 days 01:19:00,1,327.75,,0,0,3,3
17197.0,,,,29 days 02:18:00,1,1013.01,,0,0,6,6
17198.0,173 days 21:52:30,,173 days 21:52:30,23 days 02:11:00,3,692.22,,0,2,5,7
17199.0,,,,581 days 22:57:00,1,135.04000000000002,,0,0,1,1
17200.0,88 days 07:53:40,0 days 00:01:00,132 days 11:50:00,386 days 23:46:00,4,356.71,190790.0,0,3,3,6
17201.0,204 days 15:49:40,117 days 23:24:00,248 days 00:02:30,53 days 00:55:00,4,1143.1,2.1021549998822726,0,3,6,9
17202.0,,,,420 days 01:25:00,1,160.65,,0,0,1,1
17203.0,39 days 05:17:13.333333,82 days 00:26:15,4 days 23:34:00,35 days 00:23:00,10,5564.09,0.06074191670635551,10,6,10,26
17204.0,46 days 12:23:37.500000,57 days 18:06:20,39 days 18:34:00,174 days 22:04:00,9,5504.6900000000005,0.6886680908540715,9,5,10,24
17205.0,255 days 10:35:00,,255 days 10:35:00,53 days 00:04:00,3,999.3499999999999,,0,2,6,8
17206.0,,,,52 days 23:25:00,1,204.24,,0,0,2,2
17207.0,,,,651 days 17:42:00,1,292.62,,0,0,3,3
17208.0,,,,395 days 00:00:00,1,111.15,,0,0,1,1
17209.0,43 days 14:25:30,,43 days 14:25:30,648 days 20:49:00,3,595.7,,0,2,4,6
17210.0,,,,392 days 00:35:00,1,251.72,,0,0,2,2
17211.0,53 days 20:12:46.153846,59 days 11:54:30,48 days 23:54:08.571428,26 days 00:47:00,14,4116.17,0.8235139143751447,8,7,9,24
17212.0,116 days 17:10:00,,116 days 17:10:00,252 days 17:08:00,3,794.41,,0,2,5,7
17213.0,57 days 00:22:05,45 days 09:49:24,65 days 07:19:42.857142,39 days 21:57:00,13,4869.400000000001,1.4381492150975541,4,7,9,20
17214.0,59 days 18:48:36,33 days 10:56:00,77 days 08:03:40,59 days 23:33:00,6,1059.1200000000001,2.3116005203144026,0,4,6,10
17215.0,,,,463 days 23:11:00,1,186.15,,0,0,2,2
17216.0,,,,553 days 23:47:00,1,63.6,,0,0,1,1
17217.0,385 days 03:44:00,,385 days 03:44:00,233 days 19:31:00,2,210.1,,0,1,2,3
17218.0,39 days 22:27:03.529411,39 days 08:54:07.500000,40 days 10:29:40,3 days 22:58:00,18,3891.39,1.0270846700018152,6,7,9,22
17219.0,384 days 23:56:00,,384 days 23:56:00,31 days 01:25:00,2,259.13,,0,1,2,3
17220.0,33 days 04:53:30,48 days 05:20:20,20 days 21:58:49.090909,23 days 23:03:00,21,4457.31,0.4337366590283745,10,7,9,26
17221.0,149 days 23:30:15,0 days 00:04:00,199 days 23:19:00,6 days 23:15:00,5,976.62,71989.75,0,3,6,9
17222.0,126 days 14:06:48,28 days 13:01:30,191 days 22:50:20,64 days 22:52:00,6,1579.51,6.725066806158737,0,4,7,11
17223.0,32 days 11:19:00,,32 days 11:19:00,309 days 20:53:00,3,558.04,,0,2,4,6
17224.0,,,,500 days 23:20:00,1,100.86,,0,0,1,1
17225.0,,,,581 days 01:12:00,1,131.15,,0,0,1,1
17226.0,178 days 10:40:30,,178 days 10:40:30,308 days 00:58:00,3,895.47,,0,2,6,8
17227.0,61 days 08:20:32.727272,62 days 09:00:00,60 days 11:47:40,18 days 01:59:00,12,1878.93,0.9698025680991613,7,6,8,21
17228.0,51 days 19:52:30,53 days 00:49:12,50 days 23:12:00,15 days 02:26:00,13,2820.03,0.9610156974277588,7,7,8,22
17229.0,46 days 01:18:00,,46 days 01:18:00,95 days 22:54:00,2,318.76,,0,1,3,4
17230.0,27 days 11:26:31.764705,18 days 11:57:00,35 days 10:59:26.666666,263 days 20:38:00,18,9388.49,1.916861675279999,3,7,10,20
17231.0,29 days 23:56:40,23 days 10:51:32.727272,35 days 12:51:46.153846,11 days 21:32:00,25,7064.8,1.5152332693704904,4,8,10,22
17232.0,11 days 23:57:00,,11 days 23:57:00,2 days 00:29:00,2,417.77,,0,1,4,5
17233.0,344 days 13:01:30,,344 days 13:01:30,34 days 22:44:00,3,560.86,,0,2,4,6
17234.0,,,,182 days 01:30:00,1,149.89000000000001,,0,0,1,1
17235.0,75 days 10:07:08.571428,20 days 07:49:00,116 days 17:50:45,24 days 20:59:00,8,1562.98,5.743645153575455,1,5,7,13
17236.0,57 days 06:27:16.363636,46 days 09:20:36,66 days 08:02:50,12 days 00:50:00,12,1929.26,1.429969690891,4,6,8,18
17237.0,123 days 09:05:40,6 days 00:06:00,182 days 01:35:30,10 days 21:48:00,4,994.13,30.32332870691649,0,3,6,9
17238.0,23 days 17:49:32.903225,24 days 11:28:24,23 days 01:16:52.500000,2 days 01:15:00,32,7331.67,0.941798067430011,7,8,10,25
17239.0,71 days 07:36:00,101 days 02:31:00,56 days 10:08:30,312 days 03:09:00,4,1189.45,0.5580599075492304,0,3,6,9
17240.0,,,,595 days 21:06:00,1,130.6,,0,0,1,1
17241.0,25 days 04:12:10.909090,13 days 23:35:48,34 days 12:02:30,384 days 23:49:00,12,2736.6400000000003,2.467371547194549,2,6,8,16
17242.0,144 days 01:07:00,102 days 02:52:00,158 days 00:32:00,107 days 21:55:00,5,2889.2799999999997,1.547425400538585,0,3,8,11
17243.0,10 days 20:05:08.823529,8 days 07:56:25.454545,13 days 04:47:39.428571,0 days 23:24:00,69,20203.58,1.5844435607439744,3,9,10,22
17244.0,170 days 00:58:00,350 days 02:15:00,110 days 00:32:20,52 days 21:31:00,5,1826.04,0.31426568941520294,0,3,8,11
17245.0,484 days 19:04:00,,484 days 19:04:00,204 days 02:07:00,2,371.63,,0,1,3,4
17246.0,191 days 18:51:00,,191 days 18:51:00,546 days 00:14:00,2,38.92,,0,1,1,2
17247.0,,,,14 days 21:29:00,1,280.09000000000003,,0,0,2,2
17248.0,361 days 01:39:00,,361 days 01:39:00,119 days 23:16:00,2,500.53999999999996,,0,1,4,5
17249.0,,,,428 days 01:17:00,1,68.03,,0,0,1,1
17250.0,257 days 19:30:00,,257 days 19:30:00,3 days 00:35:00,2,381.97,,0,1,3,4
17251.0,181 days 00:15:00,,181 days 00:15:00,362 days 01:44:00,3,798.98,,0,2,5,7
17252.0,69 days 17:04:00,,69 days 17:04:00,116 days 03:05:00,2,348.90999999999997,,0,1,3,4
17253.0,,,,17 days 23:51:00,1,178.26,,0,0,2,2
17254.0,198 days 11:23:00,,198 days 11:23:00,4 days 00:04:00,3,469.48,,0,2,4,6
17255.0,135 days 06:48:20,55 days 23:03:00,174 days 22:41:00,40 days 00:32:00,4,781.7,3.1262300981596614,0,3,5,8
17256.0,123 days 05:57:30,0 days 00:02:00,164 days 07:56:00,106 days 23:20:00,5,498.93,118318.0,0,3,4,7
17257.0,0 days 00:02:00,,0 days 00:02:00,435 days 23:59:00,2,189.78,,0,1,2,3
17258.0,268 days 20:46:00,,268 days 20:46:00,396 days 00:13:00,2,417.30000000000007,,0,1,4,5
17259.0,101 days 09:52:36,105 days 00:01:30,99 days 00:26:40,147 days 21:49:00,6,1452.39,0.9430241543018202,0,4,7,11
17260.0,,,,410 days 23:29:00,1,120.95,,0,0,1,1
17261.0,,,,509 days 01:01:00,1,221.59,,0,0,2,2
17262.0,67 days 04:57:00,54 days 00:13:00,76 days 00:06:20,51 days 23:54:00,11,2488.76,1.4072535884347182,4,6,8,18
17263.0,,,,207 days 22:18:00,1,63.440000000000005,,0,0,1,1
17264.0,,,,423 days 23:58:00,1,268.28,,0,0,2,2
17265.0,41 days 22:49:00,,41 days 22:49:00,138 days 02:01:00,2,550.01,,0,1,4,5
17266.0,159 days 12:52:30,141 days 05:57:00,165 days 15:11:00,1 days 22:38:00,5,501.72,1.1726377478527215,0,3,4,7
17267.0,0 days 00:03:00,,0 days 00:03:00,126 days 19:28:00,2,317.20000000000005,,0,1,3,4
17268.0,62 days 09:26:00,39 days 23:36:30,77 days 07:59:00,107 days 02:44:00,11,1733.8899999999999,1.9341050602242233,2,6,7,15
17269.0,,,,385 days 01:38:00,1,491.81,,0,0,4,4
17270.0,262 days 20:51:00,,262 days 20:51:00,468 days 22:41:00,2,601.45,,0,1,4,5
17271.0,,,,735 days 23:01:00,1,204.3,,0,0,2,2
17272.0,73 days 09:30:40,63 days 01:41:00,78 days 13:25:30,41 days 20:13:00,4,2148.63,1.2455874742625603,0,3,8,11
17273.0,,,,423 days 20:53:00,1,141.12,,0,0,1,1
17274.0,360 days 01:10:00,,360 days 01:10:00,34 days 23:34:00,2,573.22,,0,1,4,5
17275.0,,,,382 days 23:24:00,1,114.1,,0,0,1,1
17276.0,,,,401 days 20:30:00,1,502.49,,0,0,4,4
17277.0,95 days 00:10:00,,95 days 00:10:00,227 days 00:03:00,2,1065.35,,0,1,6,7
17278.0,323 days 23:21:00,,323 days 23:21:00,240 days 23:40:00,2,271.24,,0,1,2,3
17279.0,,,,57 days 00:52:00,1,187.82999999999998,,0,0,2,2
17280.0,,,,437 days 20:04:00,1,118.85999999999999,,0,0,1,1
17281.0,59 days 20:13:00,48 days 23:21:00,67 days 02:07:40,373 days 18:45:00,6,797.8499999999999,1.3699134536757374,0,4,5,9
17282.0,104 days 12:35:30,92 days 07:16:00,108 days 14:22:00,129 days 22:21:00,5,2308.54,1.1765475939691235,0,3,8,11
17283.0,,,,378 days 00:57:00,1,188.46,,0,0,2,2
17284.0,54 days 23:45:42.857142,69 days 22:31:40,43 days 18:41:15,59 days 22:12:00,8,2788.06,0.6259577672232611,9,5,8,22
17285.0,34 days 23:28:00,,34 days 23:28:00,627 days 23:12:00,2,407.94,,0,1,3,4
17286.0,189 days 11:32:00,,189 days 11:32:00,21 days 00:03:00,3,389.18,,0,2,3,5
17287.0,35 days 12:02:06,23 days 18:53:40,45 days 02:03:32.727272,25 days 23:23:00,21,3826.86,1.8953750582769728,3,7,9,19
17288.0,38 days 12:08:30,8 days 23:42:15,58 days 04:26:00,8 days 20:41:00,11,2468.4300000000003,6.473835693175452,1,6,8,15
17289.0,76 days 05:53:37.500000,41 days 16:44:40,96 days 23:23:00,31 days 00:49:00,9,2041.8,2.325652014611345,2,5,8,15
17290.0,103 days 06:44:17.142857,57 days 09:29:00,137 days 16:40:45,3 days 00:12:00,8,1487.96,2.3990701641883145,2,5,7,14
17291.0,,,,307 days 23:46:00,1,550.8000000000001,,0,0,4,4
17292.0,107 days 02:22:00,,107 days 02:22:00,471 days 19:36:00,2,271.75,,0,1,2,3
17293.0,45 days 11:58:00,48 days 20:46:00,42 days 21:07:20,7 days 22:13:00,17,3750.63,0.8775166036627537,7,7,9,23
17294.0,0 days 01:51:00,,0 days 01:51:00,668 days 20:38:00,2,467.78999999999996,,0,1,4,5
17295.0,17 days 23:13:30,,17 days 23:13:30,28 days 02:01:00,3,547.0,,0,2,4,6
17296.0,,,,729 days 22:49:00,1,338.13,,0,0,3,3
17297.0,,,,16 days 22:07:00,1,128.18,,0,0,1,1
17298.0,135 days 01:56:45,148 days 03:55:00,130 days 17:17:20,100 days 20:07:00,5,954.26,0.882272894159187,0,3,6,9
17299.0,93 days 23:12:12,154 days 00:02:00,53 days 22:39:00,11 days 00:49:00,6,993.23,0.35028093180977804,0,4,6,10
17300.0,90 days 23:54:00,,90 days 23:54:00,390 days 01:54:00,2,393.64,,0,1,3,4
17301.0,603 days 00:27:00,,603 days 00:27:00,20 days 23:07:00,2,294.39,,0,1,3,4
17302.0,72 days 17:50:30,97 days 01:15:00,64 days 15:22:20,14 days 03:14:00,5,1135.63,0.6660393784360726,0,3,6,9
17303.0,,,,360 days 23:18:00,1,250.04,,0,0,2,2
17304.0,,,,533 days 20:27:00,1,111.5,,0,0,1,1
17305.0,,,,648 days 00:03:00,1,2135.46,,0,0,8,8
17306.0,19 days 15:37:48,22 days 02:57:53.333333,17 days 15:05:00,10 days 00:36:00,21,9782.35,0.7968199050646442,8,7,10,25
17307.0,29 days 09:18:12,26 days 11:17:45,31 days 07:58:30,394 days 23:10:00,11,3999.8900000000003,1.1836611552360776,5,6,9,20
17308.0,59 days 03:44:00,,59 days 03:44:00,392 days 23:31:00,2,4511.76,,0,1,9,10
17309.0,288 days 23:45:30,,288 days 23:45:30,94 days 21:30:00,3,320.39,,0,2,3,5
17310.0,147 days 04:22:00,,147 days 04:22:00,386 days 20:50:00,2,1025.1,,0,1,6,7
17311.0,119 days 05:06:36,126 days 12:12:00,114 days 08:23:00,77 days 22:39:00,6,3566.56,0.903887534857168,0,4,9,13
17312.0,10 days 11:20:00,,10 days 11:20:00,138 days 00:58:00,3,644.3,,0,2,5,7
17313.0,,,,30 days 21:05:00,1,2328.84,,0,0,8,8
17314.0,44 days 11:53:30,35 days 14:42:08.571428,51 days 09:42:20,24 days 03:09:00,17,4904.43,1.443432922441478,4,7,9,20
17315.0,10 days 09:42:08.571428,10 days 21:29:00,9 days 22:59:32.727272,1 days 00:35:00,43,9599.58,0.9139872174474685,7,8,10,25
17316.0,,,,419 days 22:15:00,1,124.45,,0,0,1,1
17317.0,21 days 14:17:00,,21 days 14:17:00,45 days 19:31:00,3,2600.34,,0,2,8,10
17318.0,,,,724 days 23:39:00,1,157.32999999999998,,0,0,1,1
17319.0,,,,668 days 21:03:00,1,29.1,,0,0,1,1
17320.0,117 days 09:00:24,124 days 12:05:00,112 days 14:57:20,99 days 23:19:00,6,2444.85,0.904578371494176,0,4,8,12
17321.0,113 days 19:30:12,91 days 12:16:00,128 days 16:19:40,7 days 23:09:00,6,1665.21,1.406171584102315,0,4,7,11
17322.0,90 days 00:43:45,321 days 01:43:00,13 days 00:24:00,375 days 22:09:00,5,922.59,0.04054132970543514,0,3,6,9
17323.0,62 days 02:41:00,81 days 05:20:00,46 days 04:28:30,14 days 19:21:00,12,1551.04,0.5686431258549932,9,6,7,22
17324.0,63 days 23:33:10.909090,42 days 14:33:48,81 days 19:02:40,17 days 02:16:00,12,2171.07,1.9197289600100835,2,6,8,16
17325.0,180 days 12:49:00,,180 days 12:49:00,279 days 23:41:00,3,609.5699999999999,,0,2,4,6
17326.0,121 days 01:33:00,,121 days 01:33:00,407 days 21:12:00,2,312.35,,0,1,3,4
17327.0,152 days 22:34:00,,152 days 22:34:00,409 days 02:56:00,2,152.35,,0,1,1,2
17328.0,,,,672 days 19:39:00,1,104.7,,0,0,1,1
17329.0,180 days 11:33:45,5 days 00:34:00,238 days 23:13:40,13 days 22:26:00,5,998.53,47.56893373882591,0,3,6,9
17330.0,208 days 07:52:00,103 days 03:14:00,260 days 22:11:00,22 days 03:54:00,4,423.79999999999995,2.5299365716363442,0,3,4,7
17331.0,,,,123 days 00:55:00,1,175.2,,0,0,2,2
17332.0,32 days 00:22:15,20 days 21:43:00,35 days 17:15:20,527 days 20:40:00,5,838.27,1.7086447640877431,0,3,5,8
17333.0,,,,85 days 02:39:00,1,494.25,,0,0,4,4
17334.0,52 days 01:21:30,,52 days 01:21:30,301 days 21:51:00,3,635.15,,0,2,5,7
17335.0,300 days 23:02:00,,300 days 23:02:00,383 days 02:33:00,2,497.04,,0,1,4,5
17336.0,,,,471 days 21:13:00,1,81.12,,0,0,1,1
17337.0,52 days 23:16:20,59 days 22:01:00,49 days 11:54:00,150 days 21:55:00,4,1981.06,0.8260683116792805,0,3,8,11
17338.0,38 days 20:53:22.500000,34 days 23:50:08.571428,41 days 21:15:53.333333,16 days 22:27:00,17,11889.33,1.1969779299870529,5,7,10,22
17339.0,207 days 12:10:30,,207 days 12:10:30,93 days 23:21:00,3,302.36,,0,2,3,5
17340.0,37 days 06:48:52.941176,38 days 15:16:22.500000,36 days 01:57:46.666666,29 days 02:05:00,18,19617.95,0.933881435980807,7,7,10,24
17341.0,95 days 22:34:00,0 days 00:05:00,127 days 22:03:40,156 days 00:17:00,5,1272.21,36840.73333333333,0,3,7,10
17342.0,96 days 16:37:00,8 days 07:34:00,140 days 21:08:30,379 days 01:43:00,4,1227.54,16.942416903290464,0,3,7,10
17343.0,76 days 04:07:24,85 days 08:13:30,70 days 01:23:20,354 days 21:43:00,6,1259.94,0.8209004815822915,0,4,7,11
17344.0,682 days 00:25:00,,682 days 00:25:00,45 days 23:54:00,2,457.36,,0,1,4,5
17345.0,72 days 07:04:36,51 days 00:09:15,86 days 11:41:30,14 days 21:47:00,11,1825.1399999999999,1.6956129572459895,3,6,8,17
17346.0,23 days 21:07:12,20 days 01:54:40,27 days 09:18:46.153846,3 days 00:32:00,26,4998.61,1.3639710837902332,4,8,9,21
17347.0,,,,85 days 23:38:00,1,228.96,,0,0,2,2
17348.0,78 days 02:54:00,67 days 07:32:00,84 days 14:31:12,14 days 01:25:00,9,2442.29,1.2568728593240621,5,5,8,18
17349.0,113 days 00:00:45,91 days 23:42:00,120 days 00:07:00,178 days 22:21:00,5,772.41,1.30457791668554,0,3,5,8
17350.0,111 days 08:01:30,141 days 00:18:30,96 days 11:53:00,7 days 21:03:00,7,1893.701,0.6843003370949751,0,4,8,12
17351.0,63 days 00:00:10.909090,36 days 22:31:12,84 days 17:14:20,35 days 18:05:00,12,1988.23,2.2935059433389986,2,6,8,16
17352.0,,,,695 days 20:37:00,1,36.25,,0,0,1,1
17353.0,165 days 01:29:00,132 days 20:02:00,181 days 04:12:30,128 days 19:31:00,4,3242.0,1.3639155801382252,0,3,9,12
17354.0,125 days 23:04:00,0 days 00:06:00,188 days 22:33:00,50 days 02:16:00,4,3133.96,45345.5,0,3,9,12
17355.0,,,,385 days 23:32:00,1,273.31,,0,0,2,2
17356.0,94 days 05:43:15,56 days 22:38:00,106 days 16:05:00,311 days 01:43:00,5,946.47,1.8732773970096832,0,3,6,9
17357.0,0 days 00:01:00,,0 days 00:01:00,23 days 20:20:00,2,384.39,,0,1,3,4
17358.0,87 days 12:03:45,241 days 18:14:00,36 days 02:00:20,302 days 19:53:00,5,861.01,0.14925383137910497,0,3,5,8
17359.0,636 days 23:49:00,,636 days 23:49:00,10 days 22:13:00,2,284.46,,0,1,2,3
17360.0,83 days 09:48:48,24 days 11:56:30,122 days 16:23:40,16 days 23:39:00,6,1200.51,5.007970367430631,0,4,6,10
17361.0,156 days 18:18:15,0 days 00:03:00,209 days 00:23:20,48 days 21:07:00,5,871.79,100327.77777777778,0,3,6,9
17362.0,77 days 04:38:20,27 days 00:20:30,102 days 06:47:15,238 days 22:07:00,7,1024.04,3.786255960720299,0,4,6,10
17363.0,3 days 11:53:00,,3 days 11:53:00,394 days 19:39:00,3,920.46,,0,2,6,8
17364.0,27 days 02:25:37.777777,22 days 16:19:41.538461,31 days 04:56:51.428571,0 days 03:50:00,28,11972.92,1.3759118340584737,4,8,10,22
17365.0,47 days 10:18:21.428571,48 days 07:43:50,46 days 18:14:15,12 days 00:37:00,15,8184.49,0.9676708909876097,7,7,10,24
17366.0,23 days 20:18:00,,23 days 20:18:00,431 days 20:46:00,2,1077.24,,0,1,6,7
17367.0,,,,237 days 22:29:00,1,167.55,,0,0,2,2
17368.0,53 days 21:58:32.307692,64 days 11:02:00,44 days 21:04:08.571428,22 days 21:24:00,14,2758.29,0.6962157985944424,9,7,8,24
17369.0,,,,455 days 03:01:00,1,979.1999999999999,,0,0,6,6
17370.0,32 days 07:28:00,77 days 02:29:00,9 days 21:57:30,72 days 02:36:00,4,446.18,0.128592529879581,0,3,4,7
17371.0,142 days 19:25:00,54 days 00:48:00,201 days 23:49:40,16 days 23:20:00,6,655.37,3.738300260470217,0,4,5,9
17372.0,25 days 18:24:17.777777,15 days 19:54:09.230769,34 days 23:52:17.142857,40 days 01:13:00,28,4347.31,2.2107548301379363,2,8,9,19
17373.0,101 days 12:11:50,115 days 11:39:00,94 days 12:28:15,39 days 21:22:00,7,1167.5,0.8184550117559336,0,4,6,10
17374.0,88 days 07:55:30,,88 days 07:55:30,218 days 03:45:00,3,727.11,,0,2,5,7
17375.0,77 days 10:10:20,70 days 06:02:00,81 days 00:14:30,198 days 21:05:00,4,660.55,1.1531454498724818,0,3,5,8
17376.0,150 days 16:28:20,117 days 23:31:00,167 days 00:57:00,70 days 00:14:00,4,453.64,1.4158313271450518,0,3,4,7
17377.0,9 days 06:31:39.740259,5 days 21:30:04.736842,12 days 13:28:35.384615,23 days 01:33:00,78,17644.27,2.1305561297747175,2,9,10,21
17378.0,,,,373 days 18:04:00,1,10.95,,0,0,1,1
17379.0,,,,10 days 22:54:00,1,389.71999999999997,,0,0,3,3
17380.0,50 days 02:39:00,,50 days 02:39:00,433 days 20:08:00,3,645.0,,0,2,5,7
17381.0,14 days 14:14:42.162162,15 days 01:16:36.666666,14 days 03:47:37.894736,8 days 00:51:00,38,36398.65,0.9405359294605504,7,8,10,25
17382.0,72 days 00:13:08.571428,14 days 07:40:40,115 days 06:37:30,64 days 23:45:00,8,902.28,8.05005496104232,1,5,6,12
17383.0,449 days 02:42:00,,449 days 02:42:00,3 days 19:14:00,2,304.09000000000003,,0,1,3,4
17384.0,223 days 23:53:30,,223 days 23:53:30,18 days 21:02:00,3,507.55,,0,2,4,6
17385.0,,,,14 days 01:48:00,1,256.11,,0,0,2,2
17386.0,62 days 23:38:00,110 days 00:05:30,39 days 11:24:15,7 days 01:22:00,7,2812.7700000000004,0.3588527544813785,0,4,8,12
17387.0,13 days 23:35:00,,13 days 23:35:00,19 days 01:50:00,2,746.81,,0,1,5,6
17388.0,65 days 04:40:36,64 days 06:39:30,65 days 19:21:20,77 days 02:19:00,11,2675.37,1.023788301939113,6,6,8,20
17389.0,12 days 05:57:32,14 days 09:59:02.068965,10 days 05:17:25.161290,0 days 03:12:00,61,57215.33,0.7089645410562313,9,9,10,28
17390.0,,,,420 days 01:21:00,1,149.3,,0,0,1,1
17391.0,0 days 21:37:00,,0 days 21:37:00,163 days 02:52:00,2,508.8,,0,1,4,5
17392.0,71 days 22:15:30,,71 days 22:15:30,306 days 00:02:00,3,585.92,,0,2,4,6
17393.0,77 days 19:17:00,,77 days 19:17:00,410 days 01:40:00,2,381.15000000000003,,0,1,3,4
17394.0,,,,218 days 23:28:00,1,203.86999999999998,,0,0,2,2
17395.0,,,,507 days 21:16:00,1,97.5,,0,0,1,1
17396.0,30 days 22:14:27.692307,11 days 15:26:50,47 days 10:55:17.142857,38 days 22:38:00,14,8409.6,4.075622650726136,1,7,10,18
17397.0,197 days 00:24:00,,197 days 00:24:00,21 days 22:42:00,3,1198.28,,0,2,6,8
17398.0,70 days 10:22:00,,70 days 10:22:00,114 days 03:02:00,3,653.38,,0,2,5,7
17400.0,85 days 03:25:17.142857,123 days 00:31:40,56 days 17:35:30,125 days 21:12:00,8,4623.28,0.4611613400946458,10,5,9,24
17401.0,,,,540 days 19:56:00,1,114.85,,0,0,1,1
17402.0,32 days 16:01:35.454545,35 days 09:13:18,30 days 09:41:50,4 days 02:35:00,23,4635.5599999999995,0.8592541274722801,7,7,9,23
17403.0,414 days 02:49:00,,414 days 02:49:00,35 days 21:32:00,2,382.87,,0,1,3,4
17404.0,31 days 16:35:13.636363,38 days 14:14:54,25 days 22:32:10,3 days 20:24:00,23,47781.119999999995,0.6721049730483846,9,7,10,26
17405.0,74 days 13:27:30,,74 days 13:27:30,0 days 19:38:00,3,1031.41,,0,2,6,8
17406.0,33 days 08:06:50,28 days 20:18:24,36 days 13:07:08.571428,332 days 21:43:00,13,4186.95,1.2669516124148579,5,7,9,21
17407.0,,,,411 days 00:53:00,1,552.9,,0,0,4,4
17408.0,175 days 11:25:30,,175 days 11:25:30,162 days 23:57:00,3,316.09000000000003,,0,2,3,5
17409.0,60 days 10:28:46.666666,41 days 00:49:00,75 days 23:00:36,184 days 02:14:00,10,7793.51,1.8511161129821116,3,6,10,19
17410.0,49 days 18:06:15,119 days 00:47:00,26 days 15:52:40,15 days 21:04:00,5,1214.72,0.22398540705260966,0,3,6,9
17411.0,181 days 00:35:45,349 days 23:53:00,124 days 16:50:00,11 days 22:25:00,5,1425.38,0.3562946310762253,0,3,7,10
17412.0,48 days 23:51:00,43 days 13:27:00,53 days 17:57:00,2 days 01:14:00,16,4220.22,1.233870582046009,5,7,9,21
17413.0,165 days 01:22:00,,165 days 01:22:00,404 days 00:17:00,2,560.14,,0,1,4,5
17414.0,138 days 13:28:48,100 days 22:23:30,163 days 15:32:20,43 days 00:37:00,6,2249.52,1.6213475892168094,0,4,8,12
17415.0,,,,79 days 00:00:00,1,507.84,,0,0,4,4
17416.0,33 days 03:15:08.571428,28 days 18:58:12,37 days 02:03:16.363636,29 days 00:03:00,22,17298.45,1.2881232838682497,5,7,10,22
17417.0,,,,548 days 02:50:00,1,164.18,,0,0,2,2
17418.0,172 days 11:39:00,,172 days 11:39:00,41 days 23:50:00,3,670.0600000000001,,0,2,5,7
17419.0,39 days 12:44:00,44 days 20:34:22.500000,34 days 19:05:53.333333,10 days 23:03:00,18,6126.25,0.7757004985168342,8,7,10,25
17420.0,70 days 05:08:36,5 days 12:09:30,113 days 08:28:00,49 days 21:58:00,6,953.5799999999999,20.584904470647583,0,4,6,10
17421.0,174 days 12:37:00,,174 days 12:37:00,385 days 19:53:00,3,1059.41,,0,2,6,8
17422.0,51 days 19:30:48,38 days 06:01:15,60 days 20:30:30,15 days 23:23:00,11,3594.76,1.5909315783501645,3,6,9,18
17423.0,173 days 12:35:00,,173 days 12:35:00,45 days 23:14:00,3,1118.95,,0,2,6,8
17425.0,41 days 03:53:00,,41 days 03:53:00,18 days 21:20:00,2,759.1700000000001,,0,1,5,6
17426.0,54 days 08:22:20,41 days 14:10:24,63 days 11:05:08.571428,7 days 18:43:00,13,8077.77,1.525872975587629,4,7,10,21
17427.0,,,,71 days 01:21:00,1,100.8,,0,0,1,1
17428.0,16 days 18:22:12.272727,20 days 15:46:37.142857,13 days 05:05:07.826086,0 days 03:05:00,45,31466.760000000002,0.6395728672328219,9,8,10,27
17429.0,75 days 06:13:00,33 days 00:58:00,89 days 07:58:00,127 days 23:28:00,5,1357.46,2.7037286140653243,0,3,7,10
17430.0,148 days 23:10:40,92 days 23:08:00,176 days 23:12:00,32 days 03:26:00,4,622.5699999999999,1.9036065377834883,0,3,5,8
17431.0,,,,312 days 22:14:00,1,403.3,,0,0,3,3
17432.0,89 days 17:47:30,108 days 14:10:00,78 days 10:22:00,17 days 19:17:00,9,1728.99,0.7222740934961949,8,5,7,20
17433.0,297 days 00:47:00,,297 days 00:47:00,87 days 22:26:00,2,569.96,,0,1,4,5
17434.0,13 days 19:53:40,24 days 00:20:30,8 days 17:40:15,1 days 23:34:00,7,2373.82,0.3637960700394731,0,4,8,12
17435.0,,,,410 days 22:55:00,1,331.35,,0,0,3,3
17436.0,182 days 17:59:45,138 days 23:22:00,197 days 08:12:20,1 days 00:20:00,5,534.06,1.419995469430314,0,3,4,7
17437.0,,,,529 days 01:39:00,1,369.68,,0,0,3,3
17438.0,96 days 22:23:15,87 days 15:57:00,100 days 00:32:00,253 days 02:24:00,5,1422.77,1.140965010258482,0,3,7,10
17439.0,,,,655 days 00:02:00,1,325.74,,0,0,3,3
17440.0,130 days 23:04:40,301 days 21:25:00,45 days 11:54:30,156 days 00:56:00,4,323.58,0.15070331818966012,0,3,3,6
17441.0,,,,731 days 23:18:00,1,293.35,,0,0,3,3
17442.0,44 days 16:40:12.857142,32 days 11:58:10,53 days 20:11:45,36 days 03:33:00,15,4620.3,1.6567262250301829,3,7,9,19
17443.0,,,,219 days 02:03:00,1,534.24,,0,0,4,4
17444.0,12 days 13:30:30,,12 days 13:30:30,147 days 00:45:00,3,2940.04,,0,2,9,11
17446.0,133 days 20:02:00,,133 days 20:02:00,176 days 02:08:00,2,120.9,,0,1,1,2
17447.0,31 days 04:08:00,,31 days 04:08:00,39 days 22:32:00,2,541.53,,0,1,4,5
17448.0,3 days 06:51:30.666666,2 days 03:13:24.545454,4 days 09:17:31.304347,496 days 22:43:00,46,14523.67,2.0555420877168937,2,8,10,20
17449.0,60 days 16:13:20,68 days 14:18:48,55 days 00:26:34.285714,1 days 19:54:00,13,4868.15,0.8020604768286987,8,7,9,24
17450.0,8 days 14:19:48,13 days 12:06:42.500000,4 days 01:36:30,7 days 23:21:00,51,244784.25,0.3011563653660324,10,9,10,29
17451.0,17 days 08:31:20,24 days 12:45:00,13 days 18:24:30,0 days 21:48:00,7,1721.4,0.5612031139419674,0,4,7,11
17453.0,46 days 16:40:00,,46 days 16:40:00,17 days 03:08:00,2,486.7199999999999,,0,1,4,5
17454.0,55 days 15:48:40,49 days 22:42:30,60 days 05:29:36,191 days 22:52:00,10,1547.94,1.205875769056971,5,6,7,18
17455.0,,,,203 days 00:19:00,1,131.7,,0,0,1,1
17456.0,90 days 23:55:00,,90 days 23:55:00,364 days 21:27:00,2,975.5600000000001,,0,1,6,7
17457.0,43 days 06:42:34.285714,40 days 18:57:20,45 days 03:31:30,126 days 00:02:00,15,6804.23,1.1068173563661952,6,7,10,23
17458.0,366 days 01:18:00,,366 days 01:18:00,14 days 23:49:00,2,529.58,,0,1,4,5
17459.0,16 days 20:25:00,,16 days 20:25:00,42 days 23:25:00,2,657.3,,0,1,5,6
17460.0,39 days 11:18:36,33 days 16:40:25.714285,44 days 12:37:00,93 days 21:46:00,16,2157.9700000000003,1.3214433979210822,5,7,8,20
17461.0,3 days 11:10:00,,3 days 11:10:00,22 days 02:29:00,3,735.82,,0,2,5,7
17462.0,223 days 20:55:00,,223 days 20:55:00,59 days 22:54:00,2,675.6899999999999,,0,1,5,6
17463.0,95 days 11:17:10,137 days 22:55:30,74 days 05:28:00,15 days 23:10:00,7,2535.26,0.538057088779319,0,4,8,12
17464.0,230 days 12:02:00,,230 days 12:02:00,157 days 23:31:00,3,907.1400000000001,,0,2,6,8
17465.0,51 days 19:45:10,28 days 09:58:00,63 days 12:38:45,425 days 00:54:00,7,2542.79,2.235660345080405,0,4,8,12
17466.0,68 days 03:59:00,,68 days 03:59:00,9 days 23:35:00,2,763.28,,0,1,5,6
17467.0,,,,394 days 23:52:00,1,102.6,,0,0,1,1
17468.0,182 days 11:04:00,,182 days 11:04:00,9 days 21:17:00,3,194.8,,0,2,2,4
17469.0,44 days 04:23:03.750000,30 days 23:50:25.714285,54 days 10:35:06.666666,15 days 23:35:00,17,5051.25,1.75653950948855,3,7,9,19
17470.0,46 days 09:14:36,24 days 04:48:45,61 days 04:11:50,44 days 00:08:00,11,2626.47,2.527833375180841,2,6,8,16
17471.0,,,,474 days 00:57:00,1,321.65000000000003,,0,0,3,3
17472.0,145 days 16:30:00,329 days 01:13:00,54 days 00:08:30,190 days 21:53:00,4,922.35,0.16412639052155506,0,3,6,9
17473.0,47 days 16:42:00,,47 days 16:42:00,408 days 01:05:00,2,607.0,,0,1,4,5
17474.0,,,,599 days 02:07:00,1,1047.0,,0,0,6,6
17475.0,,,,78 days 21:55:00,1,194.37,,0,0,2,2
17476.0,341 days 22:12:00,,341 days 22:12:00,395 days 02:29:00,2,489.86,,0,1,4,5
17477.0,34 days 22:13:00,,34 days 22:13:00,612 days 02:44:00,2,1144.3,,0,1,6,7
17478.0,225 days 00:42:00,,225 days 00:42:00,407 days 21:49:00,2,1272.8000000000002,,0,1,7,8
17479.0,,,,632 days 03:24:00,1,389.26000000000005,,0,0,3,3
17480.0,366 days 23:08:00,,366 days 23:08:00,77 days 01:11:00,2,882.23,,0,1,6,7
17481.0,30 days 00:50:20,57 days 06:40:00,16 days 09:55:30,3 days 00:22:00,4,1255.59,0.2865603782735209,0,3,7,10
17482.0,91 days 01:23:00,,91 days 01:23:00,486 days 21:17:00,2,775.6400000000001,,0,1,5,6
17483.0,116 days 08:09:00,231 days 06:57:00,58 days 20:45:00,64 days 23:40:00,4,591.73,0.25450598546194797,0,3,4,7
17484.0,47 days 23:24:00,,47 days 23:24:00,575 days 21:09:00,2,209.57,,0,1,2,3
17486.0,,,,260 days 22:50:00,1,396.87,,0,0,3,3
17487.0,,,,727 days 21:44:00,1,160.55,,0,0,1,1
17488.0,,,,640 days 22:43:00,1,336.5,,0,0,3,3
17489.0,153 days 21:22:00,,153 days 21:22:00,58 days 03:54:00,2,376.64,,0,1,3,4
17490.0,71 days 02:33:30,162 days 15:52:00,16 days 04:10:24,0 days 03:42:00,9,2750.5,0.09943304074592711,10,5,8,23
17491.0,36 days 19:46:18.750000,31 days 20:37:17.142857,40 days 16:26:40,0 days 20:32:00,17,5653.67,1.277029923512376,5,7,10,22
17492.0,135 days 00:57:00,,135 days 00:57:00,247 days 21:29:00,3,1122.42,,0,2,6,8
17493.0,,,,384 days 19:53:00,1,100.91000000000001,,0,0,1,1
17494.0,,,,501 days 02:44:00,1,54.699999999999996,,0,0,1,1
17495.0,191 days 12:09:00,,191 days 12:09:00,7 days 00:42:00,3,806.72,,0,2,5,7
17496.0,111 days 22:21:00,67 days 02:23:00,134 days 08:20:00,358 days 04:11:00,4,1412.89,2.0022147935791685,0,3,7,10
17497.0,220 days 06:16:00,,220 days 06:16:00,389 days 22:33:00,2,287.25,,0,1,3,4
17498.0,,,,75 days 00:25:00,1,272.22,,0,0,2,2
17499.0,271 days 23:15:00,,271 days 23:15:00,289 days 03:36:00,2,1341.3899999999999,,0,1,7,8
17500.0,6 days 02:38:30,,6 days 02:38:30,16 days 22:25:00,3,1138.0,,0,2,6,8
17501.0,0 days 00:01:00,,0 days 00:01:00,220 days 03:03:00,2,288.6,,0,1,3,4
17502.0,6 days 14:51:20,10 days 20:35:00,4 days 11:59:30,8 days 23:37:00,4,689.1,0.41442276942756634,0,3,5,8
17503.0,35 days 22:06:00,,35 days 22:06:00,2 days 03:32:00,2,558.96,,0,1,4,5
17504.0,27 days 05:51:35.294117,36 days 03:03:22.500000,19 days 08:21:06.666666,205 days 23:51:00,18,9490.17,0.5355498583300295,9,7,10,26
17505.0,110 days 23:04:15,54 days 19:36:00,129 days 16:13:40,161 days 00:00:00,5,2435.48,2.3656337623728927,0,3,8,11
17506.0,,,,75 days 01:11:00,1,302.2,,0,0,3,3
17507.0,47 days 17:40:00,,47 days 17:40:00,261 days 01:02:00,2,605.5799999999999,,0,1,4,5
17508.0,64 days 13:12:00,52 days 00:11:20,73 days 22:57:30,280 days 04:40:00,8,4579.23,1.4220270258240828,4,5,9,18
17509.0,0 days 20:10:17.142857,0 days 00:24:40,1 days 10:59:30,57 days 02:24:00,8,6083.64,85.11486486486487,1,5,10,16
17510.0,395 days 23:40:00,,395 days 23:40:00,24 days 02:50:00,2,514.56,,0,1,4,5
17511.0,12 days 05:59:20,12 days 13:13:20.689655,11 days 23:13:19.354838,2 days 02:38:00,61,175469.63,0.9535214839885107,7,9,10,26
17512.0,41 days 05:12:42.352941,53 days 11:05:52.500000,30 days 07:58:46.666666,28 days 00:39:00,18,5467.82,0.5673609318302437,9,7,9,25
17513.0,203 days 12:47:00,,203 days 12:47:00,71 days 20:08:00,3,1158.8000000000002,,0,2,6,8
17514.0,541 days 01:45:00,,541 days 01:45:00,127 days 21:05:00,2,522.0,,0,1,4,5
17515.0,64 days 21:04:22.500000,38 days 00:22:40,80 days 23:53:24,30 days 22:46:00,9,1602.51,2.130575784884429,2,5,7,14
17516.0,72 days 15:12:12,46 days 11:57:30,90 days 01:22:00,14 days 19:59:00,6,947.5,1.9367807937871038,0,4,6,10
17517.0,,,,308 days 01:02:00,1,153.94,,0,0,1,1
17518.0,195 days 23:09:00,,195 days 23:09:00,425 days 00:10:00,2,329.42,,0,1,3,4
17519.0,51 days 12:29:00,33 days 23:47:40,64 days 16:00:00,16 days 20:07:00,15,4774.17,1.9024400209747825,3,7,9,19
17520.0,,,,53 days 00:46:00,1,546.81,,0,0,4,4
17521.0,101 days 05:53:15,40 days 04:36:00,121 days 14:19:00,29 days 01:28:00,5,1278.06,3.0254164074918792,0,3,7,10
17522.0,54 days 05:00:00,11 days 18:05:00,68 days 08:38:20,1 days 00:19:00,5,1070.71,5.816149679960611,0,3,6,9
17523.0,2 days 15:53:20,0 days 00:07:00,3 days 23:46:30,10 days 23:30:00,4,652.74,820.9285714285714,0,3,5,8
17524.0,38 days 11:06:00,,38 days 11:06:00,360 days 22:18:00,3,539.14,,0,2,4,6
17525.0,34 days 13:26:30,,34 days 13:26:30,359 days 00:45:00,3,1161.9,,0,2,6,8
17526.0,65 days 06:04:16.363636,49 days 04:29:48,78 days 15:23:00,4 days 01:45:00,12,3939.24,1.5988044580106113,3,6,9,18
17527.0,54 days 23:36:20,108 days 20:32:00,28 days 01:08:30,53 days 00:18:00,4,939.37,0.2576585944676942,0,3,6,9
17528.0,10 days 00:03:17.142857,7 days 06:47:00,12 days 01:00:30,0 days 23:23:00,8,3628.5,1.6535234099361114,3,5,9,17
17529.0,87 days 05:22:00,,87 days 05:22:00,609 days 18:59:00,2,1240.25,,0,1,7,8
17530.0,61 days 00:12:05,101 days 08:54:24,32 days 04:16:08.571428,0 days 18:08:00,13,3038.58,0.3174264998323907,10,7,9,26
17531.0,214 days 03:10:00,,214 days 03:10:00,189 days 17:33:00,3,1266.82,,0,2,7,9
17532.0,,,,385 days 04:37:00,1,65.34,,0,0,1,1
17533.0,,,,434 days 03:36:00,1,34.8,,0,0,1,1
17534.0,149 days 16:58:00,84 days 16:52:00,171 days 09:00:00,53 days 00:03:00,5,1668.83,2.023251237989047,0,3,7,10
17535.0,,,,279 days 21:30:00,1,164.4,,0,0,2,2
17536.0,252 days 12:41:30,,252 days 12:41:30,176 days 23:27:00,3,364.83000000000004,,0,2,3,5
17537.0,273 days 21:19:00,,273 days 21:19:00,29 days 01:54:00,2,887.6700000000001,,0,1,6,7
17538.0,,,,25 days 00:38:00,1,98.42,,0,0,1,1
17539.0,36 days 07:50:20,27 days 22:32:00,40 days 12:29:30,617 days 00:43:00,4,1176.84,1.4503256114535692,0,3,6,9
17540.0,115 days 00:25:48,53 days 00:23:00,156 days 08:27:40,24 days 00:54:00,6,1590.6000000000001,2.9491592767728103,0,4,7,11
17541.0,,,,509 days 01:14:00,1,119.86,,0,0,1,1
17542.0,185 days 23:48:30,,185 days 23:48:30,269 days 01:05:00,3,340.85,,0,2,3,5
17543.0,,,,549 days 00:09:00,1,120.05,,0,0,1,1
17544.0,0 days 00:10:30,,0 days 00:10:30,389 days 21:42:00,3,944.8199999999999,,0,2,6,8
17545.0,106 days 20:00:00,93 days 14:43:00,115 days 15:31:20,42 days 22:46:00,6,1409.8600000000001,1.2353681545168382,0,4,7,11
17547.0,289 days 19:07:00,,289 days 19:07:00,375 days 03:09:00,2,727.85,,0,1,5,6
17548.0,54 days 06:34:00,12 days 18:23:00,75 days 00:39:30,233 days 00:49:00,4,731.26,5.8771419246042536,0,3,5,8
17549.0,27 days 23:54:00,,27 days 23:54:00,23 days 02:51:00,2,148.85999999999999,,0,1,1,2
17550.0,59 days 02:52:45,30 days 15:33:40,76 days 04:52:12,196 days 22:41:00,9,2506.64,2.4863603749216394,2,5,8,15
17551.0,,,,358 days 22:38:00,1,290.34,,0,0,3,3
17552.0,51 days 13:47:21.818181,24 days 00:53:12,74 days 12:32:30,59 days 19:50:00,12,2786.77,3.100334554447436,1,6,8,15
17553.0,160 days 08:05:20,117 days 00:00:00,182 days 00:08:00,129 days 02:50:00,4,3757.6,1.5556030389363722,0,3,9,12
17554.0,36 days 16:33:30,25 days 14:15:00,40 days 09:19:40,0 days 22:35:00,5,1952.45,1.5780672002894225,0,3,8,11
17555.0,141 days 17:05:00,151 days 22:05:00,138 days 07:25:00,19 days 00:28:00,5,1045.74,0.9104061435787261,0,3,6,9
17556.0,173 days 17:48:00,,173 days 17:48:00,205 days 02:02:00,2,300.67,,0,1,3,4
17557.0,239 days 08:54:00,651 days 04:08:00,33 days 11:17:00,13 days 23:53:00,4,575.46,0.05139982595490184,0,3,4,7
17558.0,,,,392 days 22:14:00,1,259.17,,0,0,2,2
17559.0,,,,512 days 00:48:00,1,167.62,,0,0,2,2
17560.0,80 days 20:09:34.285714,88 days 08:52:40,75 days 04:37:15,94 days 03:32:00,8,1895.8,0.8508839369443469,8,5,8,21
17561.0,237 days 23:48:00,202 days 23:56:00,255 days 11:44:00,18 days 23:57:00,4,703.02,1.2585831771097031,0,3,5,8
17562.0,26 days 12:12:30,26 days 01:15:30,26 days 17:41:00,13 days 22:29:00,7,1122.38,1.026269142087937,0,4,6,10
17563.0,33 days 04:52:00,,33 days 04:52:00,577 days 21:56:00,2,392.38,,0,1,3,4
17564.0,27 days 23:43:30,,27 days 23:43:30,23 days 23:23:00,3,454.01,,0,2,4,6
17565.0,,,,586 days 00:56:00,1,131.83,,0,0,1,1
17566.0,17 days 06:12:00,,17 days 06:12:00,7 days 16:56:00,2,869.77,,0,1,6,7
17567.0,54 days 06:37:30,53 days 07:12:00,54 days 20:40:48,6 days 21:02:00,9,4838.08,1.0292995622263914,6,5,9,20
17568.0,,,,632 days 20:05:00,1,374.45,,0,0,3,3
17569.0,,,,331 days 22:35:00,1,344.14,,0,0,3,3
17570.0,,,,381 days 00:54:00,1,100.0,,0,0,1,1
17571.0,123 days 00:46:45,244 days 02:25:00,82 days 16:14:00,49 days 20:53:00,5,1630.9099999999999,0.3386978848096044,0,3,7,10
17572.0,72 days 14:12:33.333333,82 days 17:53:00,64 days 11:16:12,70 days 18:57:00,10,652.21,0.7791343902377615,8,6,5,19
17573.0,32 days 01:12:30,,32 days 01:12:30,28 days 23:49:00,3,380.6,,0,2,3,5
17574.0,,,,242 days 03:03:00,1,185.65,,0,0,2,2
17575.0,,,,666 days 23:02:00,1,171.7,,0,0,2,2
17576.0,18 days 04:49:33,17 days 16:25:28.421052,18 days 16:02:45.714285,7 days 18:54:00,41,8711.95,1.0556552859815584,6,8,10,24
17577.0,23 days 02:51:00,,23 days 02:51:00,644 days 23:49:00,2,348.75,,0,1,3,4
17578.0,51 days 21:07:10,11 days 01:27:30,72 days 06:57:00,217 days 18:12:00,7,1047.33,6.535677287709936,0,4,6,10
17579.0,191 days 07:20:00,398 days 23:44:00,87 days 11:08:00,4 days 00:22:00,4,753.28,0.2192138461110028,0,3,5,8
17580.0,42 days 11:33:15,45 days 20:40:00,41 days 08:31:00,252 days 00:09:00,5,541.02,0.9017413688673531,0,3,4,7
17581.0,17 days 12:33:58.571428,20 days 08:22:45,14 days 22:55:05.454545,0 days 00:29:00,43,17951.170000000002,0.7349170609954129,8,8,10,26
17582.0,96 days 18:13:45,51 days 00:31:00,112 days 00:08:00,235 days 23:32:00,5,1446.95,2.195260715112085,0,3,7,10
17583.0,,,,559 days 22:26:00,1,135.95,,0,0,1,1
17584.0,135 days 06:35:00,88 days 04:05:00,166 days 16:15:00,6 days 19:38:00,6,5309.42,1.8904028669318316,0,4,9,13
17585.0,61 days 11:28:30,16 days 11:05:00,83 days 23:40:15,108 days 23:20:00,7,2064.71,5.1018877873866275,0,4,8,12
17586.0,,,,618 days 23:38:00,1,167.4,,0,0,2,2
17587.0,,,,627 days 22:34:00,1,176.71,,0,0,2,2
17588.0,89 days 12:10:30,94 days 00:08:30,87 days 06:11:30,99 days 23:13:00,7,2939.55,0.9282181600593934,0,4,9,13
17589.0,34 days 05:50:00,18 days 11:29:45,48 days 06:08:00,59 days 19:52:00,18,13837.939999999999,2.611373650635575,2,7,10,19
17590.0,18 days 23:25:00,,18 days 23:25:00,1 days 23:55:00,3,1468.02,,0,2,7,9
17591.0,88 days 06:30:25.714285,130 days 23:00:40,56 days 06:07:45,72 days 23:08:00,8,2339.32,0.4295655086594243,10,5,8,23
17592.0,,,,738 days 02:01:00,1,148.3,,0,0,1,1
17593.0,73 days 04:23:30,49 days 16:42:45,88 days 20:10:40,3 days 02:20:00,11,8092.32,1.787671192997288,3,6,10,19
17594.0,173 days 02:33:40,155 days 10:24:00,181 days 22:38:30,84 days 20:16:00,4,2497.88,1.170555883193938,0,3,8,11
17595.0,24 days 23:49:00,,24 days 23:49:00,11 days 20:42:00,2,386.69,,0,1,3,4
17596.0,58 days 10:04:10,56 days 23:41:36,59 days 10:37:25.714285,22 days 22:39:00,13,4491.46,1.0430874924619635,6,7,9,22
17597.0,92 days 11:05:15,33 days 23:37:00,111 days 22:54:40,213 days 00:56:00,5,3484.09,3.294330806274734,0,3,9,12
17598.0,,,,380 days 19:07:00,1,409.98,,0,0,4,4
17599.0,,,,477 days 00:00:00,1,52.05,,0,0,1,1
17600.0,,,,17 days 03:07:00,1,161.67000000000002,,0,0,2,2
17601.0,141 days 03:33:00,,141 days 03:33:00,238 days 18:48:00,2,413.08,,0,1,4,5
17602.0,44 days 01:27:42.857142,19 days 00:25:10,62 days 20:14:37.500000,1 days 22:57:00,15,8121.4800000000005,3.304512479383608,1,7,10,18
17603.0,217 days 01:31:20,50 days 07:41:00,300 days 10:26:30,77 days 22:32:00,4,1788.38,5.970473772098094,0,3,7,10
17604.0,92 days 19:28:48,104 days 23:46:30,84 days 16:37:00,216 days 23:07:00,6,942.38,0.8066659390884768,0,4,6,10
17605.0,,,,589 days 22:05:00,1,160.75,,0,0,1,1
17606.0,,,,736 days 23:18:00,1,87.30000000000001,,0,0,1,1
17607.0,,,,375 days 23:39:00,1,333.81,,0,0,3,3
17608.0,191 days 07:49:40,158 days 02:38:00,207 days 22:25:30,32 days 23:44:00,4,488.06,1.3151270654169485,0,3,4,7
17609.0,56 days 21:09:24,51 days 04:46:30,60 days 16:04:40,40 days 00:22:00,11,1887.9,1.1849832375966127,5,6,8,19
17610.0,48 days 06:06:45,4 days 00:28:00,62 days 23:59:40,539 days 20:16:00,5,1511.94,15.673750287952085,0,3,7,10
17611.0,27 days 01:46:40,29 days 00:01:46.153846,25 days 06:49:47.142857,6 days 23:21:00,28,8337.53,0.871844904680417,7,8,10,25
17612.0,39 days 08:38:49.411764,33 days 05:54:07.500000,44 days 19:05:13.333333,52 days 21:51:00,18,5394.86,1.3473921919662588,4,7,9,20
17613.0,21 days 18:25:27.692307,18 days 12:07:40,24 days 13:32:08.571428,22 days 01:59:00,14,4544.55,1.327401130447944,4,7,9,20
17614.0,,,,56 days 20:49:00,1,386.32,,0,0,3,3
17615.0,71 days 00:14:24,48 days 21:54:00,85 days 17:48:00,129 days 22:44:00,6,721.8,1.7529602180764972,0,4,5,9
17616.0,92 days 15:49:20,83 days 23:21:00,97 days 00:03:30,173 days 02:39:00,4,734.4,1.1551632884279819,0,3,5,8
17617.0,,,,558 days 00:02:00,1,385.19,,0,0,3,3
17618.0,67 days 21:40:42,47 days 06:41:15,81 days 15:40:20,5 days 01:00:00,11,4001.64,1.7270589675326662,3,6,9,18
17619.0,,,,311 days 22:32:00,1,214.37,,0,0,2,2
17620.0,,,,59 days 00:42:00,1,81.44,,0,0,1,1
17621.0,82 days 01:30:48,13 days 12:18:30,127 days 18:19:00,20 days 19:39:00,6,3175.12,9.454942570085052,0,4,9,13
17622.0,0 days 22:58:00,,0 days 22:58:00,597 days 00:14:00,2,1130.21,,0,1,6,7
17623.0,115 days 11:29:20,94 days 00:01:00,126 days 05:13:30,32 days 01:18:00,7,2365.7700000000004,1.342731658306307,0,4,8,12
17624.0,234 days 23:25:40,282 days 01:32:00,211 days 10:22:30,14 days 01:58:00,4,1568.63,0.7495900751405808,0,3,7,10
17625.0,100 days 20:49:34.285714,92 days 17:00:40,106 days 23:41:15,17 days 23:14:00,8,5978.9,1.1540110910806938,5,5,10,20
17626.0,,,,602 days 00:35:00,1,254.0,,0,0,2,2
17627.0,,,,478 days 01:23:00,1,296.36,,0,0,3,3
17628.0,,,,80 days 21:29:00,1,75.75,,0,0,1,1
17629.0,46 days 05:02:20,51 days 17:43:15,41 days 18:53:36,5 days 01:54:00,10,2455.52,0.8076640951904782,8,6,8,22
17630.0,62 days 21:55:00,,62 days 21:55:00,169 days 00:52:00,2,503.6,,0,1,4,5
17631.0,121 days 11:15:20,30 days 23:31:30,166 days 17:07:15,1 days 03:03:00,7,998.49,5.381286215437724,0,4,6,10
17633.0,59 days 15:45:00,4 days 22:16:30,87 days 00:29:15,30 days 23:25:00,7,2057.39,17.657894736842106,0,4,8,12
17634.0,37 days 15:03:00,41 days 00:08:20,35 days 14:23:48,35 days 23:41:00,9,2358.59,0.8681667560473059,7,5,8,20
17635.0,83 days 02:10:30,,83 days 02:10:30,423 days 21:38:00,3,1265.58,,0,2,7,9
17636.0,,,,18 days 22:10:00,1,285.56,,0,0,2,2
17637.0,83 days 23:26:00,,83 days 23:26:00,30 days 23:59:00,2,547.06,,0,1,4,5
17638.0,74 days 04:34:00,,74 days 04:34:00,646 days 22:18:00,2,842.4,,0,1,5,6
17639.0,41 days 10:16:36,4 days 11:59:00,66 days 01:08:20,275 days 21:28:00,6,615.17,14.67947728558934,0,4,5,9
17640.0,107 days 23:59:36,48 days 02:14:00,147 days 22:30:00,86 days 03:37:00,6,3168.9399999999996,3.07606780835764,0,4,9,13
17642.0,153 days 16:17:30,113 days 17:47:00,166 days 23:47:40,119 days 03:39:00,5,1824.49,1.468173094730758,0,3,8,11
17643.0,132 days 01:31:00,,132 days 01:31:00,372 days 22:12:00,2,439.70000000000005,,0,1,4,5
17644.0,34 days 17:56:47.368421,44 days 13:26:40,25 days 21:59:54,0 days 23:07:00,20,6028.6,0.5816088311688312,9,7,10,26
17646.0,45 days 19:58:10.909090,37 days 14:16:24,52 days 16:43:00,218 days 23:33:00,12,3898.79,1.401700149991503,4,6,9,19
17647.0,302 days 00:29:30,,302 days 00:29:30,64 days 21:12:00,3,331.65999999999997,,0,2,3,5
17648.0,81 days 04:15:00,135 days 17:48:00,62 days 23:44:00,60 days 03:09:00,5,2216.37,0.4640350338674361,0,3,8,11
17649.0,167 days 01:26:00,,167 days 01:26:00,137 days 20:57:00,3,1578.8899999999999,,0,2,7,9
17650.0,,,,20 days 21:58:00,1,166.08,,0,0,2,2
17651.0,34 days 07:52:48,50 days 23:44:17.142857,19 days 18:00:15,11 days 02:21:00,16,5703.52,0.38734118722883915,10,7,10,27
17652.0,23 days 06:26:21.818181,27 days 09:35:48,19 days 19:48:30,24 days 23:55:00,12,4867.72,0.72355648599192,8,6,9,23
17653.0,27 days 23:07:20,20 days 20:53:00,31 days 12:14:30,36 days 00:04:00,4,1207.5600000000002,1.509815991747912,0,3,6,9
17654.0,,,,276 days 23:33:00,1,117.55,,0,0,1,1
17655.0,50 days 18:09:15,37 days 09:06:20,58 days 18:47:00,10 days 01:16:00,9,2976.38,1.5725945788616476,3,5,9,17
17656.0,13 days 18:34:45,14 days 02:21:00,13 days 15:59:20,72 days 23:46:00,5,1674.69,0.9693775347684022,0,3,7,10
17657.0,,,,429 days 21:58:00,1,126.0,,0,0,1,1
17658.0,185 days 20:44:00,,185 days 20:44:00,25 days 00:43:00,2,595.42,,0,1,4,5
17659.0,28 days 09:09:55.384615,33 days 15:16:20,23 days 21:04:25.714285,16 days 23:21:00,14,3586.99,0.7098891721383397,9,7,9,25
17660.0,595 days 21:35:00,,595 days 21:35:00,140 days 23:13:00,2,342.22,,0,1,3,4
17662.0,60 days 23:44:00,,60 days 23:44:00,661 days 03:12:00,2,412.92,,0,1,4,5
17663.0,38 days 17:49:37.500000,27 days 00:15:34.285714,47 days 20:49:26.666666,25 days 03:54:00,17,5175.83,1.7721669051970383,3,7,9,19
17664.0,200 days 14:04:00,145 days 19:57:00,227 days 23:07:30,18 days 01:21:00,4,1166.23,1.563200902870041,0,3,6,9
17665.0,,,,492 days 23:38:00,1,563.1,,0,0,4,4
17666.0,130 days 23:15:45,33 days 03:07:00,163 days 13:58:40,3 days 03:44:00,5,2047.8,4.9376122302108,0,3,8,11
17667.0,73 days 12:34:22.500000,73 days 00:47:20,73 days 19:38:36,65 days 22:18:00,9,3950.7,1.0107568256302655,6,5,9,20
17668.0,36 days 22:40:00,,36 days 22:40:00,0 days 23:25:00,2,347.75,,0,1,3,4
17669.0,63 days 20:13:53.333333,94 days 09:21:30,39 days 09:43:48,42 days 03:57:00,10,6142.35,0.4174747924353395,10,6,10,26
17670.0,,,,227 days 03:38:00,1,205.7,,0,0,2,2
17671.0,90 days 00:07:00,10 days 02:34:00,116 days 15:18:00,15 days 00:29:00,5,2009.1599999999999,11.540332554624158,0,3,8,11
17672.0,105 days 07:29:40,121 days 21:14:00,97 days 00:37:30,49 days 22:32:00,7,5778.63,0.7960476087377645,0,4,10,14
17673.0,52 days 09:54:00,43 days 04:48:36,58 days 23:49:17.142857,1 days 00:00:00,13,4173.88,1.3655553366300373,4,7,9,20
17674.0,294 days 03:15:00,,294 days 03:15:00,73 days 23:15:00,2,551.04,,0,1,4,5
17675.0,10 days 13:14:40.869565,9 days 11:47:00,11 days 13:58:42.857142,0 days 18:47:00,70,37642.48,1.2203639632472378,5,9,10,24
17676.0,68 days 08:29:40,63 days 06:45:00,72 days 09:53:24,3 days 21:34:00,10,2448.64,1.1442897119341564,6,6,8,20
17677.0,13 days 14:54:57.735849,13 days 15:35:25.384615,13 days 14:16:00,1 days 02:54:00,54,35058.46,0.9959592283205574,7,9,10,26
17678.0,339 days 21:58:00,,339 days 21:58:00,263 days 00:58:00,2,599.76,,0,1,4,5
17679.0,113 days 22:21:50,20 days 08:28:30,160 days 17:18:30,52 days 05:07:00,7,3577.61,7.896634082262825,0,4,9,13
17680.0,243 days 22:17:30,,243 days 22:17:30,23 days 00:08:00,3,497.45000000000005,,0,2,4,6
17681.0,24 days 01:22:15,10 days 22:11:00,28 days 10:26:00,596 days 19:28:00,5,731.2,2.602886021231962,0,3,5,8
17682.0,63 days 03:01:00,50 days 00:49:15,71 days 20:28:50,9 days 20:51:00,11,4065.2799999999997,1.4360848077298978,4,6,9,19
17683.0,84 days 08:28:00,,84 days 08:28:00,385 days 02:39:00,3,819.01,,0,2,5,7
17684.0,,,,43 days 01:40:00,1,239.41,,0,0,2,2
17685.0,59 days 01:59:16.363636,58 days 19:23:36,59 days 07:29:00,16 days 01:14:00,12,5454.95,1.008566003334766,6,6,9,21
17686.0,65 days 18:43:45,111 days 01:27:20,38 days 14:41:36,6 days 21:11:00,9,8296.81,0.34766789917087343,10,5,10,25
17687.0,,,,420 days 00:20:00,1,432.68,,0,0,4,4
17688.0,,,,393 days 02:09:00,1,304.2,,0,0,3,3
17689.0,85 days 23:28:00,,85 days 23:28:00,387 days 23:28:00,2,317.08000000000004,,0,1,3,4
17690.0,33 days 21:31:06.315789,38 days 15:47:13.333333,29 days 14:40:36,29 days 21:33:00,20,6963.8,0.765991157772953,8,7,10,25
17691.0,62 days 17:50:00,147 days 01:28:00,20 days 14:01:00,357 days 19:30:00,4,637.55,0.13996921159004194,0,3,5,8
17692.0,37 days 13:20:38.181818,23 days 05:45:00,49 days 11:40:20,126 days 22:49:00,12,2975.7999999999997,2.1293988744459384,2,6,9,17
17693.0,,,,136 days 21:02:00,1,200.47,,0,0,2,2
17694.0,210 days 13:46:30,,210 days 13:46:30,141 days 00:50:00,3,1695.97,,0,2,7,9
17695.0,137 days 06:18:15,217 days 02:07:00,110 days 15:42:00,131 days 02:10:00,5,1746.04,0.509719871915856,0,3,7,10
17696.0,26 days 13:42:50.769230,23 days 21:51:05,28 days 20:27:12.857142,37 days 23:07:00,27,7679.59,1.2066775211071392,5,8,10,23
17697.0,,,,235 days 21:10:00,1,338.95,,0,0,3,3
17698.0,,,,260 days 01:16:00,1,154.95,,0,0,1,1
17699.0,84 days 21:46:00,,84 days 21:46:00,476 days 03:11:00,2,442.0,,0,1,4,5
17700.0,55 days 12:56:27.692307,43 days 03:30:10,66 days 03:53:17.142857,16 days 00:59:00,14,6679.97,1.533446485431661,4,7,10,21
17701.0,,,,252 days 00:25:00,1,417.95,,0,0,4,4
17702.0,74 days 00:46:48,97 days 02:07:00,58 days 15:53:20,29 days 20:47:00,6,3144.04,0.6042139044063125,0,4,9,13
17703.0,127 days 15:51:40,279 days 21:14:00,51 days 13:10:30,34 days 20:59:00,4,1094.84,0.18417925038582353,0,3,6,9
17704.0,71 days 00:12:00,,71 days 00:12:00,168 days 03:10:00,2,885.19,,0,1,6,7
17705.0,57 days 07:35:48,90 days 06:53:00,35 days 08:04:20,2 days 23:05:00,11,2083.9,0.39137881083686504,10,6,8,24
17706.0,22 days 20:02:42,23 days 01:37:47.142857,22 days 15:09:30,3 days 23:16:00,31,20272.15,0.9810858640703081,7,8,10,25
17707.0,78 days 03:49:08.571428,70 days 09:18:00,83 days 23:42:30,184 days 21:47:00,8,609.3000000000001,1.1932210580319265,5,5,4,14
17708.0,78 days 15:19:40,20 days 20:44:00,107 days 12:37:30,187 days 02:38:00,4,884.1800000000001,5.153691252829184,0,3,6,9
17709.0,108 days 11:16:45,11 days 23:22:00,140 days 15:15:00,169 days 00:55:00,5,671.01,11.7454471639021,0,3,5,8
17710.0,,,,423 days 05:01:00,1,293.5,,0,0,3,3
17711.0,279 days 00:08:00,,279 days 00:08:00,10 days 01:10:00,2,385.1,,0,1,3,4
17712.0,,,,44 days 00:22:00,1,522.91,,0,0,4,4
17713.0,55 days 10:25:40,69 days 04:16:00,48 days 13:30:30,381 days 20:00:00,4,1198.0900000000001,0.7020006826212657,0,3,6,9
17714.0,48 days 05:57:45,14 days 01:11:00,59 days 15:33:20,320 days 02:18:00,5,1410.18,4.245629644275287,0,3,7,10
17715.0,392 days 00:15:00,,392 days 00:15:00,200 days 00:18:00,2,489.59999999999997,,0,1,4,5
17716.0,31 days 01:51:23.478260,30 days 23:24:10.909090,31 days 04:06:20,22 days 00:50:00,24,15956.97,1.006325674043678,6,7,10,23
17717.0,,,,420 days 23:56:00,1,376.92,,0,0,3,3
17718.0,412 days 05:38:00,,412 days 05:38:00,231 days 23:11:00,2,439.17999999999995,,0,1,4,5
17719.0,15 days 13:39:04.285714,16 days 12:25:20,14 days 20:34:22.500000,37 days 02:14:00,15,5396.04,0.8994776192611693,7,7,9,23
17720.0,61 days 08:34:00,39 days 06:19:15,79 days 00:45:48,25 days 21:46:00,10,2666.91,2.012863630133049,2,6,8,16
17721.0,,,,658 days 21:32:00,1,307.21000000000004,,0,0,3,3
17722.0,69 days 19:24:30,9 days 02:57:00,90 days 00:53:40,95 days 21:28:00,5,3520.2200000000003,9.869351196366496,0,3,9,12
17723.0,41 days 09:20:20,87 days 13:26:30,18 days 07:17:15,126 days 18:13:00,7,3378.4000000000005,0.20904101549333196,0,4,9,13
17724.0,33 days 13:00:00,,33 days 13:00:00,70 days 21:24:00,3,1033.0,,0,2,6,8
17725.0,25 days 02:04:42,21 days 22:12:45,27 days 04:39:20,15 days 20:16:00,11,3439.08,1.2402889622644,5,6,9,20
17726.0,47 days 19:46:30,84 days 22:47:00,29 days 06:16:15,394 days 23:13:00,7,1092.0600000000002,0.3444558437630286,0,4,6,10
17727.0,,,,14 days 19:44:00,1,1060.25,,0,0,6,6
17728.0,112 days 10:28:30,49 days 00:52:00,133 days 13:40:40,3 days 03:58:00,5,4238.76,2.7239090617269963,0,3,9,12
17729.0,,,,595 days 21:47:00,1,438.65000000000003,,0,0,4,4
17730.0,30 days 20:25:00,34 days 21:41:00,27 days 04:52:36,2 days 21:07:00,20,7773.8,0.7793836175165635,8,7,10,25
17731.0,117 days 19:41:00,242 days 12:50:30,34 days 16:14:40,78 days 21:48:00,6,1708.99,0.1429766504748502,0,4,7,11
17732.0,16 days 10:24:00,19 days 02:43:00,14 days 10:09:45,372 days 03:21:00,8,2166.42,0.7546324891908586,8,5,8,21
17733.0,222 days 22:22:00,,222 days 22:22:00,38 days 04:34:00,2,692.19,,0,1,5,6
17734.0,117 days 18:55:36,58 days 10:03:00,157 days 08:50:40,53 days 00:17:00,6,1442.3200000000002,2.693801536638811,0,4,7,11
17735.0,19 days 19:20:04.800000,21 days 11:47:25,18 days 05:59:27.692307,1 days 20:03:00,26,16790.33,0.8491649503900434,8,8,10,26
17736.0,52 days 00:31:30,,52 days 00:31:30,8 days 21:14:00,3,377.44,,0,2,3,5
17737.0,49 days 00:34:00,,49 days 00:34:00,8 days 21:34:00,2,168.24,,0,1,2,3
17738.0,50 days 22:24:50,12 days 14:15:00,78 days 07:40:25.714285,18 days 21:45:00,13,4183.5599999999995,6.218937335065711,1,7,9,17
17739.0,42 days 09:47:17.647058,37 days 00:18:07.500000,47 days 04:53:13.333333,11 days 03:38:00,18,7730.59,1.2753398402329663,5,7,10,22
17740.0,61 days 15:04:24,39 days 11:10:00,76 days 09:40:40,388 days 20:17:00,6,426.9,1.935961053434219,0,4,4,8
17741.0,153 days 23:48:00,,153 days 23:48:00,406 days 00:51:00,2,101.10000000000001,,0,1,1,2
17742.0,62 days 12:13:12,45 days 18:18:45,73 days 16:09:30,112 days 21:22:00,11,2098.48,1.6098863787249378,3,6,8,17
17743.0,,,,447 days 21:56:00,1,229.2,,0,0,2,2
17744.0,62 days 20:26:10,25 days 02:40:30,81 days 17:19:00,3 days 00:39:00,7,2649.14,3.2543521245558,0,4,8,12
17745.0,78 days 03:27:00,,78 days 03:27:00,477 days 00:20:00,2,600.34,,0,1,4,5
17746.0,123 days 08:32:20,139 days 00:35:00,115 days 12:31:00,239 days 22:19:00,4,904.1800000000001,0.8309448287919279,0,3,6,9
17747.0,,,,112 days 04:37:00,1,71.4,,0,0,1,1
17748.0,,,,526 days 23:01:00,1,358.15,,0,0,3,3
17749.0,184 days 00:24:30,,184 days 00:24:30,177 days 21:05:00,3,1026.18,,0,2,6,8
17750.0,19 days 20:48:07.500000,17 days 01:27:00,21 days 13:12:48,4 days 22:41:00,9,1710.45,1.2631904587454716,5,5,7,17
17751.0,,,,420 days 22:53:00,1,157.85999999999999,,0,0,1,1
17752.0,,,,358 days 20:31:00,1,80.64,,0,0,1,1
17753.0,79 days 08:29:40,222 days 23:15:00,7 days 13:07:00,463 days 21:01:00,4,382.05999999999995,0.03384567468659971,0,3,3,6
17754.0,60 days 15:37:20,48 days 09:10:24,69 days 09:56:34.285714,0 days 01:30:00,13,4451.22,1.4347064381511612,4,7,9,20
17756.0,9 days 11:43:00,,9 days 11:43:00,375 days 00:30:00,3,728.75,,0,2,5,7
17757.0,12 days 14:49:43.636363,12 days 02:35:00,13 days 02:38:12.857142,0 days 21:19:00,56,9074.05,1.0827768446056782,6,9,10,25
17758.0,45 days 18:07:15,72 days 00:23:00,26 days 23:56:00,18 days 22:05:00,13,5406.37,0.3748782581024657,10,7,9,26
17759.0,141 days 13:05:30,190 days 03:29:00,125 days 08:17:40,16 days 20:48:00,5,1261.88,0.6592101306628586,0,3,7,10
17760.0,125 days 14:08:12,10 days 23:34:30,201 days 23:50:40,21 days 01:54:00,6,746.39,18.392656528291546,0,4,5,9
17761.0,,,,32 days 02:27:00,1,712.78,,0,0,5,5
17762.0,,,,455 days 19:10:00,1,129.75,,0,0,1,1
17763.0,131 days 23:57:40,5 days 23:00:00,195 days 00:26:30,262 days 22:25:00,4,86.15,32.730361305361306,0,3,1,4
17764.0,171 days 11:08:45,196 days 02:32:00,163 days 06:01:00,50 days 01:47:00,5,1513.57,0.832463384231848,0,3,7,10
17765.0,96 days 15:58:40,191 days 23:13:00,49 days 00:21:30,158 days 00:09:00,4,524.0,0.255329501181118,0,3,4,7
17766.0,0 days 00:12:00,,0 days 00:12:00,380 days 22:21:00,2,299.61,,0,1,3,4
17767.0,394 days 22:20:00,,394 days 22:20:00,14 days 22:08:00,2,413.04999999999995,,0,1,4,5
17768.0,121 days 12:09:20,28 days 13:44:00,167 days 23:22:00,7 days 23:28:00,7,3292.73,5.878913085747618,0,4,9,13
17769.0,42 days 07:29:03.750000,52 days 17:06:00,34 days 05:20:20,12 days 01:32:00,17,7053.38,0.6492284316566982,9,7,10,26
17770.0,20 days 23:44:45,6 days 23:03:00,25 days 15:58:40,198 days 00:16:00,5,1143.27,3.687385679603578,0,3,6,9
17771.0,177 days 15:27:20,153 days 03:14:00,189 days 21:34:00,56 days 01:07:00,4,387.40999999999997,1.2400754600614927,0,3,3,6
17772.0,190 days 23:47:00,,190 days 23:47:00,10 days 01:45:00,3,360.75,,0,2,3,5
17773.0,175 days 23:35:00,,175 days 23:35:00,513 days 22:43:00,2,575.37,,0,1,4,5
17774.0,71 days 14:35:22.500000,65 days 14:56:20,75 days 04:46:48,96 days 00:01:00,9,3273.83,1.145936526637718,6,5,9,20
17775.0,,,,254 days 02:00:00,1,56.4,,0,0,1,1
17776.0,336 days 21:15:00,,336 days 21:15:00,386 days 00:36:00,2,330.56,,0,1,3,4
17777.0,37 days 22:43:30,,37 days 22:43:30,24 days 00:48:00,3,647.56,,0,2,5,7
17778.0,,,,661 days 00:06:00,1,197.70000000000002,,0,0,2,2
17779.0,61 days 00:58:00,,61 days 00:58:00,20 days 22:35:00,3,650.3199999999999,,0,2,5,7
17780.0,8 days 13:11:00,,8 days 13:11:00,666 days 23:07:00,3,346.56,,0,2,3,5
17781.0,93 days 20:06:00,,93 days 20:06:00,158 days 20:50:00,2,188.01999999999998,,0,1,2,3
17782.0,0 days 01:12:00,,0 days 01:12:00,382 days 01:35:00,2,679.02,,0,1,5,6
17783.0,220 days 01:38:30,,220 days 01:38:30,71 days 20:43:00,3,376.96,,0,2,3,5
17784.0,,,,549 days 20:42:00,1,112.86,,0,0,1,1
17785.0,256 days 00:21:00,,256 days 00:21:00,52 days 23:07:00,3,403.38,,0,2,3,5
17786.0,231 days 22:16:00,,231 days 22:16:00,84 days 23:59:00,2,266.85,,0,1,2,3
17787.0,72 days 23:13:40,47 days 22:37:00,85 days 11:32:00,152 days 01:26:00,4,1817.54,1.7829859350782913,0,3,7,10
17788.0,55 days 23:31:00,,55 days 23:31:00,73 days 02:41:00,2,1117.9,,0,1,6,7
17789.0,379 days 23:58:00,,379 days 23:58:00,280 days 23:36:00,2,397.15,,0,1,3,4
17790.0,27 days 06:12:37.894736,20 days 07:42:26.666666,33 days 12:03:48,26 days 01:20:00,20,2779.41,1.6486592598786647,3,7,8,18
17791.0,,,,29 days 00:41:00,1,106.1,,0,0,1,1
17792.0,11 days 01:22:00,,11 days 01:22:00,466 days 22:20:00,2,368.35,,0,1,3,4
17793.0,,,,24 days 22:26:00,1,300.34,,0,0,3,3
17794.0,1 days 22:01:00,,1 days 22:01:00,686 days 02:32:00,2,147.3,,0,1,1,2
17795.0,85 days 00:34:00,,85 days 00:34:00,179 days 00:14:00,2,342.83000000000004,,0,1,3,4
17796.0,63 days 12:20:10,21 days 11:11:30,84 days 12:54:30,39 days 21:12:00,7,1236.39,3.93816217265419,0,4,7,11
17797.0,100 days 06:41:34.285714,51 days 23:08:40,136 days 12:21:15,21 days 23:29:00,8,1971.8700000000001,2.6270847625241665,2,5,8,15
17798.0,,,,581 days 01:08:00,1,178.07,,0,0,2,2
17799.0,35 days 04:45:39,37 days 10:26:06.666666,33 days 08:50:43.636363,21 days 21:34:00,21,6861.3099999999995,0.8913781069030292,7,7,10,24
17800.0,37 days 02:53:22.500000,57 days 15:02:40,24 days 19:35:48,36 days 23:53:00,9,1187.21,0.43064174044378745,10,5,6,21
17801.0,120 days 01:30:30,,120 days 01:30:30,450 days 22:18:00,3,770.03,,0,2,5,7
17802.0,71 days 13:28:33.333333,59 days 12:11:45,81 days 04:54:00,81 days 21:54:00,10,4946.22,1.3645887731316024,4,6,9,19
17803.0,,,,391 days 22:57:00,1,184.66,,0,0,2,2
17804.0,181 days 00:49:30,,181 days 00:49:30,375 days 22:49:00,3,383.78,,0,2,3,5
17805.0,536 days 21:13:00,,536 days 21:13:00,73 days 01:01:00,2,927.03,,0,1,6,7
17806.0,,,,10 days 22:38:00,1,546.04,,0,0,4,4
17807.0,154 days 13:10:30,,154 days 13:10:30,394 days 20:29:00,3,437.87,,0,2,4,6
17808.0,10 days 22:06:00,22 days 22:19:00,4 days 21:59:30,548 days 02:06:00,4,262.64,0.21440685665828765,0,3,2,5
17809.0,37 days 22:38:15.789473,40 days 15:45:26.666666,35 days 12:01:48,15 days 23:51:00,20,10085.89,0.8731985978605173,7,7,10,24
17810.0,15 days 00:21:00,,15 days 00:21:00,668 days 02:03:00,2,373.15999999999997,,0,1,3,4
17811.0,9 days 14:08:18.260869,10 days 06:47:35.454545,8 days 22:52:17.500000,3 days 23:04:00,47,9519.800000000001,0.8706542303757341,7,8,10,25
17812.0,86 days 07:42:10,78 days 01:31:30,90 days 10:47:30,12 days 01:03:00,7,911.99,1.15866704029392,0,4,6,10
17813.0,14 days 06:04:00,7 days 00:04:00,16 days 16:04:00,13 days 20:37:00,5,1698.07,2.3804046013486713,0,3,7,10
17814.0,47 days 00:18:00,,47 days 00:18:00,374 days 22:29:00,2,1609.37,,0,1,7,8
17815.0,,,,392 days 22:11:00,1,591.96,,0,0,4,4
17816.0,137 days 13:37:24,179 days 11:21:30,109 days 15:08:00,36 days 01:16:00,6,96.11,0.6108461682817968,0,4,1,5
17817.0,83 days 14:18:24,21 days 23:31:00,124 days 16:10:00,3 days 22:11:00,6,788.15,5.672174654829231,0,4,5,9
17818.0,,,,737 days 01:16:00,1,124.78,,0,0,1,1
17819.0,59 days 12:40:43.636363,70 days 23:48:24,49 days 23:24:20,71 days 01:58:00,12,6021.05,0.7039563695933159,9,6,10,25
17820.0,,,,373 days 19:07:00,1,180.60999999999999,,0,0,2,2
17821.0,,,,405 days 23:30:00,1,334.62,,0,0,3,3
17822.0,35 days 00:23:00,0 days 01:08:00,46 days 16:08:00,419 days 23:03:00,5,2162.93,988.3529411764706,0,3,8,11
17823.0,0 days 00:10:00,,0 days 00:10:00,420 days 20:26:00,2,449.25,,0,1,4,5
17824.0,,,,50 days 22:36:00,1,298.4,,0,0,3,3
17825.0,42 days 07:57:20,0 days 00:04:00,63 days 11:54:00,598 days 00:49:00,4,701.96,22858.5,0,3,5,8
17826.0,,,,373 days 23:27:00,1,133.34,,0,0,1,1
17827.0,123 days 05:20:00,128 days 11:20:30,119 days 17:19:40,4 days 21:50:00,6,2376.17,0.9318875714750321,0,4,8,12
17828.0,54 days 00:03:20,14 days 00:31:00,73 days 23:49:30,22 days 04:09:00,4,1820.09,5.277078896538062,0,3,8,11
17829.0,89 days 05:16:45,178 days 00:06:00,59 days 15:00:20,298 days 00:04:00,5,4756.74,0.3349653696204573,0,3,9,12
17830.0,143 days 13:06:30,,143 days 13:06:30,1 days 00:22:00,3,398.7,,0,2,3,5
17831.0,,,,32 days 21:41:00,1,35.400000000000006,,0,0,1,1
17832.0,,,,49 days 01:07:00,1,155.37,,0,0,1,1
17833.0,,,,722 days 23:10:00,1,338.46000000000004,,0,0,3,3
17834.0,30 days 20:37:00,,30 days 20:37:00,414 days 00:41:00,2,689.6700000000001,,0,1,5,6
17835.0,10 days 09:39:00,,10 days 09:39:00,2 days 01:02:00,3,342.24,,0,2,3,5
17836.0,,,,46 days 20:37:00,1,110.21000000000001,,0,0,1,1
17837.0,17 days 06:47:00,29 days 07:08:00,8 days 06:31:15,41 days 20:37:00,8,1541.23,0.28233739451976864,10,5,7,22
17838.0,50 days 08:07:15,23 days 00:22:24,69 days 20:30:42.857142,26 days 01:30:00,13,5604.64,3.035106518710172,1,7,10,18
17839.0,,,,41 days 19:23:00,1,318.15,,0,0,3,3
17840.0,,,,443 days 00:26:00,1,175.9,,0,0,2,2
17841.0,3 days 12:05:50.285714,4 days 05:04:28.269230,2 days 19:26:25.471698,1 days 00:43:00,211,68545.25,0.6672345247684569,9,10,10,29
17842.0,,,,601 days 22:27:00,1,430.69,,0,0,4,4
17843.0,108 days 04:37:00,,108 days 04:37:00,302 days 21:17:00,2,320.4,,0,1,3,4
17844.0,,,,106 days 01:23:00,1,51.559999999999995,,0,0,1,1
17845.0,7 days 00:45:20,0 days 00:08:00,10 days 13:04:00,554 days 21:30:00,4,596.0899999999999,1898.0,0,3,4,7
17846.0,,,,84 days 21:30:00,1,2033.1,,0,0,8,8
17847.0,129 days 21:03:00,,129 days 21:03:00,515 days 02:50:00,2,129.69,,0,1,1,2
17848.0,22 days 11:42:24.827586,14 days 19:03:42.857142,29 days 16:02:32,80 days 20:01:00,30,3559.11,2.005403037253959,2,8,9,19
17849.0,59 days 13:29:51.428571,51 days 14:44:40,65 days 12:33:45,217 days 23:04:00,8,1063.76,1.2694809708755281,5,5,6,16
17850.0,2 days 08:26:05.844155,2 days 18:56:11.842105,1 days 22:12:09.230769,371 days 21:23:00,155,51208.87,0.6902434297552675,9,10,10,29
17851.0,62 days 18:41:24,8 days 09:10:00,99 days 01:02:20,421 days 21:37:00,6,1552.35,11.81626622479978,0,4,7,11
17852.0,179 days 23:56:15,6 days 22:15:00,237 days 16:30:00,11 days 00:14:00,5,657.8100000000001,34.31278195488722,0,3,5,8
17853.0,164 days 12:10:00,,164 days 12:10:00,406 days 21:21:00,3,1596.29,,0,2,7,9
17854.0,109 days 05:49:36,108 days 12:44:00,109 days 17:13:20,184 days 20:29:00,6,1068.5,1.010937353365241,0,4,6,10
17855.0,,,,372 days 03:06:00,1,208.97,,0,0,2,2
17856.0,93 days 07:20:00,16 days 23:57:00,131 days 11:01:30,1 days 03:10:00,4,1418.03,7.733852187768109,0,3,7,10
17857.0,27 days 16:44:31.304347,42 days 15:17:54.545454,14 days 00:03:55,3 days 23:37:00,24,27347.04,0.32841373534095203,10,7,10,27
17858.0,25 days 02:21:12.413793,22 days 23:53:55.714285,27 days 01:26:40,5 days 00:54:00,30,12518.65,1.1767455070342205,5,8,10,23
17859.0,,,,304 days 02:18:00,1,141.92000000000002,,0,0,1,1
17860.0,119 days 22:37:40,0 days 00:06:00,179 days 21:53:30,368 days 00:09:00,4,717.39,43178.916666666664,0,3,5,8
17861.0,42 days 17:13:45.882352,42 days 00:44:15,43 days 07:53:20,2 days 20:29:00,18,5088.29,1.0308815612474889,6,7,9,22
17862.0,79 days 22:20:20,170 days 00:33:00,34 days 21:14:00,323 days 00:27:00,4,1254.89,0.20517658975709974,0,3,7,10
17863.0,53 days 21:58:32.727272,47 days 18:37:36,59 days 00:46:00,58 days 23:05:00,12,5360.48,1.2355954277474797,5,6,9,20
17864.0,103 days 17:51:30,42 days 00:15:00,124 days 07:43:40,12 days 01:35:00,5,876.5699999999999,2.9593134418822493,0,3,6,9
17865.0,15 days 17:37:45.333333,14 days 16:18:57.272727,16 days 17:50:31.304347,30 days 00:42:00,46,26312.190000000002,1.1405730442949589,6,8,10,24
17866.0,291 days 09:33:00,,291 days 09:33:00,142 days 01:43:00,3,1134.95,,0,2,6,8
17867.0,50 days 12:02:34.285714,45 days 15:44:10,54 days 03:16:22.500000,29 days 22:35:00,15,1582.05,1.185753488902691,5,7,7,19
17868.0,,,,385 days 17:55:00,1,227.15,,0,0,2,2
17869.0,73 days 08:24:50,89 days 13:44:30,65 days 05:45:00,106 days 20:34:00,7,813.64,0.7283433280743035,0,4,5,9
17870.0,31 days 14:17:20,49 days 05:53:48,18 days 23:42:42.857142,1 days 21:43:00,13,2753.29,0.38557677469970586,10,7,8,25
17871.0,122 days 05:11:00,115 days 02:15:00,124 days 14:09:40,204 days 01:18:00,5,1068.95,1.082509226576563,0,3,6,9
17872.0,,,,381 days 00:48:00,1,235.87,,0,0,2,2
17873.0,37 days 19:51:10.588235,30 days 15:05:52.500000,44 days 05:24:46.666666,79 days 20:09:00,18,6265.33,1.4439069121237629,4,7,10,21
17874.0,14 days 00:17:48,15 days 00:59:00,13 days 07:50:20,184 days 23:56:00,6,683.46,0.8860212075041938,0,4,5,9
17875.0,,,,687 days 21:20:00,1,167.1,,0,0,2,2
17876.0,137 days 22:56:00,,137 days 22:56:00,399 days 01:58:00,3,3424.02,,0,2,9,11
17877.0,,,,169 days 23:50:00,1,237.61,,0,0,2,2
17878.0,175 days 22:47:00,,175 days 22:47:00,43 days 01:26:00,3,1378.93,,0,2,7,9
17879.0,,,,173 days 00:14:00,1,178.51999999999998,,0,0,2,2
17880.0,182 days 21:04:00,,182 days 21:04:00,364 days 02:29:00,3,824.9200000000001,,0,2,5,7
17881.0,,,,303 days 19:34:00,1,133.35000000000002,,0,0,1,1
17882.0,0 days 00:05:00,,0 days 00:05:00,378 days 22:10:00,2,291.56,,0,1,3,4
17883.0,108 days 03:37:00,56 days 10:16:30,134 days 00:17:15,2 days 19:01:00,7,988.4200000000001,2.3749146222148383,0,4,6,10
17884.0,36 days 14:09:30,22 days 23:31:53.333333,47 days 17:23:54.545454,3 days 01:17:00,21,2796.47,2.0767599372058405,2,7,8,17
17885.0,,,,11 days 22:10:00,1,156.34,,0,0,1,1
17886.0,111 days 14:11:48,76 days 01:47:00,135 days 06:28:20,31 days 02:41:00,6,1572.55,1.778125675128788,0,4,7,11
17887.0,,,,128 days 19:21:00,1,111.35,,0,0,1,1
17888.0,29 days 00:52:57.500000,21 days 01:54:32.727272,35 days 18:28:32.307692,20 days 23:05:00,25,1807.44,1.6968970442560434,3,8,7,18
17889.0,67 days 16:55:20,122 days 00:47:00,40 days 12:59:30,211 days 20:24:00,7,746.42,0.3322170184433809,0,4,5,9
17890.0,38 days 20:07:00,,38 days 20:07:00,322 days 01:31:00,2,586.89,,0,1,4,5
17891.0,,,,161 days 16:42:00,1,203.85999999999999,,0,0,2,2
17892.0,49 days 13:56:30,,49 days 13:56:30,55 days 20:01:00,3,244.1,,0,2,2,4
17893.0,,,,224 days 23:00:00,1,107.21,,0,0,1,1
17894.0,23 days 09:35:52.941176,10 days 21:06:52.500000,34 days 12:41:40,71 days 03:27:00,18,2304.58,3.1736812010478586,1,7,8,16
17895.0,,,,43 days 19:50:00,1,95.45,,0,0,1,1
17896.0,,,,22 days 22:51:00,1,256.32,,0,0,2,2
17897.0,50 days 11:25:00,8 days 14:31:40,75 days 14:21:00,172 days 01:27:00,9,2099.89,8.785016812373907,1,5,8,14
17898.0,160 days 15:11:20,114 days 18:39:00,183 days 13:27:30,84 days 21:54:00,4,299.18,1.5992806103618729,0,3,3,6
17899.0,,,,158 days 21:52:00,1,154.55,,0,0,1,1
17900.0,0 days 00:10:00,,0 days 00:10:00,189 days 22:12:00,2,112.19999999999999,,0,1,1,2
17901.0,246 days 03:17:30,,246 days 03:17:30,28 days 19:21:00,3,260.08,,0,2,2,4
17902.0,,,,546 days 00:25:00,1,216.39999999999998,,0,0,2,2
17903.0,,,,393 days 21:11:00,1,381.09000000000003,,0,0,3,3
17904.0,,,,20 days 23:53:00,1,181.07,,0,0,2,2
17905.0,50 days 17:58:15,8 days 23:06:48,80 days 14:17:51.428571,70 days 19:17:00,13,2178.87,8.991993146469303,1,7,8,16
17906.0,,,,246 days 19:25:00,1,72.9,,0,0,1,1
17907.0,,,,640 days 00:17:00,1,291.76,,0,0,3,3
17908.0,87 days 23:50:15,126 days 23:28:00,74 days 23:57:40,373 days 01:05:00,5,1142.47,0.5906417716719169,0,3,6,9
17909.0,,,,736 days 23:40:00,1,110.05,,0,0,1,1
17910.0,,,,725 days 20:46:00,1,261.7,,0,0,2,2
17911.0,,,,8 days 21:58:00,1,366.23,,0,0,3,3
17912.0,13 days 00:06:24,5 days 12:58:00,17 days 23:32:00,309 days 22:25:00,6,374.55,3.2454249185259463,0,4,3,7
17913.0,52 days 03:31:00,32 days 04:16:10,69 days 06:18:00,58 days 02:05:00,14,3429.29,2.152487078128316,2,7,9,18
17914.0,,,,3 days 00:52:00,1,329.36,,0,0,3,3
17915.0,,,,550 days 23:28:00,1,225.78,,0,0,2,2
17916.0,104 days 22:16:00,,104 days 22:16:00,628 days 00:24:00,2,43.870000000000005,,0,1,1,2
17917.0,158 days 12:36:00,,158 days 12:36:00,44 days 23:30:00,3,335.03,,0,2,3,5
17918.0,2 days 10:45:30,,2 days 10:45:30,500 days 00:59:00,3,396.39,,0,2,3,5
17919.0,350 days 03:01:00,,350 days 03:01:00,87 days 23:09:00,2,1840.32,,0,1,8,9
17920.0,13 days 18:11:10.188679,7 days 00:10:57.692307,20 days 06:11:22.222222,3 days 22:21:00,54,23581.78,2.8908414980290837,1,9,10,20
17921.0,49 days 18:32:20,32 days 04:41:45,63 days 20:00:48,63 days 17:54:00,10,2394.36,1.9826861583093822,2,6,8,16
17922.0,,,,542 days 20:18:00,1,170.4,,0,0,2,2
17923.0,131 days 00:38:30,,131 days 00:38:30,281 days 21:35:00,3,497.0,,0,2,4,6
17924.0,57 days 13:16:17.142857,115 days 15:17:00,13 days 23:45:45,11 days 03:39:00,8,3257.7000000000003,0.12098314286229034,10,5,9,24
17925.0,,,,372 days 02:40:00,1,244.08,,0,0,2,2
17926.0,111 days 12:08:00,114 days 23:37:00,110 days 08:18:20,132 days 22:11:00,5,1035.49,0.9596642850959574,0,3,6,9
17927.0,,,,721 days 01:47:00,1,294.0,,0,0,3,3
17928.0,262 days 23:11:00,,262 days 23:11:00,44 days 22:58:00,3,341.24,,0,2,3,5
17929.0,65 days 09:07:21.818181,59 days 00:08:24,70 days 16:36:30,10 days 20:49:00,12,3082.1,1.1980512755330217,5,6,9,20
17930.0,50 days 19:58:30,31 days 14:02:24,64 days 13:55:42.857142,35 days 02:27:00,13,4275.22,2.0446527510795383,2,7,9,18
17931.0,40 days 13:08:09.230769,19 days 23:46:50,58 days 04:00:42.857142,133 days 18:17:00,14,3402.24,2.90968837439686,1,7,9,17
17932.0,91 days 02:55:30,,91 days 02:55:30,28 days 17:01:00,3,1331.57,,0,2,7,9
17933.0,,,,631 days 21:39:00,1,114.69,,0,0,1,1
17934.0,177 days 11:26:30,,177 days 11:26:30,51 days 01:34:00,3,1049.15,,0,2,6,8
17935.0,99 days 11:47:30,157 days 01:20:00,70 days 17:01:15,137 days 23:32:00,7,686.14,0.4502177661832331,0,4,5,9
17936.0,,,,4 days 23:18:00,1,380.13,,0,0,3,3
17937.0,58 days 23:30:20,31 days 21:22:00,72 days 12:34:30,8 days 01:05:00,7,4301.22,2.2741714211053528,0,4,9,13
17938.0,,,,419 days 22:23:00,1,144.29,,0,0,1,1
17939.0,,,,159 days 00:23:00,1,99.14,,0,0,1,1
17940.0,45 days 19:15:44,65 days 16:48:42.857142,28 days 09:24:22.500000,48 days 23:23:00,16,30306.79,0.43214174623002594,10,7,10,27
17941.0,190 days 13:37:40,43 days 03:34:00,264 days 06:39:30,130 days 04:20:00,4,1433.28,6.124818939710948,0,3,7,10
17942.0,,,,7 days 02:05:00,1,77.50000000000001,,0,0,1,1
17944.0,,,,422 days 20:25:00,1,74.99,,0,0,1,1
17945.0,0 days 00:03:30,,0 days 00:03:30,696 days 01:10:00,3,360.35,,0,2,3,5
17946.0,26 days 02:26:00,,26 days 02:26:00,232 days 19:50:00,2,149.57999999999998,,0,1,1,2
17947.0,,,,36 days 23:45:00,1,176.68,,0,0,2,2
17948.0,,,,146 days 23:52:00,1,358.56000000000006,,0,0,3,3
17949.0,6 days 07:02:23.076923,4 days 17:48:28.965517,7 days 19:38:25.423728,0 days 18:04:00,118,117314.08,1.6487445493793358,3,10,10,23
17950.0,105 days 07:36:30,94 days 11:32:00,110 days 17:38:45,71 days 21:32:00,7,1166.29,1.1720426748596124,0,4,6,10
17951.0,121 days 15:05:00,30 days 21:25:00,166 days 23:55:00,39 days 00:20:00,4,1340.5800000000002,5.405754748791727,0,3,7,10
17952.0,54 days 08:40:00,0 days 00:08:00,81 days 12:56:00,377 days 22:56:00,4,788.46,14677.0,0,3,5,8
17953.0,,,,539 days 21:42:00,1,159.17000000000002,,0,0,1,1
17954.0,40 days 06:42:56.666666,45 days 08:54:22.500000,36 days 04:57:48,4 days 22:35:00,19,3804.38,0.7980148275697135,8,7,9,24
17955.0,93 days 08:42:36,222 days 22:01:00,6 days 23:50:20,198 days 00:50:00,6,949.9,0.03137165720148328,0,4,6,10
17956.0,,,,248 days 23:03:00,1,12.75,,0,0,1,1
17957.0,,,,65 days 21:52:00,1,111.68,,0,0,1,1
17958.0,611 days 20:42:00,,611 days 20:42:00,116 days 00:31:00,2,973.8799999999999,,0,1,6,7
17959.0,,,,591 days 22:38:00,1,140.75,,0,0,1,1
17960.0,235 days 00:56:30,,235 days 00:56:30,170 days 22:35:00,3,135.08,,0,2,1,3
17961.0,7 days 05:50:22.424242,5 days 10:45:00,9 days 00:04:02.400000,20 days 19:55:00,100,2866.74,1.6525226258763543,3,10,8,21
17962.0,184 days 07:37:20,146 days 00:51:00,203 days 11:00:30,141 days 22:34:00,4,666.96,1.3932146406646029,0,3,5,8
17963.0,72 days 15:31:00,142 days 22:29:00,37 days 12:02:00,470 days 20:52:00,4,643.16,0.2623634181772248,0,3,5,8
17964.0,340 days 21:12:00,,340 days 21:12:00,31 days 02:06:00,2,463.21,,0,1,4,5
17965.0,24 days 13:34:42.857142,25 days 00:10:50.769230,24 days 04:23:24,37 days 03:19:00,29,7006.65,0.9670253192951721,7,8,10,25
17966.0,72 days 13:00:13.333333,24 days 17:12:30,110 days 19:14:24,37 days 02:24:00,10,1963.92,4.482809580670085,1,6,8,15
17967.0,44 days 22:00:00,,44 days 22:00:00,371 days 01:31:00,2,223.42,,0,1,2,3
17968.0,46 days 07:07:20,123 days 00:17:00,7 days 22:32:30,373 days 00:27:00,4,590.44,0.06454044045004714,0,3,4,7
17969.0,29 days 20:09:50.526315,10 days 02:46:20,47 days 14:13:00,165 days 23:50:00,20,2354.29,4.7048902720886066,1,7,8,16
17970.0,,,,210 days 16:47:00,1,562.79,,0,0,4,4
17971.0,,,,547 days 22:46:00,1,161.94,,0,0,2,2
17972.0,,,,241 days 00:34:00,1,135.19,,0,0,1,1
17973.0,,,,51 days 02:16:00,1,337.04,,0,0,3,3
17974.0,76 days 12:42:48,12 days 20:40:30,118 days 23:24:20,24 days 01:13:00,6,1739.09,9.250524193911252,0,4,7,11
17975.0,20 days 15:44:28.695652,11 days 06:34:00,29 days 06:09:05,14 days 23:23:00,24,6696.33,2.5951141636893764,2,7,10,19
17976.0,,,,371 days 23:01:00,1,321.79,,0,0,3,3
17977.0,370 days 23:02:00,,370 days 23:02:00,28 days 23:22:00,2,1511.4499999999998,,0,1,7,8
17978.0,122 days 00:12:40,34 days 00:24:00,166 days 00:07:00,364 days 22:45:00,4,1159.9899999999998,4.8801037073330065,0,3,6,9
17979.0,74 days 16:10:20,0 days 00:33:00,111 days 23:59:00,35 days 00:45:00,4,732.4100000000001,4887.242424242424,0,3,5,8
17980.0,75 days 23:06:20,34 days 01:08:00,96 days 22:05:30,165 days 00:49:00,4,1012.72,2.846648853716244,0,3,6,9
17981.0,,,,410 days 02:10:00,1,239.12,,0,0,2,2
17982.0,,,,680 days 03:12:00,1,138.18,,0,0,1,1
17983.0,0 days 00:01:00,,0 days 00:01:00,394 days 23:26:00,2,343.42,,0,1,3,4
17984.0,148 days 07:02:00,243 days 04:00:00,116 days 16:02:40,144 days 20:51:00,5,1152.19,0.47978828725915773,0,3,6,9
17985.0,,,,21 days 22:26:00,1,631.35,,0,0,5,5
17986.0,,,,55 days 22:28:00,1,20.8,,0,0,1,1
17987.0,91 days 06:44:45,150 days 00:14:00,71 days 16:55:00,184 days 22:28:00,5,965.44,0.4780014258335108,0,3,6,9
17988.0,55 days 10:52:41.538461,40 days 20:33:30,67 days 23:09:08.571428,11 days 01:50:00,14,489.53999999999996,1.663493466428707,3,7,4,14
17989.0,,,,378 days 23:01:00,1,207.32999999999998,,0,0,2,2
17990.0,99 days 04:05:00,175 days 21:19:00,48 days 00:35:40,236 days 01:06:00,6,1527.6100000000001,0.2730414549436261,0,4,7,11
17991.0,183 days 01:36:00,,183 days 01:36:00,224 days 20:52:00,3,300.3,,0,2,3,5
17992.0,,,,388 days 23:46:00,1,252.88,,0,0,2,2
17993.0,,,,616 days 22:27:00,1,225.99,,0,0,2,2
17994.0,49 days 21:42:24,28 days 05:46:15,64 days 08:19:50,121 days 01:09:00,11,2270.03,2.278543837539319,2,6,8,16
17995.0,52 days 21:44:30,,52 days 21:44:30,281 days 00:20:00,3,495.48,,0,2,4,6
17996.0,83 days 11:36:00,,83 days 11:36:00,379 days 01:50:00,3,482.33000000000004,,0,2,4,6
17997.0,12 days 20:23:34.285714,10 days 08:00:00,14 days 17:41:15,73 days 20:37:00,8,1962.46,1.4261592741935485,4,5,8,17
17998.0,179 days 01:12:00,,179 days 01:12:00,379 days 21:19:00,3,639.24,,0,2,5,7
17999.0,170 days 13:20:00,,170 days 13:20:00,36 days 20:54:00,3,528.46,,0,2,4,6
18000.0,,,,563 days 19:16:00,1,124.25,,0,0,1,1
18001.0,145 days 00:04:48,143 days 21:57:00,145 days 17:30:00,11 days 20:48:00,6,924.14,1.0126087522980936,0,4,6,10
18002.0,118 days 15:56:40,112 days 05:10:00,121 days 21:20:00,375 days 01:53:00,4,244.37,1.0862058295686614,0,3,2,5
18003.0,,,,375 days 21:41:00,1,353.51,,0,0,3,3
18004.0,,,,361 days 23:03:00,1,157.92,,0,0,1,1
18005.0,43 days 21:11:00,,43 days 21:11:00,3 days 00:59:00,2,226.47,,0,1,2,3
18006.0,233 days 01:28:20,105 days 06:39:00,296 days 22:53:00,22 days 19:58:00,4,969.51,2.82068483301341,0,3,6,9
18007.0,,,,392 days 01:42:00,1,215.22,,0,0,2,2
18008.0,28 days 17:34:38.181818,24 days 14:26:42,32 days 04:11:15,69 days 21:33:00,23,19759.079999999998,1.3078059768479706,5,7,10,22
18009.0,59 days 13:58:08.571428,20 days 01:29:00,89 days 05:20:00,234 days 23:14:00,8,2144.23,4.447367510124961,1,5,8,14
18010.0,,,,256 days 00:23:00,1,174.8,,0,0,2,2
18011.0,194 days 04:07:00,,194 days 04:07:00,372 days 19:15:00,2,410.78999999999996,,0,1,4,5
18012.0,,,,722 days 23:34:00,1,115.3,,0,0,1,1
18013.0,0 days 00:03:00,,0 days 00:03:00,154 days 22:39:00,2,187.29000000000002,,0,1,2,3
18014.0,,,,27 days 21:22:00,1,162.22,,0,0,2,2
18015.0,,,,3 days 22:01:00,1,120.03,,0,0,1,1
18016.0,108 days 03:34:10,158 days 12:37:00,82 days 23:02:45,31 days 23:25:00,7,1954.56,0.5233236375105683,0,4,8,12
18017.0,116 days 16:21:20,120 days 22:46:00,114 days 13:09:00,80 days 20:35:00,4,688.0,0.9470792232697541,0,3,5,8
18018.0,104 days 02:10:40,21 days 04:47:00,145 days 12:52:30,107 days 19:13:00,4,297.99,6.865152160382612,0,3,3,6
18019.0,,,,51 days 00:40:00,1,38.45,,0,0,1,1
18020.0,,,,543 days 00:19:00,1,190.48000000000002,,0,0,2,2
18021.0,2 days 16:05:00,,2 days 16:05:00,509 days 01:58:00,2,216.41,,0,1,2,3
18022.0,127 days 17:41:30,132 days 22:03:00,126 days 00:14:20,35 days 00:05:00,5,1507.25,0.9480224099587432,0,3,7,10
18024.0,0 days 00:12:00,,0 days 00:12:00,152 days 00:10:00,2,389.78,,0,1,3,4
18025.0,47 days 23:00:48,106 days 09:56:30,8 days 23:43:40,379 days 00:13:00,6,1177.72,0.08446856112392717,0,4,6,10
18026.0,4 days 18:16:00,,4 days 18:16:00,500 days 02:13:00,2,2074.07,,0,1,8,9
18027.0,,,,98 days 02:12:00,1,115.31,,0,0,1,1
18028.0,,,,582 days 23:22:00,1,192.05,,0,0,2,2
18029.0,,,,641 days 21:20:00,1,433.77,,0,0,4,4
18030.0,38 days 02:42:00,,38 days 02:42:00,3 days 20:13:00,2,230.64999999999998,,0,1,2,3
18031.0,,,,378 days 01:50:00,1,451.3,,0,0,4,4
18032.0,,,,333 days 21:18:00,1,73.5,,0,0,1,1
18033.0,,,,64 days 19:22:00,1,93.82000000000001,,0,0,1,1
18034.0,176 days 23:53:00,,176 days 23:53:00,21 days 00:28:00,3,754.1999999999999,,0,2,5,7
18035.0,87 days 11:44:15,0 days 00:04:00,116 days 15:37:40,35 days 00:11:00,5,1260.23,41994.416666666664,0,3,7,10
18036.0,68 days 21:51:36,53 days 06:32:00,79 days 08:04:40,31 days 22:10:00,11,1545.49,1.4892672159071159,4,6,7,17
18037.0,41 days 17:07:55.714285,18 days 19:56:40,58 days 21:01:22.500000,153 days 23:11:00,15,167.42,3.126541180086048,1,7,2,10
18038.0,,,,555 days 20:51:00,1,141.48,,0,0,1,1
18039.0,88 days 16:36:00,68 days 01:51:00,98 days 23:58:30,373 days 23:43:00,4,548.22,1.4542185635156226,0,3,4,7
18040.0,226 days 05:53:00,,226 days 05:53:00,18 days 22:30:00,2,357.2,,0,1,3,4
18041.0,18 days 11:04:11.351351,17 days 21:25:03.333333,19 days 00:00:12.631578,11 days 01:11:00,38,8018.7699999999995,1.0619115672896886,6,8,10,24
18042.0,488 days 00:56:00,,488 days 00:56:00,53 days 01:01:00,2,281.15,,0,1,2,3
18043.0,171 days 00:06:30,,171 days 00:06:30,24 days 00:02:00,3,529.2900000000001,,0,2,4,6
18044.0,32 days 16:52:38.823529,24 days 23:36:45,39 days 13:33:26.666666,3 days 22:24:00,18,3505.61,1.5836184325830802,3,7,9,19
18045.0,,,,44 days 23:43:00,1,178.34,,0,0,2,2
18046.0,,,,649 days 01:14:00,1,189.63,,0,0,2,2
18047.0,0 days 00:14:00,,0 days 00:14:00,380 days 23:39:00,2,326.09000000000003,,0,1,3,4
18048.0,145 days 00:57:30,,145 days 00:57:30,202 days 21:52:00,3,394.93,,0,2,3,5
18049.0,153 days 01:02:00,,153 days 01:02:00,436 days 22:24:00,2,500.92,,0,1,4,5
18050.0,33 days 22:34:00,,33 days 22:34:00,358 days 22:25:00,2,412.06000000000006,,0,1,4,5
18051.0,16 days 00:16:50,13 days 11:38:30,17 days 06:36:00,633 days 22:52:00,7,2282.2799999999997,1.2810464248010918,0,4,8,12
18052.0,,,,564 days 01:39:00,1,10877.18,,0,0,10,10
18053.0,228 days 10:14:30,,228 days 10:14:30,70 days 03:45:00,3,571.0699999999999,,0,2,4,6
18054.0,,,,392 days 04:32:00,1,176.5,,0,0,2,2
18055.0,31 days 05:36:46.153846,9 days 03:47:00,50 days 03:45:08.571428,6 days 22:25:00,14,10142.64,5.476995742559591,1,7,10,18
18056.0,330 days 01:58:00,,330 days 01:58:00,287 days 22:23:00,2,554.5999999999999,,0,1,4,5
18057.0,148 days 14:06:30,,148 days 14:06:30,392 days 19:55:00,3,1188.46,,0,2,6,8
18058.0,328 days 23:30:00,,328 days 23:30:00,9 days 04:12:00,3,774.06,,0,2,5,7
18059.0,22 days 03:39:30,,22 days 03:39:30,22 days 20:01:00,3,306.46,,0,2,3,5
18060.0,156 days 08:07:00,,156 days 08:07:00,407 days 20:09:00,2,1185.46,,0,1,6,7
18061.0,26 days 10:39:24.444444,20 days 09:06:09.230769,32 days 01:48:51.428571,21 days 01:30:00,28,6083.81,1.5739322224302195,3,8,10,21
18062.0,84 days 20:22:24,105 days 12:35:00,71 days 01:34:00,172 days 22:03:00,6,1632.67,0.6734493764601363,0,4,7,11
18063.0,242 days 21:41:00,,242 days 21:41:00,390 days 02:04:00,2,186.60000000000002,,0,1,2,3
18064.0,54 days 07:21:48,28 days 05:50:45,71 days 16:22:30,132 days 20:11:00,11,4481.83,2.5380033562203796,2,6,9,17
18065.0,25 days 21:13:55.714285,26 days 06:55:41.538461,25 days 12:49:44,5 days 02:20:00,29,5866.63,0.971313192068354,7,8,10,25
18066.0,170 days 01:54:00,,170 days 01:54:00,74 days 21:20:00,3,1440.4,,0,2,7,9
18067.0,,,,39 days 20:52:00,1,396.33,,0,0,3,3
18068.0,,,,288 days 22:00:00,1,101.69999999999999,,0,0,1,1
18069.0,62 days 07:10:54,49 days 06:00:15,70 days 23:58:00,25 days 20:47:00,11,4464.92,1.441591082941755,4,6,9,19
18070.0,,,,668 days 23:22:00,1,314.1,,0,0,3,3
18071.0,95 days 09:53:36,131 days 11:31:00,71 days 08:48:40,257 days 00:51:00,6,1169.68,0.5427989429447194,0,4,6,10
18072.0,,,,185 days 02:06:00,1,247.44,,0,0,2,2
18073.0,7 days 12:34:54.545454,6 days 08:35:36,8 days 11:54:20,113 days 22:48:00,12,3859.82,1.3362677851078393,4,6,9,19
18074.0,131 days 23:22:00,,131 days 23:22:00,373 days 02:57:00,2,1019.44,,0,1,6,7
18075.0,25 days 00:11:15.789473,13 days 18:42:26.666666,35 days 02:43:12,22 days 21:29:00,20,5783.29,2.5482344245234954,2,7,10,19
18076.0,,,,379 days 22:48:00,1,151.49,,0,0,1,1
18077.0,42 days 14:13:38.823529,47 days 02:57:22.500000,38 days 13:34:46.666666,7 days 23:18:00,18,4078.79,0.8184044516571215,8,7,9,24
18078.0,136 days 23:34:00,203 days 00:11:00,103 days 23:15:30,216 days 22:18:00,4,725.53,0.5121437685363509,0,3,5,8
18079.0,111 days 12:47:00,252 days 23:55:00,64 days 09:04:20,44 days 21:23:00,5,4203.93,0.25446202690894787,0,3,9,12
18080.0,223 days 21:52:00,,223 days 21:52:00,18 days 04:48:00,2,1231.5,,0,1,7,8
18081.0,48 days 14:17:00,,48 days 14:17:00,35 days 20:20:00,3,343.45000000000005,,0,2,3,5
18082.0,,,,25 days 00:05:00,1,680.84,,0,0,5,5
18083.0,,,,397 days 01:06:00,1,463.53,,0,0,4,4
18084.0,186 days 02:54:00,,186 days 02:54:00,15 days 22:53:00,3,795.23,,0,2,5,7
18085.0,99 days 09:06:40,235 days 05:44:00,31 days 10:48:00,329 days 21:33:00,4,1341.85,0.1336938809248282,0,3,7,10
18086.0,,,,273 days 23:16:00,1,101.34,,0,0,1,1
18087.0,40 days 00:20:33.750000,19 days 03:36:08.571428,56 days 05:48:26.666666,97 days 21:38:00,17,14761.52,2.936902556097813,1,7,10,18
18088.0,,,,60 days 23:09:00,1,166.03,,0,0,2,2
18089.0,,,,446 days 00:53:00,1,428.45,,0,0,4,4
18090.0,,,,421 days 00:18:00,1,321.9,,0,0,3,3
18091.0,,,,592 days 23:32:00,1,360.85,,0,0,3,3
18092.0,43 days 02:51:35.294117,47 days 14:53:30,39 days 02:49:53.333333,1 days 23:36:00,18,14693.720000000001,0.8214527315782821,8,7,10,25
18093.0,75 days 00:45:08.571428,58 days 01:44:40,87 days 18:00:30,92 days 21:07:00,8,4452.71,1.5110433923005173,4,5,9,18
18094.0,51 days 15:51:00,51 days 00:33:24,52 days 02:46:25.714285,81 days 03:22:00,13,6391.5199999999995,1.0214094974700594,6,7,10,23
18095.0,71 days 17:40:15,20 days 19:15:00,88 days 17:08:40,312 days 00:00:00,5,2303.09,4.264685917765537,0,3,8,11
18096.0,100 days 09:14:48,35 days 11:42:00,143 days 15:36:40,11 days 00:06:00,6,1657.87,4.047917237420584,0,4,7,11
18097.0,71 days 12:01:00,84 days 05:57:15,63 days 00:03:30,7 days 01:34:00,11,4627.92,0.747820281122429,8,6,9,23
18098.0,,,,395 days 20:19:00,1,527.94,,0,0,4,4
18099.0,,,,126 days 20:58:00,1,168.31,,0,0,2,2
18100.0,,,,549 days 22:31:00,1,451.56,,0,0,4,4
18101.0,165 days 17:56:15,286 days 23:05:00,125 days 08:13:20,10 days 23:13:00,5,622.01,0.4367919011031117,0,3,5,8
18102.0,5 days 03:01:00.833333,3 days 13:33:26.197183,6 days 15:27:00.821917,0 days 01:00:00,145,580987.04,1.863666468944289,3,10,10,23
18103.0,,,,548 days 23:14:00,1,105.8,,0,0,1,1
18104.0,,,,36 days 22:43:00,1,754.64,,0,0,5,5
18105.0,,,,37 days 00:46:00,1,113.48000000000002,,0,0,1,1
18106.0,72 days 19:21:24,22 days 01:09:30,106 days 15:29:20,329 days 00:27:00,6,1441.06,4.836905568066689,0,4,7,11
18107.0,,,,441 days 23:47:00,1,165.88,,0,0,2,2
18108.0,241 days 12:34:30,,241 days 12:34:30,253 days 22:54:00,3,848.81,,0,2,5,7
18109.0,14 days 04:31:25.945945,14 days 19:01:40,13 days 14:47:00,1 days 01:14:00,38,9555.71,0.9204444096706048,7,8,10,25
18110.0,391 days 22:13:00,,391 days 22:13:00,19 days 00:16:00,2,392.28000000000003,,0,1,3,4
18111.0,,,,588 days 23:52:00,1,405.85,,0,0,3,3
18112.0,179 days 16:41:00,133 days 00:36:00,203 days 00:43:30,11 days 22:07:00,4,773.36,1.526256029568377,0,3,5,8
18113.0,,,,368 days 00:19:00,1,76.32000000000001,,0,0,1,1
18114.0,,,,289 days 23:30:00,1,220.1,,0,0,2,2
18115.0,,,,697 days 00:53:00,1,9.700000000000001,,0,0,1,1
18116.0,28 days 15:37:35,9 days 08:57:00,42 days 10:06:34.285714,67 days 01:50:00,13,2134.49,4.525936980704354,1,7,8,16
18117.0,,,,25 days 00:03:00,1,315.65,,0,0,3,3
18118.0,13 days 05:55:34.285714,10 days 14:35:13.846153,15 days 12:49:12,10 days 01:18:00,29,6221.02,1.464409954779827,4,8,10,22
18119.0,,,,367 days 00:51:00,1,180.7,,0,0,2,2
18120.0,,,,213 days 23:05:00,1,111.15,,0,0,1,1
18121.0,5 days 00:39:00,,5 days 00:39:00,148 days 23:57:00,2,653.3,,0,1,5,6
18122.0,28 days 09:54:12,48 days 00:45:30,15 days 08:00:00,7 days 23:42:00,6,1793.06,0.31923430033759603,0,4,7,11
18123.0,244 days 12:48:00,,244 days 12:48:00,23 days 22:27:00,3,666.6399999999999,,0,2,5,7
18124.0,,,,471 days 19:29:00,1,102.65,,0,0,1,1
18125.0,95 days 15:09:00,20 days 22:45:00,132 days 23:21:00,29 days 00:21:00,4,1131.75,6.34778717056191,0,3,6,9
18126.0,,,,60 days 00:31:00,1,200.92000000000002,,0,0,2,2
18127.0,128 days 00:03:00,269 days 20:10:00,57 days 01:59:30,18 days 22:45:00,4,556.13,0.21154360861620813,0,3,4,7
18128.0,,,,536 days 23:31:00,1,399.29,,0,0,3,3
18129.0,,,,242 days 22:34:00,1,112.55000000000001,,0,0,1,1
18130.0,20 days 23:21:00,,20 days 23:21:00,14 days 22:10:00,3,1059.3899999999999,,0,2,6,8
18131.0,,,,631 days 04:02:00,1,222.95999999999998,,0,0,2,2
18132.0,,,,503 days 19:56:00,1,220.13,,0,0,2,2
18133.0,,,,211 days 22:36:00,1,931.4999999999999,,0,0,6,6
18134.0,96 days 02:03:00,,96 days 02:03:00,597 days 22:48:00,2,445.0,,0,1,4,5
18135.0,67 days 05:57:26.666666,60 days 11:09:45,72 days 16:11:36,28 days 17:18:00,10,1249.6200000000001,1.2019283390614997,5,6,7,18
18136.0,96 days 23:57:30,42 days 00:07:00,115 days 07:54:20,62 days 21:10:00,5,1631.3600000000001,2.7456202710224233,0,3,7,10
18137.0,0 days 00:33:00,,0 days 00:33:00,550 days 22:32:00,2,145.99,,0,1,1,2
18138.0,,,,294 days 21:59:00,1,152.65,,0,0,1,1
18139.0,0 days 04:07:36,0 days 00:53:30,0 days 06:17:00,17 days 02:06:00,6,8438.34,7.046728971962617,0,4,10,14
18140.0,,,,473 days 00:52:00,1,536.41,,0,0,4,4
18141.0,187 days 20:12:00,,187 days 20:12:00,401 days 01:06:00,2,882.47,,0,1,6,7
18142.0,58 days 00:48:00,,58 days 00:48:00,156 days 23:31:00,2,1019.52,,0,1,6,7
18143.0,25 days 01:23:00,,25 days 01:23:00,116 days 00:43:00,2,1000.1600000000001,,0,1,6,7
18144.0,39 days 18:29:23.333333,45 days 08:38:07.500000,35 days 07:10:24,7 days 00:04:00,19,4892.95,0.77819747581548,8,7,9,24
18145.0,71 days 21:29:12,61 days 11:59:30,78 days 19:49:00,12 days 01:28:00,11,5609.74,1.2817258453356217,5,6,10,21
18146.0,79 days 19:33:00,,79 days 19:33:00,140 days 00:42:00,2,160.35000000000002,,0,1,1,2
18147.0,62 days 23:24:00,,62 days 23:24:00,45 days 01:04:00,2,179.33999999999997,,0,1,2,3
18148.0,,,,646 days 01:10:00,1,112.85000000000001,,0,0,1,1
18149.0,97 days 11:53:50,84 days 01:01:30,104 days 05:20:00,50 days 00:46:00,7,1553.96,1.2401102283478556,0,4,7,11
18150.0,84 days 15:01:00,,84 days 15:01:00,31 days 20:01:00,3,566.58,,0,2,4,6
18151.0,102 days 04:57:36,43 days 12:38:00,141 days 07:50:40,134 days 01:15:00,6,1879.44,3.2469234287416104,0,4,8,12
18152.0,,,,645 days 21:24:00,1,426.69,,0,0,4,4
18153.0,,,,658 days 21:00:00,1,246.22,,0,0,2,2
18154.0,121 days 19:50:45,86 days 06:17:00,133 days 16:22:00,2 days 20:09:00,5,932.5999999999999,1.5497234678023137,0,3,6,9
18155.0,108 days 01:28:00,,108 days 01:28:00,74 days 23:18:00,3,371.62,,0,2,3,5
18156.0,356 days 23:55:00,,356 days 23:55:00,12 days 00:26:00,2,675.64,,0,1,5,6
18157.0,,,,570 days 22:41:00,1,213.9,,0,0,2,2
18158.0,79 days 07:16:00,,79 days 07:16:00,8 days 20:31:00,2,453.4,,0,1,4,5
18159.0,,,,300 days 22:24:00,1,530.15,,0,0,4,4
18160.0,164 days 11:38:30,,164 days 11:38:30,56 days 21:00:00,3,1003.88,,0,2,6,8
18161.0,72 days 19:21:00,63 days 08:13:30,79 days 02:46:00,14 days 20:10:00,6,1803.1,1.2490037110734704,0,4,7,11
18162.0,,,,731 days 23:26:00,1,371.51,,0,0,3,3
18163.0,,,,583 days 21:59:00,1,728.84,,0,0,5,5
18164.0,,,,36 days 23:54:00,1,399.65000000000003,,0,0,3,3
18165.0,,,,176 days 23:27:00,1,302.46000000000004,,0,0,3,3
18166.0,,,,623 days 00:24:00,1,175.5,,0,0,2,2
18167.0,41 days 02:08:00,,41 days 02:08:00,22 days 20:54:00,3,1384.8600000000001,,0,2,7,9
18168.0,37 days 08:07:28,36 days 00:06:00,38 days 12:08:45,175 days 17:29:00,16,3435.5,1.0694894495235892,6,7,9,22
18169.0,,,,60 days 00:32:00,1,202.65,,0,0,2,2
18170.0,83 days 09:03:07.500000,53 days 15:10:00,101 days 05:23:00,32 days 22:15:00,9,2878.0,1.8873883206008029,3,5,8,16
18171.0,80 days 14:48:22.500000,77 days 16:30:20,82 days 08:59:12,58 days 03:37:00,9,2437.31,1.0603275816346902,6,5,8,19
18172.0,14 days 00:01:27.058823,12 days 19:18:04.800000,15 days 03:38:32.307692,14 days 01:38:00,52,17467.24,1.1833411321316174,5,9,10,24
18173.0,131 days 12:10:45,338 days 01:13:00,62 days 15:50:00,86 days 01:24:00,5,2696.36,0.18535599320450377,0,3,8,11
18174.0,596 days 04:39:00,,596 days 04:39:00,6 days 19:54:00,2,162.5,,0,1,2,3
18175.0,,,,675 days 02:25:00,1,176.1,,0,0,2,2
18176.0,,,,357 days 21:05:00,1,476.35,,0,0,4,4
18177.0,86 days 14:28:22.500000,156 days 04:36:20,44 days 20:23:36,30 days 22:06:00,9,2216.32,0.2871449976213377,10,5,8,23
18178.0,53 days 01:54:30,41 days 17:43:45,60 days 15:21:40,128 days 03:20:00,11,6103.740000000001,1.4528488932332286,4,6,10,20
18179.0,93 days 10:21:42.857142,112 days 07:40:00,79 days 06:23:00,8 days 20:27:00,8,2547.55,0.7057190552738963,9,5,8,22
18180.0,27 days 14:20:00,27 days 02:50:00,27 days 22:00:00,4 days 04:11:00,6,1843.75,1.029449423815621,0,4,8,12
18181.0,177 days 17:54:30,172 days 00:06:00,179 days 15:50:40,23 days 21:42:00,5,1188.3400000000001,1.0445106573107348,0,3,6,9
18182.0,,,,462 days 22:25:00,1,291.13,,0,0,3,3
18183.0,47 days 05:18:00,,47 days 05:18:00,226 days 21:24:00,2,632.07,,0,1,5,6
18184.0,,,,14 days 21:22:00,1,49.8,,0,0,1,1
18185.0,,,,248 days 23:08:00,1,304.25,,0,0,3,3
18186.0,,,,722 days 02:28:00,1,329.58,,0,0,3,3
18187.0,,,,631 days 03:01:00,1,724.89,,0,0,5,5
18188.0,121 days 15:25:48,96 days 11:00:30,138 days 10:22:40,14 days 20:04:00,6,3280.59,1.4351472216922665,0,4,9,13
18189.0,274 days 01:21:30,,274 days 01:21:30,77 days 00:10:00,3,1403.73,,0,2,7,9
18190.0,131 days 06:40:45,38 days 02:32:00,162 days 08:03:40,191 days 22:02:00,5,745.62,4.2601630461194535,0,3,5,8
18191.0,215 days 18:26:00,,215 days 18:26:00,261 days 00:42:00,2,529.4,,0,1,4,5
18192.0,,,,71 days 02:57:00,1,957.97,,0,0,6,6
18193.0,138 days 12:12:30,,138 days 12:12:30,164 days 22:52:00,3,1207.35,,0,2,6,8
18194.0,119 days 13:59:48,55 days 09:40:30,162 days 08:52:40,81 days 23:21:00,6,4162.04,2.9306994399216184,0,4,9,13
18195.0,,,,386 days 21:47:00,1,101.16,,0,0,1,1
18196.0,179 days 00:29:00,161 days 00:36:00,188 days 00:25:30,94 days 20:28:00,4,1457.19,1.167630543911401,0,3,7,10
18197.0,,,,575 days 02:04:00,1,230.1,,0,0,2,2
18198.0,20 days 18:04:22.500000,16 days 19:59:17.142857,23 days 19:15:00,3 days 22:01:00,17,5425.56,1.4140268159718494,4,7,9,20
18199.0,,,,683 days 01:18:00,1,344.75,,0,0,3,3
18200.0,,,,105 days 18:05:00,1,150.35,,0,0,1,1
18201.0,,,,722 days 03:55:00,1,447.53000000000003,,0,0,4,4
18202.0,55 days 23:18:00,,55 days 23:18:00,199 days 00:38:00,3,1396.99,,0,2,7,9
18203.0,191 days 07:56:00,180 days 23:10:00,196 days 12:19:00,156 days 23:43:00,4,492.52,1.0859165739283934,0,3,4,7
18204.0,60 days 12:39:00,,60 days 12:39:00,70 days 20:06:00,3,1975.35,,0,2,8,10
18205.0,38 days 01:20:00,,38 days 01:20:00,35 days 23:28:00,2,517.36,,0,1,4,5
18206.0,,,,552 days 23:03:00,1,314.65999999999997,,0,0,3,3
18207.0,,,,498 days 22:24:00,1,544.47,,0,0,4,4
18208.0,,,,565 days 00:56:00,1,360.08,,0,0,3,3
18209.0,,,,28 days 00:43:00,1,139.10000000000002,,0,0,1,1
18210.0,63 days 12:13:50,165 days 14:55:00,12 days 10:53:15,1 days 01:48:00,7,2768.83,0.07519340028092832,0,4,8,12
18211.0,63 days 05:00:15,142 days 00:15:00,36 days 22:35:20,25 days 04:40:00,5,600.07,0.26013023953315895,0,3,4,7
18212.0,351 days 01:32:00,,351 days 01:32:00,325 days 20:36:00,2,514.37,,0,1,4,5
18213.0,,,,236 days 02:29:00,1,232.48000000000002,,0,0,2,2
18214.0,7 days 21:11:20,4 days 21:42:00,9 days 08:56:00,530 days 01:29:00,4,1780.34,1.9110733503256867,0,3,7,10
18215.0,133 days 12:45:30,96 days 03:34:00,145 days 23:49:20,88 days 20:45:00,5,2232.4900000000002,1.5184056317140229,0,3,8,11
18216.0,,,,30 days 19:55:00,1,481.75,,0,0,4,4
18217.0,165 days 15:13:00,12 days 20:48:00,242 days 00:25:30,28 days 23:32:00,4,945.0400000000001,18.8096664507772,0,3,6,9
18218.0,149 days 15:14:00,63 days 21:27:00,192 days 12:07:30,210 days 23:57:00,4,1121.84,3.012895757931462,0,3,6,9
18219.0,45 days 14:54:07.500000,51 days 23:32:34.285714,40 days 16:10:53.333333,2 days 01:07:00,17,3352.7,0.7824833238331528,8,7,9,24
18220.0,99 days 13:52:12,113 days 12:35:00,90 days 06:43:40,226 days 03:47:00,6,1921.76,0.7952510577560279,0,4,8,12
18221.0,73 days 14:10:48,102 days 21:55:30,54 days 01:01:00,21 days 22:10:00,6,1424.94,0.5251239072711384,0,4,7,11
18222.0,,,,92 days 02:05:00,1,443.0,,0,0,4,4
18223.0,29 days 05:38:02.400000,31 days 10:21:50,27 days 04:57:36.923076,4 days 03:39:00,26,14000.85,0.8655772976775871,7,8,10,25
18224.0,,,,263 days 02:20:00,1,158.95000000000002,,0,0,1,1
18225.0,29 days 06:35:00,28 days 19:44:45,29 days 16:35:13.846153,2 days 23:23:00,26,13014.800000000001,1.0301286182718041,6,8,10,24
18226.0,24 days 00:08:26.400000,20 days 00:29:25,27 days 16:26:00,43 days 23:14:00,26,11878.88,1.3828236783609333,4,8,10,22
18227.0,266 days 19:38:00,,266 days 19:38:00,217 days 00:27:00,2,388.75,,0,1,3,4
18228.0,22 days 22:33:00,,22 days 22:33:00,56 days 03:29:00,2,779.9,,0,1,5,6
18229.0,26 days 20:15:46.666666,38 days 05:02:23.076923,16 days 06:58:12.857142,11 days 03:02:00,28,10150.51,0.42633946982991133,10,8,10,28
18230.0,64 days 12:25:07.500000,91 days 00:30:00,48 days 14:46:12,8 days 23:28:00,9,4291.06,0.5341130693522546,9,5,9,23
18231.0,18 days 17:51:17.777777,9 days 09:22:09.230769,27 days 10:18:21.428571,191 days 22:32:00,28,6854.17,2.921010779218127,1,8,10,19
18232.0,38 days 14:26:20,4 days 15:33:00,55 days 13:53:00,81 days 01:01:00,4,592.97,11.95771701777977,0,3,4,7
18233.0,,,,325 days 04:06:00,1,440.0,,0,0,4,4
18234.0,,,,551 days 01:28:00,1,179.6,,0,0,2,2
18235.0,72 days 21:26:00,,72 days 21:26:00,71 days 04:23:00,3,1796.48,,0,2,7,9
18236.0,52 days 03:51:32.727272,42 days 23:49:48,59 days 19:13:00,29 days 04:44:00,12,1795.3500000000001,1.3909429524889436,4,6,7,17
18237.0,32 days 23:56:00,14 days 23:39:00,39 days 00:01:40,2 days 00:01:00,5,987.0999999999999,2.6026074733151057,0,3,6,9
18238.0,,,,514 days 23:59:00,1,270.92,,0,0,2,2
18239.0,40 days 19:41:24,50 days 02:42:30,34 days 15:00:40,218 days 00:12:00,6,1712.26,0.6909498238928344,0,4,7,11
18240.0,,,,45 days 23:44:00,1,422.58,,0,0,4,4
18241.0,30 days 09:36:45,54 days 21:48:00,10 days 08:22:05.454545,9 days 00:40:00,21,2986.9900000000002,0.1884718332205612,10,7,9,26
18242.0,89 days 07:33:25.714285,84 days 01:42:40,93 days 05:56:30,71 days 23:07:00,8,3605.21,1.109148705353701,6,5,9,20
18243.0,,,,413 days 22:21:00,1,515.78,,0,0,4,4
18244.0,72 days 00:45:00,,72 days 00:45:00,430 days 01:35:00,2,568.64,,0,1,4,5
18245.0,33 days 08:48:31.578947,27 days 02:12:40,39 days 00:20:48,6 days 22:02:00,20,6324.9800000000005,1.4400656197132555,4,7,10,21
18246.0,293 days 00:45:00,,293 days 00:45:00,23 days 01:01:00,3,758.8199999999999,,0,2,5,7
18247.0,108 days 08:58:30,,108 days 08:58:30,414 days 03:01:00,3,839.73,,0,2,5,7
18248.0,63 days 21:01:00,,63 days 21:01:00,122 days 02:31:00,2,804.02,,0,1,5,6
18249.0,,,,16 days 21:43:00,1,95.34,,0,0,1,1
18250.0,,,,309 days 23:34:00,1,349.27,,0,0,3,3
18251.0,78 days 18:22:45,35 days 16:07:20,104 days 14:56:00,86 days 21:47:00,9,26278.86,2.9329145630815954,1,5,10,16
18252.0,111 days 19:25:00,11 days 22:35:30,161 days 17:49:45,50 days 00:07:00,7,1533.69,13.544808234712571,0,4,7,11
18253.0,,,,642 days 00:12:00,1,317.88,,0,0,3,3
18254.0,,,,580 days 22:13:00,1,267.9,,0,0,2,2
18255.0,366 days 20:45:00,,366 days 20:45:00,88 days 23:34:00,2,303.15,,0,1,3,4
18256.0,,,,387 days 03:57:00,1,110.7,,0,0,1,1
18257.0,56 days 08:35:16.363636,73 days 18:09:00,41 days 20:37:10,38 days 22:02:00,12,4600.15,0.5675335109705079,9,6,9,24
18258.0,21 days 14:57:00,13 days 00:52:30,27 days 08:20:00,463 days 22:30:00,6,2059.67,2.097749367425756,0,4,8,12
18259.0,117 days 20:39:20,165 days 15:59:00,93 days 22:59:30,24 days 00:16:00,7,3941.9000000000005,0.5671531989989897,0,4,9,13
18260.0,25 days 02:07:35.454545,28 days 23:37:48,21 days 20:12:25,172 days 00:13:00,23,9947.26,0.7535715027305384,8,7,10,25
18261.0,52 days 06:02:00,,52 days 06:02:00,42 days 21:14:00,2,324.24,,0,1,3,4
18262.0,231 days 03:29:30,,231 days 03:29:30,139 days 20:46:00,3,577.54,,0,2,4,6
18263.0,113 days 10:36:00,,113 days 10:36:00,25 days 03:50:00,3,1213.1599999999999,,0,2,6,8
18264.0,,,,498 days 02:48:00,1,603.25,,0,0,4,4
18265.0,85 days 22:44:00,,85 days 22:44:00,71 days 22:40:00,2,801.51,,0,1,5,6
18266.0,,,,433 days 21:17:00,1,251.1,,0,0,2,2
18267.0,,,,672 days 04:07:00,1,269.37,,0,0,2,2
18268.0,118 days 20:57:12,29 days 23:43:00,178 days 03:06:40,133 days 17:37:00,6,1490.23,5.939991817767795,0,4,7,11
18269.0,,,,365 days 22:57:00,1,168.6,,0,0,2,2
18270.0,197 days 01:34:00,,197 days 01:34:00,37 days 22:53:00,3,444.55,,0,2,4,6
18271.0,121 days 21:59:00,,121 days 21:59:00,609 days 03:24:00,2,680.85,,0,1,5,6
18272.0,80 days 08:58:45,132 days 22:54:00,48 days 19:49:36,2 days 00:07:00,9,4385.98,0.3672401725740909,10,5,9,24
18273.0,196 days 00:17:20,332 days 22:58:00,127 days 12:57:00,1 days 23:34:00,4,357.0,0.38305127873557226,0,3,3,6
18274.0,,,,29 days 19:47:00,1,175.92,,0,0,2,2
18275.0,152 days 23:23:00,,152 days 23:23:00,577 days 21:04:00,2,741.85,,0,1,5,6
18276.0,137 days 03:32:00,104 days 20:00:30,158 days 16:33:00,43 days 01:56:00,6,1656.52,1.5137271007978907,0,4,7,11
18277.0,109 days 01:14:00,0 days 00:01:00,145 days 09:38:20,57 days 21:28:00,5,1180.05,209378.33333333334,0,3,6,9
18278.0,330 days 23:45:00,,330 days 23:45:00,73 days 00:52:00,2,414.20000000000005,,0,1,4,5
18279.0,,,,518 days 22:02:00,1,231.33999999999997,,0,0,2,2
18280.0,116 days 18:01:00,,116 days 18:01:00,277 days 02:58:00,2,488.15000000000003,,0,1,4,5
18281.0,397 days 00:04:00,,397 days 00:04:00,180 days 01:57:00,2,201.14,,0,1,2,3
18282.0,118 days 22:08:00,,118 days 22:08:00,7 days 01:07:00,2,178.05,,0,1,2,3
18283.0,31 days 04:19:20,45 days 18:37:42,17 days 21:51:43.636363,3 days 00:48:00,22,2664.9,0.39127165044770473,10,7,8,25
18284.0,,,,431 days 01:17:00,1,461.68,,0,0,4,4
18285.0,,,,660 days 02:26:00,1,427.0,,0,0,4,4
18286.0,247 days 01:12:00,,247 days 01:12:00,476 days 00:53:00,2,1296.43,,0,1,7,8
18287.0,88 days 03:35:40,63 days 12:12:00,100 days 11:17:30,42 days 03:21:00,7,4182.99,1.5820047675283209,0,4,9,13
