Customer ID,avg_order_time,avg_first_half,avg_second_half,time_since_last_order,total_orders,total_sum,avg_incr,Bestellrhythmus_Trend,Recency,Frequency,Monetary_Value,RFM_Score
12346.0,36.0,4.0,63.0,325,12,77556.46,15.015874325960162,1,3,6,10,19
12347.0,57.0,52.0,61.0,1,8,4921.53,1.160353140961624,5,10,5,9,24
12348.0,90.0,80.0,94.0,74,5,2019.3999999999999,1.1755853905009384,0,6,3,8,17
12349.0,190.0,18.0,275.0,18,4,4428.69,14.63479029347866,0,9,3,9,21
12350.0,,,,309,1,334.4,,0,4,0,3,7
12351.0,,,,374,1,300.93,,0,3,0,3,6
12352.0,39.0,27.0,49.0,35,10,2849.84,1.8086361671286524,3,7,6,8,21
12353.0,204.0,,204.0,203,2,406.76,,0,4,1,3,8
12354.0,,,,231,1,1079.4,,0,4,0,6,10
12355.0,353.0,,353.0,213,2,947.61,,0,4,1,6,11
12356.0,80.0,22.0,119.0,22,6,6371.7300000000005,5.408058100605564,0,8,4,10,22
12357.0,177.0,,177.0,32,3,18287.66,,0,8,2,10,20
12358.0,182.0,181.0,182.0,1,5,3887.07,1.009851455232795,0,10,3,9,22
12359.0,75.0,49.0,95.0,57,10,8873.39,1.9232690346821617,2,7,6,10,23
12360.0,86.0,87.0,85.0,51,8,4252.889999999999,0.969734504631255,7,7,5,9,21
12361.0,131.0,103.0,145.0,286,4,511.25,1.4165970237774304,0,4,3,4,11
12362.0,73.0,154.0,19.0,2,11,5356.23,0.12620065033198086,10,10,6,9,25
12363.0,132.0,,132.0,109,2,552.0,,0,5,1,4,10
12364.0,34.0,34.0,35.0,7,4,1313.1,1.039681244005469,0,10,3,7,20
12365.0,0.0,,0.0,290,2,641.38,,0,4,1,5,10
12366.0,,,,633,1,500.24,,0,1,0,4,5
12367.0,,,,3,1,168.9,,0,10,0,2,12
12368.0,,,,627,1,917.6999999999999,,0,1,0,6,7
12369.0,114.0,,114.0,412,3,1791.1499999999999,,0,2,2,7,11
12370.0,102.0,22.0,143.0,50,7,4316.5599999999995,6.497354705632272,0,7,4,9,20
12371.0,150.0,0.0,200.0,44,5,4067.38,144158.5,0,7,3,9,19
12372.0,112.0,,112.0,71,3,1298.04,,0,6,2,7,15
12373.0,181.0,,181.0,310,3,1127.65,,0,4,2,6,12
12374.0,187.0,166.0,198.0,24,4,2989.2200000000003,1.1874071299244553,0,8,3,9,20
12375.0,87.0,,87.0,10,2,457.5,,0,9,1,4,14
12376.0,28.0,,28.0,389,2,503.15,,0,3,1,4,8
12377.0,91.0,208.0,32.0,314,4,3426.32,0.15816680567139282,0,3,3,9,15
12378.0,432.0,,432.0,129,2,5416.32,,0,5,1,9,15
12379.0,150.0,112.0,170.0,81,4,1620.22,1.5203597340718848,0,6,3,7,16
12380.0,64.0,33.0,84.0,21,11,9676.300000000001,2.5189054494563314,2,8,6,10,24
12381.0,28.0,60.0,18.0,4,5,1845.31,0.3036342816741212,0,10,3,8,21
12383.0,41.0,20.0,48.0,184,5,1850.56,2.330664196060265,0,5,3,8,16
12384.0,92.0,,92.0,28,2,585.27,,0,8,1,4,13
12385.0,,,,378,1,1938.4,,0,3,0,8,11
12386.0,29.0,,29.0,337,2,401.9,,0,3,1,3,7
12387.0,,,,414,1,143.94,,0,2,0,1,3
12388.0,80.0,92.0,72.0,15,8,3901.11,0.7849033074734613,8,9,5,9,23
12389.0,126.0,,126.0,402,3,1433.33,,0,3,2,7,12
12390.0,,,,79,1,549.84,,0,6,0,4,10
12391.0,128.0,32.0,192.0,21,6,2724.84,5.905281592379813,0,8,4,8,20
12392.0,,,,590,1,234.75000000000003,,0,1,0,2,3
12393.0,71.0,47.0,86.0,71,6,2399.45,1.8104320352468877,0,6,4,8,18
12394.0,153.0,,153.0,63,2,1272.48,,0,6,1,7,14
12395.0,41.0,56.0,30.0,18,15,4721.17,0.5320529130037431,9,9,7,9,25
12396.0,,,,673,1,931.43,,0,1,0,6,7
12397.0,99.0,,99.0,35,2,2409.8999999999996,,0,7,1,8,16
12398.0,,,,45,1,1635.6599999999999,,0,7,0,7,14
12399.0,87.0,129.0,66.0,118,7,1962.3000000000002,0.5138537354411102,0,5,4,8,17
12400.0,,,,413,1,205.25,,0,2,0,2,4
12401.0,,,,302,1,84.3,,0,4,0,1,5
12402.0,69.0,74.0,66.0,322,6,1256.9,0.8863055117914488,0,3,4,7,14
12403.0,471.0,,471.0,49,2,1019.3600000000001,,0,7,1,6,14
12404.0,,,,681,1,63.24,,0,1,0,1,2
12405.0,,,,148,1,1710.39,,0,5,0,7,12
12406.0,168.0,101.0,191.0,21,5,6390.360000000001,1.8908820979478487,0,8,3,10,21
12407.0,53.0,28.0,61.0,49,5,1708.12,2.139730801202123,0,7,3,7,17
12408.0,66.0,79.0,56.0,32,8,4340.7699999999995,0.7180177013351847,9,8,5,9,22
12409.0,81.0,19.0,111.0,78,7,23419.29,5.586205699005018,0,6,4,10,20
12410.0,96.0,,96.0,308,3,1013.7099999999999,,0,4,2,6,12
12411.0,,,,409,1,346.9,,0,3,0,3,6
12412.0,92.0,68.0,109.0,74,6,2596.93,1.5929586497890296,0,6,4,8,18
12413.0,111.0,65.0,135.0,66,4,999.45,2.078621248640232,0,6,3,6,15
12414.0,49.0,0.0,82.0,216,6,952.41,2778.8549019607844,0,4,4,6,14
12415.0,18.0,24.0,12.0,23,28,144458.37,0.5126480844446688,9,8,8,10,26
12416.0,,,,656,1,202.56,,0,1,0,2,3
12417.0,38.0,34.0,41.0,2,20,6797.41,1.1986008821827037,5,10,7,10,27
12418.0,172.0,53.0,231.0,112,4,2021.2,4.300815049443758,0,5,3,8,16
12419.0,27.0,,27.0,385,2,503.01,,0,3,1,4,8
12420.0,,,,63,1,600.39,,0,6,0,4,10
12421.0,97.0,93.0,101.0,15,6,1098.6,1.088412115420984,0,9,4,6,19
12422.0,39.0,27.0,47.0,95,17,5231.8,1.7075989594970225,3,6,7,9,22
12423.0,51.0,50.0,52.0,0,10,2622.39,1.0408370702541105,6,10,6,8,24
12424.0,128.0,125.0,130.0,162,4,3340.03,1.033642646587986,0,5,3,9,17
12425.0,370.0,,370.0,77,2,1741.41,,0,6,1,7,14
12426.0,468.0,,468.0,194,2,1345.21,,0,4,1,7,12
12427.0,174.0,,174.0,21,3,825.8,,0,8,2,5,15
12428.0,32.0,6.0,47.0,25,9,7956.46,7.436252839577398,1,8,5,10,23
12429.0,76.0,35.0,108.0,8,8,6204.41,3.0856826912269333,1,10,5,10,25
12430.0,,,,42,1,256.4,,0,7,0,2,9
12431.0,25.0,26.0,24.0,35,27,10432.22,0.9054495440653215,7,7,8,10,25
12432.0,32.0,0.0,43.0,42,5,5059.32,31182.333333333332,0,7,3,9,19
12433.0,52.0,27.0,73.0,0,10,16794.14,2.6522946753459324,2,10,6,10,26
12434.0,148.0,,148.0,84,3,1103.43,,0,6,2,6,14
12435.0,131.0,130.0,132.0,79,6,13925.93,1.0192048766379675,0,6,4,10,20
12436.0,,,,99,1,509.01,,0,5,0,4,9
12437.0,19.0,18.0,19.0,1,39,12683.4,1.0482611449354489,6,10,8,10,28
12438.0,125.0,,125.0,13,2,2906.85,,0,9,1,8,18
12439.0,43.0,,43.0,682,2,1142.88,,0,1,1,6,8
12440.0,255.0,,255.0,461,2,859.2,,0,2,1,5,8
12441.0,,,,366,1,173.55,,0,3,0,2,5
12442.0,,,,2,1,172.06,,0,10,0,2,12
12443.0,,,,731,1,485.31,,0,1,0,4,5
12444.0,37.0,49.0,33.0,20,5,5005.46,0.6709448807912836,0,8,3,9,20
12445.0,398.0,,398.0,21,2,434.98,,0,8,1,4,13
12446.0,,,,57,1,1002.3100000000001,,0,7,0,6,13
12447.0,,,,242,1,476.49,,0,4,0,4,8
12448.0,,,,43,1,449.45,,0,7,0,4,11
12449.0,83.0,125.0,54.0,21,6,4835.89,0.4376064123825318,0,8,4,9,21
12450.0,79.0,22.0,98.0,155,5,688.2,4.30019120458891,0,5,3,5,13
12451.0,74.0,68.0,78.0,10,8,12669.88,1.1496243647594477,5,9,5,10,24
12452.0,0.0,,0.0,16,2,430.57,,0,9,1,4,14
12453.0,,,,133,1,707.09,,0,5,0,5,10
12454.0,91.0,3.0,120.0,55,5,16679.78,30.19347156879828,0,7,3,10,20
12455.0,72.0,106.0,44.0,72,10,5879.95,0.420310439115917,10,6,6,10,22
12456.0,105.0,,105.0,43,3,3181.04,,0,7,2,9,18
12457.0,52.0,67.0,41.0,65,8,2995.91,0.6215234615768687,9,6,5,9,20
12458.0,138.0,60.0,178.0,70,4,1777.49,2.965829314273157,0,6,3,7,16
12459.0,,,,604,1,454.36,,0,1,0,4,5
12460.0,,,,455,1,326.65,,0,2,0,3,5
12461.0,60.0,,60.0,93,2,826.88,,0,6,1,5,12
12462.0,284.0,,284.0,18,2,1189.5900000000001,,0,9,1,6,16
12463.0,62.0,34.0,76.0,52,4,1344.78,2.1951030158256195,0,7,3,7,17
12464.0,42.0,36.0,47.0,9,8,1212.05,1.3086784946990608,5,9,5,6,20
12465.0,152.0,,152.0,16,2,742.19,,0,9,1,5,15
12466.0,,,,681,1,56.73,,0,1,0,1,2
12467.0,,,,422,1,132.8,,0,2,0,1,3
12468.0,123.0,72.0,140.0,187,5,3670.74,1.9272380191338705,0,5,3,9,17
12469.0,14.0,,14.0,522,2,3070.54,,0,2,1,9,12
12470.0,,,,689,1,211.95,,0,1,0,2,3
12471.0,9.0,7.0,10.0,1,79,39918.19,1.3541382953219043,4,10,9,10,29
12472.0,38.0,26.0,48.0,31,19,16249.29,1.8407087840675713,3,8,7,10,25
12473.0,40.0,77.0,28.0,28,5,3928.05,0.3679103334564687,0,8,3,9,20
12474.0,21.0,24.0,19.0,16,31,12372.75,0.8095710525883348,8,9,8,10,27
12475.0,356.0,,356.0,53,2,1149.6399999999999,,0,7,1,6,14
12476.0,22.0,10.0,31.0,15,23,14083.91,3.051981351981352,1,9,7,10,26
12477.0,75.0,107.0,55.0,22,9,20276.37,0.5197358090094132,9,8,5,10,23
12478.0,,,,3,1,680.99,,0,10,0,5,15
12479.0,,,,10,1,527.2,,0,9,0,4,13
12480.0,79.0,54.0,92.0,27,7,5464.85,1.7163602716752235,0,8,4,9,21
12481.0,41.0,42.0,41.0,22,15,12185.51,0.9830166417429241,7,8,7,10,25
12482.0,2.0,4.0,1.0,575,29,23691.4,0.3945339611129083,10,1,8,10,19
12483.0,36.0,34.0,38.0,16,19,5097.18,1.1213104979801374,6,9,7,9,25
12484.0,58.0,39.0,75.0,32,12,6354.1,1.89894622569113,3,8,6,10,24
12485.0,,,,528,1,708.1,,0,2,0,5,7
12486.0,,,,431,1,1037.28,,0,2,0,6,8
12487.0,,,,730,1,285.29999999999995,,0,1,0,2,3
12488.0,32.0,,32.0,9,3,1298.66,,0,9,2,7,18
12489.0,,,,335,1,334.93,,0,3,0,3,6
12490.0,36.0,34.0,38.0,4,21,9823.64,1.1415396133950448,6,10,7,10,27
12491.0,,,,38,1,460.40000000000003,,0,7,0,4,11
12492.0,170.0,,170.0,62,3,715.21,,0,6,2,5,13
12493.0,31.0,,31.0,165,2,433.74,,0,5,1,4,10
12494.0,70.0,72.0,68.0,15,9,1815.27,0.9442716367298548,7,9,5,7,21
12495.0,,,,640,1,357.4,,0,1,0,3,4
12496.0,0.0,,0.0,619,2,45.34,,0,1,1,1,3
12497.0,281.0,,281.0,81,3,6248.5,,0,6,2,10,18
12498.0,18.0,,18.0,20,3,403.7,,0,8,2,3,13
12499.0,,,,559,1,393.72,,0,1,0,3,4
12500.0,36.0,42.0,31.0,22,19,5955.21,0.7305252788263643,8,8,7,10,25
12501.0,,,,336,1,2169.39,,0,3,0,8,11
12502.0,53.0,41.0,57.0,95,5,3723.87,1.401967076521191,0,6,3,9,18
12503.0,,,,583,1,1126.0,,0,1,0,6,7
12504.0,192.0,179.0,199.0,17,4,779.05,1.1133968881396656,0,9,3,5,17
12505.0,,,,408,1,955.2,,0,3,0,6,9
12506.0,,,,232,1,73.5,,0,4,0,1,5
12507.0,150.0,286.0,82.0,133,4,1844.06,0.28727712879485046,0,5,3,8,16
12508.0,2.0,,2.0,25,2,397.88,,0,8,1,3,12
12509.0,,,,283,1,176.5,,0,4,0,2,6
12510.0,74.0,16.0,108.0,142,9,5178.02,6.6602449257285405,1,5,5,9,19
12511.0,,,,428,1,3084.02,,0,2,0,9,11
12512.0,0.0,,0.0,65,2,132.18,,0,6,1,1,8
12513.0,,,,112,1,612.29,,0,5,0,5,10
12514.0,374.0,,374.0,266,2,1597.76,,0,4,1,7,12
12515.0,,,,352,1,383.7,,0,3,0,3,6
12516.0,173.0,168.0,176.0,77,4,2648.62,1.0454812846323775,0,6,3,8,17
12517.0,40.0,63.0,32.0,27,5,2481.6,0.5102677909328008,0,8,3,8,19
12518.0,27.0,33.0,25.0,0,5,2056.89,0.7730575310662163,0,10,3,8,21
12519.0,413.0,,413.0,63,2,716.54,,0,6,1,5,12
12520.0,48.0,13.0,60.0,78,5,2634.26,4.327631907976994,0,6,3,8,17
12521.0,,,,142,1,599.68,,0,5,0,4,9
12522.0,12.0,,12.0,38,2,192.72,,0,7,1,2,10
12523.0,32.0,35.0,29.0,18,23,4352.35,0.8311462769458641,8,9,7,9,25
12524.0,41.0,37.0,44.0,8,17,11126.11,1.197138706481189,5,10,7,10,27
12525.0,74.0,,74.0,497,3,973.73,,0,2,2,6,10
12526.0,46.0,,46.0,0,3,1316.6599999999999,,0,10,2,7,19
12527.0,111.0,34.0,137.0,81,5,735.51,3.9483461472068413,0,6,3,5,14
12528.0,60.0,81.0,46.0,8,6,1933.48,0.5724980383309425,0,10,4,8,22
12529.0,,,,527,1,316.48,,0,2,0,3,5
12530.0,72.0,63.0,78.0,59,9,3759.26,1.2406617985658839,5,6,5,9,20
12531.0,671.0,,671.0,14,2,1933.2,,0,9,1,8,18
12532.0,,,,29,1,349.83000000000004,,0,8,0,3,11
12533.0,110.0,,110.0,627,2,1367.8899999999999,,0,1,1,7,9
12534.0,,,,130,1,1089.18,,0,5,0,6,11
12535.0,94.0,,94.0,91,2,716.3499999999999,,0,6,1,5,12
12536.0,7.0,,7.0,42,3,12601.830000000002,,0,7,2,10,19
12537.0,,,,408,1,732.94,,0,3,0,5,8
12538.0,349.0,,349.0,28,2,640.45,,0,8,1,5,14
12539.0,115.0,132.0,107.0,21,7,11214.75,0.8051978581689957,0,8,4,10,22
12540.0,22.0,23.0,21.0,19,33,22254.489999999998,0.8955539293538115,7,8,8,10,26
12541.0,125.0,,125.0,29,3,981.18,,0,8,2,6,16
12542.0,156.0,,156.0,483,2,481.88,,0,2,1,4,7
12543.0,,,,447,1,980.25,,0,2,0,6,8
12544.0,,,,35,1,372.7,,0,7,0,3,10
12545.0,184.0,,184.0,74,2,1000.39,,0,6,1,6,13
12546.0,31.0,,31.0,46,2,1161.5,,0,7,1,6,14
12547.0,151.0,,151.0,197,3,383.58,,0,4,2,3,9
12548.0,,,,165,1,95.19999999999999,,0,5,0,1,6
12549.0,24.0,0.0,40.0,575,6,1575.68,72.89112227805695,0,1,4,7,12
12550.0,,,,78,1,964.83,,0,6,0,6,12
12551.0,,,,357,1,168.0,,0,3,0,2,5
12552.0,0.0,,0.0,38,2,437.82,,0,7,1,4,12
12553.0,37.0,32.0,41.0,7,12,4608.75,1.2778043825894345,5,10,6,9,25
12554.0,,,,448,1,468.5,,0,2,0,4,6
12555.0,,,,681,1,129.23,,0,1,0,1,2
12556.0,100.0,,100.0,49,2,599.56,,0,7,1,4,12
12557.0,100.0,117.0,88.0,15,8,18096.14,0.7588093745116617,8,9,5,10,24
12558.0,,,,7,1,269.96,,0,10,0,2,12
12559.0,8.0,,8.0,310,2,561.71,,0,4,1,4,9
12560.0,68.0,,68.0,4,3,2134.01,,0,10,2,8,20
12561.0,,,,302,1,238.85,,0,4,0,2,6
12562.0,53.0,86.0,33.0,7,9,4966.92,0.3892443894084253,10,10,5,9,24
12563.0,,,,408,1,249.24,,0,3,0,2,5
12564.0,,,,260,1,456.9,,0,4,0,4,8
12565.0,,,,288,1,145.92,,0,4,0,1,5
12566.0,,,,85,1,351.65,,0,6,0,3,9
12567.0,46.0,49.0,43.0,22,15,11767.48,0.8654178453477516,7,8,7,10,25
12568.0,,,,644,1,70.0,,0,1,0,1,2
12569.0,8.0,12.0,3.0,1,32,4124.6900000000005,0.3094106253254403,10,10,8,9,27
12570.0,,,,681,1,77.52,,0,1,0,1,2
12571.0,81.0,,81.0,39,2,519.61,,0,7,1,4,12
12572.0,43.0,,43.0,8,2,1020.4200000000001,,0,10,1,6,17
12573.0,59.0,40.0,65.0,226,5,717.4100000000001,1.608237140800934,0,4,3,5,12
12574.0,,,,315,1,218.45,,0,3,0,2,5
12575.0,69.0,,69.0,456,2,622.8199999999999,,0,2,1,5,8
12576.0,61.0,44.0,71.0,35,9,2323.59,1.5985453452083485,3,7,5,8,20
12577.0,100.0,118.0,86.0,34,8,1617.1,0.7314095813399939,8,7,5,7,19
12578.0,140.0,58.0,181.0,20,4,4642.45,3.1230120884099093,0,8,3,9,20
12579.0,,,,77,1,440.42,,0,6,0,4,10
12580.0,329.0,,329.0,246,2,1052.9,,0,4,1,6,11
12581.0,,,,39,1,197.71,,0,7,0,2,9
12582.0,112.0,155.0,91.0,238,4,1980.4,0.5931124220069247,0,4,3,8,15
12583.0,28.0,29.0,26.0,2,27,13591.58,0.8835977610754755,7,10,8,10,28
12584.0,34.0,51.0,24.0,3,9,2338.15,0.4847971256441896,10,10,5,8,23
12585.0,117.0,,117.0,233,2,2040.1,,0,4,1,8,13
12586.0,235.0,308.0,198.0,16,4,2062.67,0.6431390007487302,0,9,3,8,20
12587.0,,,,7,1,144.0,,0,10,0,1,11
12588.0,186.0,198.0,180.0,38,4,958.78,0.9092906542842714,0,7,3,6,16
12589.0,94.0,75.0,108.0,28,8,4695.66,1.4439857747504894,4,8,5,9,22
12590.0,0.0,,0.0,210,2,9864.26,,0,4,1,10,15
12591.0,45.0,,45.0,316,3,1338.95,,0,3,2,7,12
12592.0,106.0,0.0,142.0,91,5,2582.66,17081.277777777777,0,6,3,8,17
12593.0,55.0,,55.0,108,3,418.1,,0,5,2,4,11
12594.0,43.0,58.0,32.0,37,15,5090.110000000001,0.5476630682502067,9,7,7,9,23
12595.0,,,,504,1,299.02,,0,2,0,3,5
12596.0,190.0,,190.0,50,2,618.27,,0,7,1,5,13
12597.0,82.0,85.0,81.0,18,4,3811.22,0.963113349221377,0,9,3,9,21
12598.0,63.0,106.0,35.0,9,11,4534.09,0.32893787397375274,10,9,6,9,24
12599.0,45.0,39.0,50.0,28,13,2296.7200000000003,1.2810637320009297,5,8,7,8,23
12600.0,35.0,37.0,33.0,28,21,4967.42,0.8763277033877473,7,8,7,9,24
12601.0,42.0,50.0,37.0,189,6,681.26,0.739088774754892,0,4,4,5,13
12602.0,,,,58,1,153.12,,0,7,0,1,8
12603.0,,,,21,1,739.1999999999999,,0,8,0,5,13
12604.0,182.0,,182.0,78,2,254.18,,0,6,1,2,9
12605.0,27.0,35.0,23.0,375,4,1232.95,0.6679228486646884,0,3,3,7,13
12606.0,,,,681,1,21.0,,0,1,0,1,2
12607.0,,,,59,1,1579.51,,0,6,0,7,13
12608.0,,,,404,1,415.79,,0,3,0,4,7
12609.0,80.0,73.0,84.0,77,9,3435.86,1.1410943791194803,6,6,5,9,20
12610.0,25.0,19.0,27.0,22,5,2099.54,1.4003246941497072,0,8,3,8,19
12611.0,,,,51,1,1193.32,,0,7,0,6,13
12612.0,,,,73,1,704.0400000000001,,0,6,0,5,11
12613.0,74.0,84.0,66.0,56,10,6817.370000000001,0.7851295602510262,8,7,6,10,23
12614.0,,,,277,1,315.6,,0,4,0,3,7
12615.0,89.0,72.0,102.0,1,8,5740.9800000000005,1.415938958604331,4,10,5,10,25
12616.0,146.0,,146.0,94,3,1131.1,,0,6,2,6,14
12617.0,,,,28,1,352.98,,0,8,0,3,11
12618.0,,,,21,1,177.31,,0,8,0,2,10
12619.0,60.0,102.0,26.0,15,10,3781.38,0.25654372597936753,10,9,6,9,24
12620.0,94.0,,94.0,14,3,1339.4099999999999,,0,9,2,7,18
12621.0,19.0,19.0,19.0,1,35,24311.2,1.0172773129920343,6,10,8,10,28
12622.0,,,,231,1,180.1,,0,4,0,2,6
12623.0,70.0,48.0,80.0,275,7,3747.84,1.6449567764216977,0,4,4,9,17
12624.0,71.0,,71.0,105,2,641.13,,0,5,1,5,11
12625.0,128.0,87.0,148.0,211,4,5164.88,1.7076141242442828,0,4,3,9,16
12626.0,37.0,61.0,23.0,22,9,6620.48,0.38245660090079614,10,8,5,10,23
12627.0,21.0,15.0,24.0,10,7,4478.53,1.5900884797569041,0,9,4,9,22
12628.0,30.0,,30.0,3,3,786.46,,0,10,2,5,17
12629.0,37.0,,37.0,385,2,1558.22,,0,3,1,7,11
12630.0,34.0,,34.0,9,2,1270.88,,0,9,1,7,17
12631.0,105.0,47.0,135.0,56,7,4124.09,2.814571645734554,0,7,4,9,20
12632.0,44.0,,44.0,520,2,804.88,,0,2,1,5,8
12633.0,77.0,71.0,80.0,58,7,5678.16,1.132183684862018,0,7,4,10,21
12634.0,12.0,,12.0,535,2,490.0,,0,1,1,4,6
12635.0,122.0,64.0,151.0,89,4,2930.41,2.3580838452885695,0,6,3,9,18
12636.0,,,,738,1,141.0,,0,1,0,1,2
12637.0,39.0,43.0,36.0,66,13,9800.49,0.832011384103365,8,6,7,10,23
12638.0,606.0,,606.0,32,2,921.49,,0,8,1,6,15
12639.0,194.0,,194.0,238,3,1312.37,,0,4,2,7,13
12640.0,28.0,,28.0,23,3,1174.5800000000002,,0,8,2,6,16
12641.0,,,,114,1,185.9,,0,5,0,2,7
12642.0,41.0,,41.0,24,3,1013.26,,0,8,2,6,16
12643.0,43.0,45.0,42.0,127,12,8304.82,0.9479497724473842,7,5,6,10,21
12644.0,188.0,24.0,270.0,129,4,1918.4900000000002,11.239803723481021,0,5,3,8,16
12645.0,79.0,67.0,86.0,33,9,3986.28,1.2683975932742435,5,7,5,9,21
12646.0,44.0,,44.0,4,2,1346.9699999999998,,0,10,1,7,18
12647.0,19.0,11.0,26.0,21,36,16955.55,2.3856887096964736,2,8,8,10,26
12648.0,182.0,60.0,243.0,154,4,1112.0,4.00815419677726,0,5,3,6,14
12649.0,84.0,90.0,79.0,106,8,2294.65,0.8701122619496439,7,5,5,8,18
12650.0,,,,2,1,314.44,,0,10,0,3,13
12651.0,43.0,58.0,36.0,334,4,377.75,0.6136747692707656,0,3,3,3,9
12652.0,102.0,,102.0,330,2,1017.03,,0,3,1,6,10
12653.0,189.0,,189.0,148,3,4160.83,,0,5,2,9,16
12654.0,71.0,97.0,62.0,10,5,601.98,0.6366804998876789,0,9,3,4,16
12655.0,,,,423,1,261.35,,0,2,0,2,4
12656.0,77.0,109.0,54.0,16,8,6407.83,0.4927951791970957,9,9,5,10,24
12657.0,22.0,36.0,15.0,10,4,1643.18,0.4260248530453597,0,9,3,7,19
12658.0,,,,18,1,686.05,,0,9,0,5,14
12659.0,,,,29,1,91.68,,0,8,0,1,9
12660.0,,,,10,1,245.1,,0,9,0,2,11
12661.0,,,,435,1,162.0,,0,2,0,2,4
12662.0,32.0,27.0,37.0,0,20,6726.54,1.3748940418828082,4,10,7,10,27
12663.0,43.0,,43.0,624,2,239.4,,0,1,1,2,4
12664.0,71.0,145.0,22.0,7,11,6070.04,0.15455871756852516,10,10,6,10,26
12665.0,172.0,,172.0,324,3,313.6,,0,3,2,3,8
12666.0,,,,393,1,1248.42,,0,3,0,7,10
12667.0,,,,57,1,620.13,,0,7,0,5,12
12668.0,66.0,27.0,92.0,11,11,13349.87,3.378670599131229,1,9,6,10,25
12669.0,52.0,,52.0,150,3,2744.0299999999997,,0,5,2,8,15
12670.0,109.0,217.0,55.0,9,7,3760.29,0.2560047554815245,0,9,4,9,22
12671.0,,,,605,1,2622.481,,0,1,0,8,9
12672.0,265.0,,265.0,329,2,437.04999999999995,,0,3,1,4,8
12673.0,198.0,,198.0,4,3,1230.02,,0,10,2,7,19
12674.0,56.0,37.0,66.0,38,4,1970.6,1.7840770543769813,0,7,3,8,18
12675.0,24.0,,24.0,553,2,957.25,,0,1,1,6,8
12676.0,45.0,18.0,64.0,24,11,2843.09,3.421758670712432,1,8,6,8,22
12677.0,111.0,,111.0,554,2,395.1,,0,1,1,3,5
12678.0,32.0,38.0,28.0,41,21,34281.18,0.731899020316623,8,7,7,10,24
12679.0,75.0,77.0,73.0,58,4,1113.02,0.9424282356293183,0,7,3,6,16
12680.0,37.0,23.0,44.0,0,4,880.81,1.8651311003113815,0,10,3,6,19
12681.0,16.0,16.0,15.0,14,45,29834.76,0.9768815081824458,7,9,8,10,27
12682.0,14.0,17.0,11.0,3,52,22950.22,0.6898105237299975,9,10,9,10,29
12683.0,36.0,49.0,25.0,3,21,11633.7,0.5159684352342978,9,10,7,10,27
12684.0,34.0,8.0,47.0,7,7,2283.63,5.861486631475044,0,10,4,8,22
12685.0,13.0,9.0,15.0,27,6,2863.08,1.7294708204008125,0,8,4,8,20
12686.0,,,,371,1,89.14,,0,3,0,1,4
12687.0,0.0,,0.0,480,2,2138.91,,0,2,1,8,11
12688.0,,,,113,1,4873.8099999999995,,0,5,0,9,14
12689.0,101.0,,101.0,25,2,1247.61,,0,8,1,7,16
12690.0,,,,205,1,389.01,,0,4,0,3,7
12691.0,65.0,50.0,72.0,27,7,1170.4,1.4387615686705297,0,8,4,6,18
12692.0,,,,636,1,110.95,,0,1,0,1,2
12693.0,65.0,63.0,67.0,126,7,1703.02,1.0675808948711027,0,5,4,7,16
12694.0,175.0,,175.0,69,3,1843.35,,0,6,2,8,16
12695.0,109.0,68.0,130.0,6,7,1407.12,1.899392251202836,0,10,4,7,21
12696.0,74.0,,74.0,434,2,851.91,,0,2,1,5,8
12697.0,70.0,,70.0,28,3,957.5899999999999,,0,8,2,6,16
12698.0,,,,589,1,339.75,,0,1,0,3,4
12699.0,,,,417,1,638.11,,0,2,0,5,7
12700.0,69.0,58.0,74.0,7,4,4939.99,1.2644661728628044,0,10,3,9,22
12701.0,110.0,39.0,158.0,79,6,2446.41,3.955838375408582,0,6,4,8,18
12702.0,,,,19,1,219.0,,0,8,0,2,10
12703.0,204.0,49.0,281.0,70,4,1006.53,5.646495440941045,0,6,3,6,15
12704.0,23.0,30.0,17.0,6,8,2340.84,0.5813506546831516,9,10,5,8,23
12705.0,39.0,48.0,32.0,14,14,11762.1,0.6849384150039907,9,9,7,10,26
12707.0,,,,291,1,603.42,,0,4,0,4,8
12708.0,40.0,44.0,37.0,29,18,5117.66,0.8535160988686006,8,8,7,9,24
12709.0,21.0,19.0,23.0,14,34,30291.76,1.2310770671771147,5,9,8,10,27
12710.0,52.0,,52.0,96,3,1149.02,,0,5,2,6,13
12711.0,65.0,,65.0,611,2,1339.05,,0,1,1,7,9
12712.0,35.0,40.0,30.0,28,21,6723.03,0.7550297180146175,8,8,7,10,25
12713.0,,,,0,1,848.55,,0,10,0,5,15
12714.0,66.0,55.0,74.0,8,12,14093.710000000001,1.3356371501031616,4,10,6,10,26
12715.0,,,,105,1,343.36,,0,5,0,3,8
12716.0,129.0,,129.0,3,2,1053.49,,0,10,1,6,17
12717.0,219.0,,219.0,150,3,1308.91,,0,5,2,7,14
12718.0,,,,70,1,238.25,,0,6,0,2,8
12719.0,59.0,,59.0,4,2,644.95,,0,10,1,5,16
12720.0,17.0,22.0,12.0,2,30,7787.28,0.5638511922789528,9,10,8,10,28
12721.0,62.0,55.0,68.0,31,8,4013.08,1.2149451758012768,5,8,5,9,22
12722.0,21.0,32.0,16.0,84,4,997.63,0.4875002632632,0,6,3,6,15
12723.0,15.0,0.0,20.0,3,5,725.0699999999999,7411.916666666667,0,10,3,5,18
12724.0,88.0,75.0,94.0,4,7,2317.52,1.2439706460250588,0,10,4,8,22
12725.0,71.0,13.0,100.0,370,4,2266.7599999999998,7.6711318242343545,0,3,3,8,14
12726.0,59.0,66.0,54.0,27,11,4014.6000000000004,0.8219876077039381,8,8,6,9,23
12727.0,71.0,89.0,57.0,10,10,5679.53,0.6389701162265263,9,9,6,10,25
12728.0,78.0,51.0,87.0,70,5,1070.17,1.7037127669698329,0,6,3,6,15
12729.0,,,,113,1,453.01,,0,5,0,4,9
12730.0,,,,521,1,829.25,,0,2,0,5,7
12731.0,39.0,56.0,25.0,23,17,25775.71,0.45410760834143743,10,8,7,10,25
12732.0,,,,179,1,236.26000000000002,,0,5,0,2,7
12733.0,151.0,192.0,131.0,233,4,2424.87,0.6843274169006857,0,4,3,8,15
12734.0,19.0,,19.0,352,3,639.6500000000001,,0,3,2,5,10
12735.0,21.0,,21.0,314,2,779.5699999999999,,0,3,1,5,9
12736.0,,,,332,1,234.0,,0,3,0,2,5
12737.0,0.0,,0.0,498,2,3710.5,,0,2,1,9,12
12738.0,,,,371,1,155.35,,0,3,0,1,4
12739.0,105.0,8.0,153.0,77,4,2726.73,17.446863905325444,0,6,3,8,17
12740.0,,,,63,1,427.6,,0,6,0,4,10
12741.0,3.0,,3.0,528,2,406.07,,0,2,1,3,6
12742.0,,,,625,1,1201.52,,0,1,0,6,7
12743.0,0.0,,0.0,133,2,540.13,,0,5,1,4,10
12744.0,53.0,68.0,44.0,51,11,25317.059999999998,0.6520845474495712,9,7,6,10,23
12745.0,97.0,,97.0,486,3,925.41,,0,2,2,6,10
12746.0,,,,540,1,254.55,,0,1,0,2,3
12747.0,29.0,25.0,33.0,1,26,8898.48,1.3227399593606948,5,10,8,10,28
12748.0,2.0,2.0,1.0,0,337,54130.11,0.6435215624173454,9,10,10,10,30
12749.0,64.0,40.0,79.0,3,9,6897.360000000001,1.9474862053060458,2,10,5,10,25
12750.0,,,,128,1,275.88,,0,5,0,2,7
12751.0,,,,444,1,268.27,,0,2,0,2,4
12752.0,,,,80,1,4366.78,,0,6,0,9,15
12753.0,67.0,40.0,86.0,22,6,21429.39,2.159227414546011,0,8,4,10,22
12754.0,24.0,0.0,36.0,235,4,3056.31,52514.0,0,4,3,9,16
12755.0,41.0,46.0,37.0,280,11,5236.259999999999,0.8137431332870367,8,4,6,9,19
12756.0,,,,86,1,112.07999999999998,,0,6,0,1,7
12757.0,16.0,5.0,24.0,15,13,7834.650000000001,4.702366538672299,1,9,7,10,26
12758.0,103.0,74.0,118.0,116,7,9903.24,1.5888083307672929,0,5,4,10,19
12759.0,97.0,99.0,96.0,51,8,5020.74,0.9693626565685989,7,7,5,9,21
12760.0,,,,455,1,347.8,,0,2,0,3,5
12761.0,7.0,,7.0,457,2,782.95,,0,2,1,5,8
12762.0,17.0,,17.0,7,2,1898.52,,0,10,1,8,19
12763.0,230.0,,230.0,137,2,494.08,,0,5,1,4,10
12764.0,,,,316,1,1693.88,,0,3,0,7,10
12765.0,33.0,27.0,37.0,471,6,1404.58,1.3748837209302325,0,2,4,7,13
12766.0,50.0,24.0,66.0,3,9,8918.99,2.7081236316073816,2,10,5,10,25
12767.0,,,,375,1,949.82,,0,3,0,6,9
12768.0,,,,450,1,168.69000000000003,,0,2,0,2,4
12769.0,,,,238,1,1143.6,,0,4,0,6,10
12770.0,245.0,,245.0,210,2,3246.45,,0,4,1,9,14
12771.0,,,,485,1,282.3,,0,2,0,2,4
12772.0,,,,59,1,892.47,,0,6,0,6,12
12773.0,,,,563,1,124.25,,0,1,0,1,2
12774.0,,,,535,1,98.7,,0,1,0,1,2
12775.0,65.0,48.0,73.0,16,7,1686.1200000000001,1.5010100580517576,0,9,4,7,20
12776.0,,,,667,1,55.5,,0,1,0,1,2
12777.0,,,,457,1,519.45,,0,2,0,4,6
12778.0,72.0,96.0,58.0,19,9,1775.68,0.6055379799845888,9,8,5,7,20
12779.0,53.0,60.0,47.0,37,14,6474.11,0.783594548898902,8,7,7,10,24
12780.0,,,,598,1,337.4,,0,1,0,3,4
12781.0,221.0,,221.0,63,2,826.74,,0,6,1,5,12
12782.0,51.0,31.0,65.0,4,11,4618.24,2.097390467881391,2,10,6,9,25
12783.0,14.0,10.0,17.0,1,6,2225.91,1.5647025116989781,0,10,4,8,22
12784.0,260.0,,260.0,8,3,1763.1499999999999,,0,10,2,7,19
12785.0,183.0,,183.0,363,3,1100.4,,0,3,2,6,11
12786.0,,,,609,1,728.5,,0,1,0,5,6
12787.0,134.0,220.0,91.0,9,4,862.18,0.41436340703135077,0,9,3,5,17
12788.0,21.0,16.0,24.0,462,4,444.9,1.531224250834815,0,2,3,4,9
12789.0,314.0,,314.0,64,3,273.35,,0,6,2,2,10
12790.0,218.0,,218.0,191,2,591.85,,0,4,1,4,9
12791.0,50.0,0.0,83.0,373,6,863.51,214.45278522490318,0,3,4,5,12
12792.0,278.0,,278.0,256,2,827.01,,0,4,1,5,10
12793.0,33.0,,33.0,334,3,885.53,,0,3,2,6,11
12794.0,45.0,,45.0,52,2,860.41,,0,7,1,5,13
12795.0,,,,18,1,430.48,,0,9,0,4,13
12796.0,,,,627,1,381.0,,0,1,0,3,4
12797.0,58.0,,58.0,365,2,552.08,,0,3,1,4,8
12798.0,137.0,250.0,80.0,9,4,8510.93,0.31931697407169585,0,9,3,10,22
12799.0,,,,528,1,219.35,,0,2,0,2,4
12800.0,103.0,,103.0,469,3,584.25,,0,2,2,4,8
12801.0,,,,500,1,1071.82,,0,2,0,6,8
12802.0,62.0,46.0,70.0,186,7,2416.42,1.523429172040045,0,5,4,8,17
12803.0,,,,392,1,1092.81,,0,3,0,6,9
12804.0,34.0,,34.0,465,2,325.37,,0,2,1,3,6
12805.0,97.0,69.0,111.0,381,4,1434.95,1.619847535253706,0,3,3,7,13
12806.0,51.0,16.0,68.0,434,4,2878.96,4.246824542518837,0,2,3,8,13
12807.0,,,,382,1,330.35,,0,3,0,3,6
12808.0,106.0,27.0,132.0,36,5,776.7,4.865458120396973,0,7,3,5,15
12809.0,234.0,,234.0,177,3,1755.94,,0,5,2,7,14
12810.0,142.0,,142.0,534,2,534.99,,0,2,1,4,7
12811.0,41.0,48.0,39.0,260,5,1033.9,0.8044094741676017,0,4,3,6,13
12812.0,,,,44,1,229.64000000000001,,0,7,0,2,9
12813.0,95.0,,95.0,501,3,1687.8000000000002,,0,2,2,7,11
12814.0,,,,101,1,125.92,,0,5,0,1,6
12815.0,50.0,,50.0,147,2,1063.46,,0,5,1,6,12
12816.0,80.0,,80.0,95,2,572.2,,0,6,1,4,11
12817.0,76.0,,76.0,280,3,690.98,,0,4,2,5,11
12818.0,,,,261,1,1542.08,,0,4,0,7,11
12819.0,,,,457,1,540.52,,0,2,0,4,6
12820.0,73.0,57.0,83.0,2,11,2689.52,1.4538120819158,4,10,6,8,24
12821.0,397.0,,397.0,213,2,220.79999999999998,,0,4,1,2,7
12822.0,16.0,,16.0,70,2,948.88,,0,6,1,6,13
12823.0,35.0,20.0,48.0,74,18,6501.5,2.366115745724009,2,6,7,10,23
12824.0,,,,59,1,397.12,,0,6,0,3,9
12825.0,120.0,,120.0,520,2,518.63,,0,2,1,4,7
12826.0,65.0,71.0,60.0,2,12,2800.75,0.8487776473692351,8,10,6,8,24
12827.0,19.0,,19.0,5,3,430.15,,0,10,2,4,16
12828.0,25.0,15.0,32.0,2,6,1018.71,2.075723000283383,0,10,4,6,20
12829.0,106.0,,106.0,336,3,385.3,,0,3,2,3,8
12830.0,26.0,18.0,32.0,37,6,6814.64,1.7312288809381833,0,7,4,10,21
12831.0,100.0,,100.0,261,3,451.11,,0,4,2,4,10
12832.0,65.0,,65.0,31,2,383.03000000000003,,0,8,1,3,12
12833.0,,,,144,1,417.38,,0,5,0,4,9
12834.0,,,,282,1,312.38,,0,4,0,3,7
12835.0,7.0,6.0,8.0,427,42,6110.83,1.1789651699103767,5,2,8,10,20
12836.0,45.0,34.0,54.0,58,16,7406.42,1.5988461104753862,3,7,7,10,24
12837.0,396.0,,396.0,172,2,662.6600000000001,,0,5,1,5,11
12838.0,62.0,37.0,81.0,33,10,2975.9100000000003,2.1799241232534468,2,7,6,9,22
12839.0,29.0,30.0,28.0,2,26,9669.12,0.9220502875894979,7,10,8,10,28
12840.0,88.0,118.0,73.0,143,7,4041.97,0.6191681773055668,0,5,4,9,18
12841.0,13.0,10.0,15.0,4,40,6958.2,1.4152926438541342,4,10,8,10,28
12842.0,222.0,333.0,167.0,69,4,1917.99,0.5016448808555882,0,6,3,8,17
12843.0,22.0,15.0,29.0,65,30,6583.36,1.884627738816492,3,6,8,10,24
12844.0,188.0,151.0,206.0,28,4,648.6,1.365446093922246,0,8,3,5,16
12845.0,7.0,19.0,1.0,266,4,354.09,0.0782905086523335,0,4,3,3,10
12846.0,,,,681,1,15.58,,0,1,0,1,2
12847.0,365.0,,365.0,21,2,1609.0,,0,8,1,7,16
12848.0,,,,675,1,208.0,,0,1,0,2,3
12849.0,111.0,97.0,121.0,30,6,3042.47,1.2387227416538482,0,8,4,9,21
12850.0,,,,445,1,330.0,,0,2,0,3,5
12851.0,380.0,,380.0,96,2,280.76,,0,5,1,2,8
12852.0,,,,294,1,311.55,,0,4,0,3,7
12853.0,53.0,61.0,48.0,134,11,3907.5,0.7965043695380774,8,5,6,9,20
12854.0,108.0,38.0,143.0,78,7,2970.9700000000003,3.7221981630848626,0,6,4,9,19
12855.0,9.0,7.0,10.0,372,4,612.84,1.3855363138363668,0,3,3,5,11
12856.0,11.0,12.0,10.0,7,6,2170.78,0.8853621638289056,0,10,4,8,22
12857.0,94.0,94.0,94.0,210,6,3688.0,1.0015633461488511,0,4,4,9,17
12858.0,,,,382,1,147.27,,0,3,0,1,4
12859.0,,,,458,1,575.1,,0,2,0,4,6
12860.0,,,,692,1,54.22,,0,1,0,1,2
12861.0,,,,619,1,68.25,,0,1,0,1,2
12862.0,69.0,,69.0,425,2,984.62,,0,2,1,6,9
12863.0,107.0,20.0,165.0,51,6,2792.55,7.868947095378434,0,7,4,8,19
12864.0,369.0,,369.0,137,2,299.57,,0,5,1,3,9
12865.0,150.0,98.0,175.0,25,4,3323.4700000000003,1.7931812874601074,0,8,3,9,20
12866.0,109.0,,109.0,282,3,1227.35,,0,4,2,7,13
12867.0,58.0,65.0,52.0,25,13,7829.26,0.812975431125449,8,8,7,10,25
12868.0,29.0,20.0,36.0,185,8,2043.7600000000002,1.7861586887477314,3,5,5,8,18
12869.0,,,,681,1,337.66999999999996,,0,1,0,3,4
12870.0,124.0,,124.0,374,3,1676.95,,0,3,2,7,12
12871.0,177.0,,177.0,83,3,744.02,,0,6,2,5,13
12872.0,37.0,39.0,35.0,326,12,3283.96,0.9022721655308782,7,3,6,9,18
12873.0,199.0,,199.0,281,3,2027.3000000000002,,0,4,2,8,14
12874.0,169.0,,169.0,384,2,948.42,,0,3,1,6,10
12875.0,138.0,95.0,153.0,142,5,1356.99,1.6104505426243285,0,5,3,7,15
12876.0,177.0,195.0,168.0,57,4,4081.79,0.8599007707982634,0,7,3,9,19
12877.0,36.0,40.0,32.0,3,20,2942.1400000000003,0.8124679041480823,8,10,7,9,26
12878.0,29.0,,29.0,235,2,854.99,,0,4,1,5,10
12879.0,23.0,,23.0,44,3,573.22,,0,7,2,4,13
12880.0,192.0,,192.0,381,2,640.13,,0,3,1,5,9
12881.0,,,,275,1,298.0,,0,4,0,3,7
12882.0,24.0,,24.0,8,2,1463.04,,0,10,1,7,18
12883.0,21.0,64.0,0.0,24,4,703.47,1.0723630592373354e-05,0,8,3,5,16
12884.0,,,,87,1,309.05,,0,6,0,3,9
12885.0,30.0,,30.0,62,3,1175.22,,0,6,2,6,14
12886.0,151.0,,151.0,67,2,1378.4,,0,6,1,7,14
12887.0,,,,383,1,222.4,,0,3,0,2,5
12888.0,41.0,,41.0,213,2,354.12,,0,4,1,3,8
12889.0,40.0,35.0,43.0,380,4,385.46000000000004,1.2289749285940972,0,3,3,3,9
12890.0,181.0,,181.0,23,3,1035.32,,0,8,2,6,16
12891.0,47.0,35.0,55.0,185,11,840.5,1.5450947982498784,4,5,6,5,16
12892.0,,,,396,1,263.38,,0,3,0,2,5
12893.0,,,,30,1,176.55,,0,8,0,2,10
12894.0,,,,574,1,157.35,,0,1,0,1,2
12895.0,44.0,,44.0,41,2,372.8,,0,7,1,3,11
12897.0,113.0,162.0,88.0,204,4,514.25,0.5459204442711391,0,4,3,4,11
12898.0,195.0,,195.0,463,2,296.21000000000004,,0,2,1,3,6
12899.0,,,,413,1,366.4,,0,2,0,3,5
12900.0,,,,421,1,340.33,,0,2,0,3,5
12901.0,9.0,7.0,11.0,8,28,17654.54,1.6305099692666065,3,10,8,10,28
12902.0,,,,264,1,138.68,,0,4,0,1,5
12903.0,,,,428,1,833.53,,0,2,0,5,7
12904.0,154.0,,154.0,17,2,496.06,,0,9,1,4,14
12905.0,105.0,,105.0,576,2,1018.42,,0,1,1,6,8
12906.0,16.0,0.0,22.0,11,5,2919.81,0.0,0,9,3,8,20
12907.0,98.0,,98.0,395,2,508.90999999999997,,0,3,1,4,8
12908.0,113.0,124.0,109.0,175,5,1776.0,0.8779557759224467,0,5,3,7,15
12909.0,87.0,133.0,53.0,39,8,3103.19,0.40121381091839586,10,7,5,9,21
12910.0,49.0,75.0,31.0,22,13,5796.52,0.4102646669157476,10,8,7,10,25
12911.0,,,,551,1,1651.72,,0,1,0,7,8
12912.0,9.0,16.0,6.0,2,5,1662.3,0.4132764070774662,0,10,3,7,20
12913.0,61.0,65.0,57.0,4,13,6283.240000000001,0.8752879632488612,7,10,7,10,27
12914.0,,,,400,1,223.98,,0,3,0,2,5
12915.0,146.0,116.0,162.0,148,4,975.1,1.3891389648047918,0,5,3,6,14
12916.0,90.0,121.0,75.0,138,7,4479.73,0.6279256608830137,0,5,4,9,18
12917.0,120.0,115.0,123.0,127,6,4359.2,1.063855182414152,0,5,4,9,18
12918.0,,,,625,1,10953.5,,0,1,0,10,11
12919.0,32.0,26.0,36.0,7,6,1335.19,1.3571724411542871,0,10,4,7,21
12920.0,235.0,0.0,353.0,16,4,486.64,0.0,0,9,3,4,16
12921.0,9.0,9.0,10.0,8,74,35233.24,1.0368579856077633,6,10,9,10,29
12922.0,,,,160,1,405.38,,0,5,0,3,8
12923.0,255.0,,255.0,63,3,770.42,,0,6,2,5,13
12924.0,58.0,55.0,60.0,87,12,2469.4,1.0917593029851007,6,6,6,8,20
12925.0,294.0,,294.0,4,3,729.3299999999999,,0,10,2,5,17
12926.0,104.0,78.0,117.0,410,4,1523.97,1.5110727689926893,0,2,3,7,12
12927.0,,,,394,1,197.31,,0,3,0,2,5
12928.0,46.0,21.0,67.0,34,12,4304.89,3.1641442445367316,1,7,6,9,22
12929.0,,,,311,1,117.85,,0,3,0,1,4
12930.0,93.0,,93.0,77,2,415.8,,0,6,1,4,11
12931.0,12.0,10.0,14.0,21,57,92347.34,1.3710357907530335,4,8,9,10,27
12932.0,18.0,23.0,14.0,538,8,1698.56,0.6018800515403537,9,1,5,7,13
12933.0,100.0,109.0,94.0,23,8,1636.63,0.8584517738616823,7,8,5,7,20
12934.0,,,,736,1,181.65,,0,1,0,2,3
12935.0,43.0,28.0,54.0,1,15,4243.86,1.8768345627399352,3,10,7,9,26
12936.0,20.0,56.0,2.0,16,4,1063.9,0.03770485797327992,0,9,3,6,18
12937.0,90.0,83.0,93.0,14,9,3097.61,1.1168403935727476,6,9,5,9,23
12938.0,,,,25,1,114.14,,0,8,0,1,9
12939.0,33.0,34.0,32.0,63,20,25264.8,0.953298314194967,7,6,7,10,23
12940.0,33.0,,33.0,54,2,899.6899999999999,,0,7,1,6,14
12941.0,,,,723,1,377.49,,0,1,0,3,4
12942.0,117.0,,117.0,130,3,675.6,,0,5,2,5,12
12943.0,47.0,,47.0,557,2,496.5,,0,1,1,4,6
12944.0,319.0,,319.0,35,2,604.51,,0,7,1,4,12
12945.0,367.0,,367.0,287,2,900.11,,0,4,1,6,11
12946.0,,,,436,1,324.45,,0,2,0,3,5
12947.0,45.0,69.0,30.0,143,6,1603.99,0.4372811166782626,0,5,4,7,16
12948.0,90.0,158.0,48.0,15,9,2317.4300000000003,0.3073547913608723,10,9,5,8,22
12949.0,33.0,27.0,39.0,30,22,15526.699999999999,1.443730571963138,4,8,7,10,25
12950.0,10.0,,10.0,1,3,1843.0,,0,10,2,8,20
12951.0,49.0,43.0,53.0,8,15,3213.7200000000003,1.2159672223702573,5,10,7,9,26
12952.0,24.0,35.0,18.0,5,4,1387.79,0.5388124231486257,0,10,3,7,20
12953.0,512.0,,512.0,9,2,828.8100000000001,,0,9,1,5,15
12954.0,,,,638,1,162.45,,0,1,0,2,3
12955.0,26.0,31.0,23.0,0,11,4757.16,0.7642565830469517,8,10,6,9,25
12956.0,139.0,0.0,208.0,305,4,521.89,312.582726326743,0,4,3,4,11
12957.0,59.0,77.0,47.0,9,13,8706.97,0.6057460409834748,9,9,7,10,26
12958.0,182.0,,182.0,399,2,467.34,,0,3,1,4,8
12959.0,,,,483,1,150.95,,0,2,0,1,3
12960.0,82.0,83.0,81.0,413,4,1322.0700000000002,0.9756090501629096,0,2,3,7,12
12961.0,,,,378,1,211.99,,0,3,0,2,5
12962.0,106.0,,106.0,6,2,266.39000000000004,,0,10,1,2,13
12963.0,46.0,86.0,12.0,7,12,3235.79,0.14598221464039007,10,10,6,9,25
12964.0,,,,436,1,132.24,,0,2,0,1,3
12965.0,,,,88,1,769.8100000000001,,0,6,0,5,11
12966.0,,,,9,1,160.18,,0,9,0,1,10
12967.0,12.0,,12.0,357,3,2938.5200000000004,,0,3,2,9,14
12968.0,,,,111,1,135.95,,0,5,0,1,6
12969.0,,,,602,1,122.45,,0,1,0,1,2
12970.0,80.0,88.0,74.0,6,10,1453.6,0.8408534282891326,8,10,6,7,23
12971.0,6.0,8.0,4.0,3,116,15704.6,0.508895360148142,9,10,10,10,30
12972.0,82.0,13.0,116.0,413,4,1161.2,8.401472055888224,0,2,3,6,11
12973.0,,,,413,1,385.55,,0,2,0,3,5
12974.0,367.0,,367.0,197,2,408.95,,0,4,1,3,8
12975.0,59.0,112.0,23.0,436,6,2100.09,0.20938145956122614,0,2,4,8,14
12976.0,64.0,30.0,90.0,211,8,3156.38,2.9995925659545817,1,4,5,9,18
12977.0,118.0,0.0,177.0,155,4,513.88,31950.4375,0,5,3,4,12
12978.0,86.0,28.0,105.0,384,5,2502.82,3.7630539021164022,0,3,3,8,14
12979.0,,,,728,1,517.7,,0,1,0,4,5
12980.0,28.0,34.0,24.0,157,21,16245.78,0.7216318460963934,9,5,7,10,22
12981.0,103.0,,103.0,29,2,372.22,,0,8,1,3,12
12982.0,51.0,22.0,74.0,242,8,2744.81,3.323659580642821,1,4,5,8,17
12983.0,,,,597,1,490.08000000000004,,0,1,0,4,5
12984.0,,,,18,1,97.5,,0,9,0,1,10
12985.0,27.0,,27.0,0,2,1239.38,,0,10,1,7,18
12986.0,28.0,38.0,20.0,428,10,2729.84,0.5358532119947895,9,2,6,8,16
12987.0,153.0,78.0,178.0,73,5,1312.21,2.2843387594424938,0,6,3,7,16
12988.0,,,,291,1,505.82,,0,4,0,4,8
12989.0,22.0,18.0,26.0,2,33,13551.75,1.4321787692678227,4,10,8,10,28
12990.0,98.0,84.0,104.0,30,7,955.5,1.239069270737067,0,8,4,6,18
12991.0,183.0,,183.0,22,3,764.8199999999999,,0,8,2,5,15
12992.0,,,,724,1,93.35000000000001,,0,1,0,1,2
12993.0,90.0,71.0,105.0,22,8,1259.6299999999999,1.478622443353205,4,8,5,7,20
12994.0,132.0,,132.0,3,3,974.4200000000001,,0,10,2,6,18
12995.0,,,,84,1,211.32,,0,6,0,2,8
12996.0,,,,375,1,355.5,,0,3,0,3,6
12997.0,84.0,72.0,93.0,21,8,2110.91,1.2800351922035733,5,8,5,8,21
12998.0,80.0,,80.0,492,3,920.08,,0,2,2,6,10
12999.0,24.0,,24.0,195,3,455.88,,0,4,2,4,10
13000.0,206.0,360.0,129.0,106,4,1032.5,0.3576301923406418,0,5,3,6,14
13001.0,22.0,18.0,26.0,3,33,24042.65,1.442107807482835,4,10,8,10,28
13002.0,58.0,,58.0,317,3,414.13,,0,3,2,4,9
13003.0,54.0,,54.0,105,3,149.05,,0,5,2,1,8
13004.0,20.0,19.0,20.0,11,36,11650.85,1.0457240769475205,6,9,8,10,27
13005.0,94.0,25.0,128.0,173,4,999.6800000000001,4.975304673898487,0,5,3,6,14
13006.0,,,,55,1,81.57,,0,7,0,1,8
13007.0,,,,579,1,175.25,,0,1,0,2,3
13008.0,199.0,,199.0,322,3,612.13,,0,3,2,5,10
13009.0,,,,672,1,234.0,,0,1,0,2,3
13010.0,274.0,,274.0,373,2,330.12,,0,3,1,3,7
13011.0,,,,371,1,50.550000000000004,,0,3,0,1,4
13012.0,58.0,93.0,35.0,8,11,2957.83,0.375713302078735,10,10,6,9,25
13013.0,24.0,22.0,27.0,0,30,11455.03,1.1852141427290137,5,10,8,10,28
13014.0,42.0,65.0,26.0,10,11,5381.08,0.40253484354272884,10,9,6,9,24
13015.0,54.0,41.0,64.0,52,11,6579.78,1.5583675109558073,4,7,6,10,23
13016.0,24.0,,24.0,72,3,789.89,,0,6,2,5,13
13017.0,,,,6,1,204.0,,0,10,0,2,12
13018.0,18.0,27.0,10.0,15,35,9763.16,0.3852217229773891,10,9,8,10,27
13019.0,70.0,60.0,77.0,378,6,1229.95,1.2682974975704568,0,3,4,7,14
13020.0,97.0,,97.0,562,2,618.96,,0,1,1,5,7
13021.0,45.0,51.0,41.0,3,17,4887.24,0.7995245157885831,8,10,7,9,26
13022.0,,,,429,1,65.3,,0,2,0,1,3
13023.0,154.0,0.0,232.0,63,4,2208.16,334277.5,0,6,3,8,17
13024.0,111.0,,111.0,470,2,555.87,,0,2,1,4,7
13025.0,,,,731,1,323.39,,0,1,0,3,4
13026.0,90.0,79.0,97.0,0,9,1733.0800000000002,1.2285704280223773,5,10,5,7,22
13027.0,31.0,25.0,36.0,113,19,17239.2,1.4221154620360181,4,5,7,10,22
13028.0,22.0,,22.0,22,2,661.3199999999999,,0,8,1,5,14
13029.0,123.0,148.0,114.0,30,5,1927.3,0.7706275016762105,0,8,3,8,19
13030.0,356.0,,356.0,10,2,752.44,,0,9,1,5,15
13031.0,36.0,49.0,32.0,406,5,3292.84,0.665935092886271,0,3,3,9,15
13032.0,51.0,0.0,81.0,51,9,2815.96,238.11347325660122,1,7,5,8,20
13033.0,72.0,,72.0,356,2,220.55,,0,3,1,2,6
13034.0,173.0,,173.0,54,3,756.8199999999999,,0,7,2,5,14
13035.0,178.0,,178.0,73,3,1364.2,,0,6,2,7,15
13036.0,,,,684,1,307.1,,0,1,0,3,4
13037.0,54.0,39.0,67.0,137,12,3914.9500000000003,1.7104855768662626,3,5,6,9,20
13038.0,105.0,,105.0,79,3,908.46,,0,6,2,6,14
13039.0,46.0,103.0,17.0,583,4,1010.73,0.1637917788451903,0,1,3,6,10
13040.0,24.0,,24.0,8,2,676.99,,0,10,1,5,16
13041.0,46.0,67.0,35.0,450,4,799.13,0.5360393438553669,0,2,3,5,10
13042.0,66.0,,66.0,597,3,1488.59,,0,1,2,7,10
13043.0,,,,272,1,516.42,,0,4,0,4,8
13044.0,40.0,22.0,53.0,290,11,4848.05,2.362717112335221,2,4,6,9,19
13045.0,193.0,,193.0,98,3,808.9200000000001,,0,5,2,5,12
13046.0,212.0,,212.0,30,3,949.25,,0,8,2,6,16
13047.0,30.0,23.0,36.0,31,24,8428.53,1.5889938254169707,3,8,7,10,25
13048.0,83.0,58.0,98.0,13,9,4049.13,1.6881314344475458,3,9,5,9,23
13049.0,112.0,11.0,162.0,63,4,1408.24,13.586269956458636,0,6,3,7,16
13050.0,20.0,21.0,20.0,14,35,11986.52,0.9610585070397144,7,9,8,10,27
13051.0,40.0,,40.0,578,2,155.8,,0,1,1,1,3
13052.0,73.0,39.0,91.0,211,7,3119.33,2.331967577763542,0,4,4,9,17
13053.0,,,,621,1,127.65,,0,1,0,1,2
13055.0,117.0,216.0,67.0,77,4,2321.11,0.31298600685994965,0,6,3,8,17
13056.0,,,,550,1,209.48,,0,1,0,2,3
13057.0,50.0,,50.0,529,3,709.59,,0,2,2,5,9
13058.0,63.0,,63.0,24,3,271.4,,0,8,2,2,12
13059.0,40.0,26.0,52.0,249,10,2291.77,2.007374379908712,2,4,6,8,18
13060.0,,,,253,1,307.53,,0,4,0,3,7
13061.0,,,,71,1,248.61,,0,6,0,2,8
13062.0,,,,190,1,346.98,,0,4,0,3,7
13063.0,,,,480,1,188.4,,0,2,0,2,4
13064.0,115.0,132.0,104.0,12,6,1666.8400000000001,0.7948864228884104,0,9,4,7,20
13065.0,43.0,77.0,32.0,372,5,1055.0500000000002,0.420146209895899,0,3,3,6,12
13066.0,7.0,,7.0,23,2,470.8,,0,8,1,4,13
13067.0,181.0,,181.0,81,3,508.51,,0,6,2,4,12
13068.0,309.0,,309.0,9,2,344.0,,0,9,1,3,13
13069.0,14.0,11.0,17.0,0,38,9284.45,1.513665905349593,4,10,8,10,28
13070.0,179.0,142.0,198.0,191,4,751.7,1.390134867077653,0,4,3,5,12
13071.0,,,,611,1,129.22,,0,1,0,1,2
13072.0,,,,266,1,177.15,,0,4,0,2,6
13073.0,26.0,,26.0,410,2,418.08,,0,2,1,4,7
13074.0,70.0,33.0,89.0,510,4,1378.74,2.6271054624342525,0,2,3,7,12
13075.0,,,,129,1,919.61,,0,5,0,6,11
13076.0,,,,457,1,135.4,,0,2,0,1,3
13077.0,72.0,66.0,77.0,0,11,2740.65,1.1615339634662547,5,10,6,8,24
13078.0,13.0,12.0,13.0,2,57,29018.06,1.0582499342408282,6,10,9,10,29
13079.0,82.0,163.0,29.0,3,6,419.18,0.17801253789411656,0,10,4,4,18
13080.0,143.0,47.0,191.0,178,4,280.73,3.9848432181910347,0,5,3,2,10
13081.0,26.0,24.0,28.0,11,28,56838.37,1.1458611891992014,6,9,8,10,27
13082.0,29.0,28.0,30.0,125,21,7335.75,1.0498713409104024,6,5,7,10,22
13083.0,210.0,,210.0,3,3,395.43,,0,10,2,3,15
13084.0,,,,491,1,122.39999999999999,,0,2,0,1,3
13085.0,83.0,0.0,144.0,157,8,2433.2799999999997,191.6716738197425,1,5,5,8,18
13086.0,,,,382,1,439.33000000000004,,0,3,0,4,7
13087.0,,,,725,1,313.64,,0,1,0,3,4
13088.0,,,,416,1,236.11,,0,2,0,2,4
13089.0,3.0,3.0,3.0,2,203,113416.91,1.043602904732821,6,10,10,10,30
13090.0,21.0,11.0,29.0,8,24,13091.74,2.5384034278824297,2,10,7,10,27
13091.0,350.0,,350.0,27,3,2321.82,,0,8,2,8,18
13092.0,54.0,41.0,64.0,70,12,2140.28,1.5436768720910559,4,6,6,8,20
13093.0,8.0,10.0,6.0,275,55,54144.25,0.664578298009131,9,4,9,10,23
13094.0,30.0,21.0,37.0,20,13,2209.44,1.7460384524310182,3,8,7,8,23
13095.0,,,,70,1,74.39999999999999,,0,6,0,1,7
13096.0,,,,393,1,419.70000000000005,,0,3,0,4,7
13097.0,26.0,19.0,32.0,32,28,13324.1,1.663016959098639,3,8,8,10,26
13098.0,11.0,13.0,10.0,0,28,28882.44,0.7391337685914752,8,10,8,10,28
13099.0,,,,98,1,207.35999999999999,,0,5,0,2,7
13101.0,148.0,120.0,163.0,233,4,695.4,1.3615052668722125,0,4,3,5,12
13102.0,16.0,15.0,16.0,0,37,11380.1,1.1050460613137454,6,10,8,10,28
13103.0,268.0,,268.0,39,3,709.6400000000001,,0,7,2,5,14
13104.0,81.0,99.0,70.0,2,9,1709.1,0.7047558856059409,9,10,5,7,22
13105.0,,,,435,1,72.0,,0,2,0,1,3
13106.0,280.0,,280.0,132,2,603.46,,0,5,1,4,10
13107.0,78.0,77.0,79.0,43,9,5253.07,1.0341978288906057,6,7,5,9,21
13108.0,62.0,,62.0,372,2,748.46,,0,3,1,5,9
13109.0,245.0,,245.0,59,3,1134.03,,0,6,2,6,14
13110.0,64.0,85.0,46.0,30,12,2957.4700000000003,0.5463127083502723,9,8,6,9,23
13111.0,,,,718,1,321.88000000000005,,0,1,0,3,4
13112.0,,,,540,1,20.6,,0,1,0,1,2
13113.0,17.0,19.0,15.0,0,37,18230.07,0.7841418737884505,8,10,8,10,28
13114.0,,,,730,1,234.38,,0,1,0,2,3
13115.0,65.0,48.0,78.0,11,10,5494.7,1.6008166534929305,3,9,6,10,25
13116.0,,,,137,1,501.14,,0,5,0,4,9
13117.0,35.0,26.0,43.0,21,18,2255.66,1.6731328918074653,3,8,7,8,23
13118.0,52.0,20.0,71.0,19,9,2415.41,3.4037966161554847,1,8,5,8,21
13119.0,,,,668,1,134.9,,0,1,0,1,2
13120.0,,,,238,1,30.599999999999998,,0,4,0,1,5
13121.0,,,,268,1,283.73,,0,4,0,2,6
13122.0,146.0,,146.0,93,2,922.39,,0,6,1,6,13
13123.0,56.0,,56.0,472,2,506.75,,0,2,1,4,7
13124.0,98.0,25.0,134.0,89,4,4641.66,5.197445841133993,0,6,3,9,18
13125.0,,,,523,1,148.62,,0,2,0,1,3
13126.0,53.0,56.0,51.0,4,13,3774.81,0.920098468109086,7,10,7,9,26
13127.0,,,,77,1,259.17,,0,6,0,2,8
13128.0,,,,630,1,263.5,,0,1,0,2,3
13129.0,77.0,,77.0,451,2,233.25,,0,2,1,2,5
13130.0,,,,93,1,64.0,,0,6,0,1,7
13131.0,107.0,56.0,132.0,22,7,3313.77,2.3298922281181653,0,8,4,9,21
13132.0,,,,261,1,77.3,,0,4,0,1,5
13133.0,92.0,,92.0,273,3,200.45000000000002,,0,4,2,2,8
13134.0,66.0,87.0,51.0,85,6,2475.23,0.5868032536751165,0,6,4,8,18
13135.0,294.0,,294.0,196,2,3371.45,,0,4,1,9,14
13136.0,56.0,62.0,52.0,55,13,6274.56,0.837259921907751,8,7,7,10,24
13137.0,32.0,16.0,46.0,10,16,7586.9400000000005,2.8380580203355277,1,9,7,10,26
13138.0,62.0,77.0,54.0,21,7,1274.01,0.6999652613858035,0,8,4,7,19
13139.0,60.0,109.0,23.0,15,8,8202.98,0.21299420795474752,10,9,5,10,24
13140.0,95.0,70.0,104.0,107,5,1054.9199999999998,1.4681855017907093,0,5,3,6,14
13141.0,40.0,27.0,50.0,84,17,7656.08,1.8007211720313383,3,6,7,10,23
13142.0,,,,18,1,307.09,,0,9,0,3,12
13143.0,,,,584,1,405.1,,0,1,0,3,4
13144.0,98.0,,98.0,332,2,135.35,,0,3,1,1,5
13145.0,93.0,89.0,95.0,39,7,1128.52,1.0633546176004218,0,7,4,6,17
13146.0,,,,25,1,228.91,,0,8,0,2,10
13147.0,29.0,56.0,16.0,9,4,712.8000000000001,0.29277881488990815,0,9,3,5,17
13148.0,28.0,28.0,27.0,28,26,8497.82,0.9683045254224733,7,8,8,10,26
13149.0,91.0,139.0,67.0,13,4,1676.06,0.48220407515268177,0,9,3,7,19
13150.0,73.0,,73.0,483,3,449.96999999999997,,0,2,2,4,8
13151.0,166.0,,166.0,295,3,2465.21,,0,4,2,8,14
13152.0,46.0,50.0,43.0,416,7,2146.38,0.8686096594104495,0,2,4,8,14
13153.0,,,,5,1,486.22,,0,10,0,4,14
13154.0,168.0,,168.0,398,3,1624.8400000000001,,0,3,2,7,12
13155.0,91.0,61.0,111.0,32,6,1370.48,1.8143970583259077,0,8,4,7,19
13156.0,145.0,,145.0,384,3,1586.54,,0,3,2,7,12
13157.0,74.0,55.0,85.0,48,9,5687.36,1.5262681430495286,4,7,5,10,22
13158.0,73.0,69.0,74.0,94,5,1508.18,1.071677659765259,0,6,3,7,16
13159.0,35.0,9.0,48.0,8,4,1429.35,5.349635479951397,0,10,3,7,20
13160.0,,,,21,1,91.8,,0,8,0,1,9
13161.0,187.0,,187.0,312,2,472.13,,0,3,1,4,8
13162.0,40.0,23.0,56.0,121,16,9275.49,2.3766237387883016,2,5,7,10,22
13163.0,,,,609,1,17.65,,0,1,0,1,2
13164.0,98.0,,98.0,568,2,372.20000000000005,,0,1,1,3,5
13165.0,183.0,,183.0,45,3,1451.16,,0,7,2,7,16
13166.0,131.0,,131.0,282,2,875.9300000000001,,0,4,1,6,11
13167.0,92.0,246.0,41.0,18,5,1125.15,0.16872261354103693,0,9,3,6,18
13168.0,126.0,223.0,93.0,35,5,1840.73,0.41966645477707665,0,7,3,8,18
13169.0,249.0,,249.0,63,3,840.0799999999999,,0,6,2,5,13
13170.0,,,,26,1,108.81,,0,8,0,1,9
13171.0,138.0,,138.0,21,3,468.40999999999997,,0,8,2,4,14
13172.0,,,,399,1,69.6,,0,3,0,1,4
13173.0,72.0,20.0,107.0,3,11,2399.82,5.227255280477755,1,10,6,8,24
13174.0,65.0,33.0,91.0,15,12,7995.36,2.731452213806905,1,9,6,10,25
13175.0,153.0,,153.0,581,2,831.4499999999999,,0,1,1,5,7
13176.0,,,,45,1,481.49,,0,7,0,4,11
13177.0,365.0,,365.0,64,2,512.2,,0,6,1,4,11
13178.0,34.0,36.0,33.0,25,21,14059.19,0.9309447149592089,7,8,7,10,25
13179.0,,,,618,1,572.3100000000001,,0,1,0,4,5
13180.0,,,,606,1,86.10000000000001,,0,1,0,1,2
13181.0,,,,380,1,359.69,,0,3,0,3,6
13182.0,,,,44,1,121.18,,0,7,0,1,8
13183.0,44.0,50.0,40.0,7,15,7036.18,0.8149412237098985,8,10,7,10,27
13184.0,30.0,26.0,33.0,14,10,1668.95,1.2852467624529875,5,9,6,7,22
13185.0,,,,267,1,71.4,,0,4,0,1,5
13186.0,44.0,,44.0,39,3,1575.89,,0,7,2,7,16
13187.0,95.0,0.0,143.0,336,4,341.36,1967.9714285714285,0,3,3,3,9
13188.0,,,,10,1,114.60000000000001,,0,9,0,1,10
13189.0,96.0,,96.0,18,2,260.68,,0,9,1,2,12
13190.0,94.0,,94.0,543,3,570.66,,0,1,2,4,7
13191.0,,,,657,1,164.69,,0,1,0,2,3
13192.0,118.0,75.0,146.0,94,6,2558.58,1.9427469802710018,0,6,4,8,18
13193.0,,,,60,1,112.08,,0,6,0,1,7
13194.0,285.0,,285.0,135,2,472.78,,0,5,1,4,10
13195.0,,,,413,1,136.73,,0,2,0,1,3
13196.0,101.0,87.0,107.0,10,7,3068.84,1.2410334880120657,0,9,4,9,22
13197.0,,,,609,1,373.01000000000005,,0,1,0,3,4
13198.0,60.0,38.0,77.0,9,8,4974.23,1.9918896185920654,2,9,5,9,23
13199.0,11.0,12.0,9.0,3,67,15964.21,0.7611701036396644,8,10,9,10,29
13200.0,35.0,51.0,27.0,18,4,870.09,0.5298342910597355,0,9,3,6,18
13201.0,46.0,78.0,30.0,501,4,1233.06,0.3959174975805091,0,2,3,7,12
13202.0,48.0,51.0,45.0,393,8,1772.3700000000001,0.8752025170293325,7,3,5,7,15
13203.0,79.0,71.0,84.0,9,10,2648.25,1.1808669223532817,5,9,6,8,23
13204.0,,,,730,1,966.6600000000001,,0,1,0,6,7
13205.0,,,,442,1,2803.2,,0,2,0,8,10
13206.0,27.0,11.0,39.0,399,13,8308.19,3.521442476135861,1,3,7,10,20
13207.0,198.0,160.0,217.0,14,4,535.86,1.354234706864492,0,9,3,4,16
13208.0,84.0,142.0,50.0,58,9,1976.3,0.3519191479194535,10,7,5,8,20
13209.0,54.0,64.0,47.0,29,13,8509.51,0.7326652258472239,8,8,7,10,25
13210.0,,,,93,1,353.48,,0,6,0,3,9
13211.0,80.0,55.0,100.0,9,10,2618.77,1.806338228713234,3,9,6,8,23
13212.0,20.0,,20.0,19,3,786.83,,0,8,2,5,15
13213.0,51.0,43.0,56.0,56,11,3851.5200000000004,1.2813950292304928,5,7,6,9,22
13214.0,38.0,32.0,41.0,417,7,3264.23,1.2844725811517756,0,2,4,9,15
13215.0,,,,401,1,81.6,,0,3,0,1,4
13216.0,,,,267,1,333.74,,0,4,0,3,7
13217.0,177.0,498.0,17.0,121,4,666.48,0.03421203893007701,0,5,3,5,13
13218.0,,,,126,1,62.63999999999999,,0,5,0,1,6
13219.0,,,,617,1,76.23,,0,1,0,1,2
13220.0,124.0,339.0,52.0,77,5,1336.09,0.1554598266227488,0,6,3,7,16
13221.0,119.0,,119.0,239,2,847.4100000000001,,0,4,1,5,10
13222.0,,,,576,1,88.5,,0,1,0,1,2
13223.0,92.0,68.0,109.0,199,6,969.1200000000001,1.598057868221184,0,4,4,6,14
13224.0,91.0,,91.0,59,2,2155.95,,0,6,1,8,15
13225.0,47.0,41.0,53.0,2,16,16260.070000000002,1.2715533578114053,5,10,7,10,27
13226.0,120.0,,120.0,272,2,312.46000000000004,,0,4,1,3,8
13227.0,,,,201,1,257.7,,0,4,0,2,6
13228.0,,,,80,1,358.0,,0,6,0,3,9
13229.0,,,,225,1,160.95,,0,4,0,1,5
13230.0,20.0,16.0,23.0,3,32,6541.48,1.3691349498181897,4,10,8,10,28
13232.0,38.0,23.0,45.0,12,7,1328.35,1.9568491530934997,0,9,4,7,20
13233.0,206.0,273.0,173.0,73,4,1176.46,0.6317342724361656,0,6,3,6,15
13234.0,59.0,,59.0,672,2,346.5,,0,1,1,3,5
13235.0,,,,211,1,1031.07,,0,4,0,6,10
13236.0,82.0,,82.0,24,2,744.85,,0,8,1,5,14
13237.0,,,,387,1,643.0,,0,3,0,5,8
13238.0,114.0,114.0,114.0,16,6,1006.63,0.9943987317883294,0,9,4,6,19
13239.0,60.0,4.0,78.0,261,5,1594.69,16.547525186158563,0,4,3,7,14
13240.0,79.0,80.0,78.0,95,8,1475.79,0.980201250432177,7,6,5,7,18
13241.0,,,,411,1,112.53,,0,2,0,1,3
13242.0,92.0,100.0,88.0,111,7,699.4,0.8835727937898117,0,5,4,5,14
13243.0,107.0,181.0,82.0,202,5,1220.38,0.45056650233774426,0,4,3,6,13
13244.0,,,,92,1,121.74000000000001,,0,6,0,1,7
13245.0,381.0,,381.0,50,2,989.22,,0,7,1,6,14
13246.0,50.0,32.0,62.0,17,11,3351.75,1.8951858751056807,3,9,6,9,24
13247.0,21.0,31.0,16.0,17,4,501.12,0.5440759668816533,0,9,3,4,16
13248.0,64.0,,64.0,124,2,465.67999999999995,,0,5,1,4,10
13249.0,74.0,50.0,88.0,91,9,1608.93,1.767495892439775,3,6,5,7,18
13250.0,41.0,,41.0,460,2,253.09,,0,2,1,2,5
13251.0,,,,401,1,252.68,,0,3,0,2,5
13252.0,231.0,,231.0,393,2,399.29999999999995,,0,3,1,3,7
13253.0,182.0,273.0,136.0,156,4,2951.11,0.50146998982706,0,5,3,9,17
13254.0,,,,375,1,51.410000000000004,,0,3,0,1,4
13255.0,251.0,,251.0,8,3,678.76,,0,10,2,5,17
13257.0,,,,435,1,149.75,,0,2,0,1,3
13258.0,97.0,20.0,122.0,11,5,1009.43,5.861871729341609,0,9,3,6,18
13259.0,79.0,30.0,109.0,61,9,1402.54,3.595138534242921,1,6,5,7,18
13260.0,,,,60,1,557.62,,0,6,0,4,10
13261.0,17.0,,17.0,268,2,944.1,,0,4,1,6,11
13262.0,168.0,,168.0,262,3,573.45,,0,4,2,4,10
13263.0,10.0,12.0,9.0,0,39,8676.2,0.7702268865754864,8,10,8,10,28
13264.0,,,,442,1,722.5600000000001,,0,2,0,5,7
13265.0,55.0,28.0,63.0,52,5,2092.6600000000003,2.267298150654037,0,7,3,8,18
13266.0,39.0,59.0,23.0,10,19,6135.04,0.39766564041389274,10,9,7,10,26
13267.0,20.0,21.0,20.0,2,36,9429.81,0.9402978020181365,7,10,8,10,28
13268.0,24.0,17.0,30.0,17,11,3174.75,1.7507741081803587,3,9,6,9,24
13269.0,27.0,28.0,26.0,0,28,8537.32,0.9288833331353782,7,10,8,10,28
13270.0,,,,365,1,590.0,,0,3,0,4,7
13271.0,,,,36,1,211.49,,0,7,0,2,9
13272.0,58.0,,58.0,30,2,276.56,,0,8,1,2,11
13273.0,,,,112,1,138.98,,0,5,0,1,6
13274.0,,,,408,1,360.85,,0,3,0,3,6
13275.0,248.0,,248.0,383,2,238.86,,0,3,1,2,6
13276.0,144.0,140.0,146.0,63,5,1891.91,1.04446857352511,0,6,3,8,17
13277.0,87.0,79.0,91.0,15,7,523.3,1.1449389411821127,0,9,4,4,17
13278.0,189.0,130.0,219.0,40,4,1435.85,1.6758805159826309,0,7,3,7,17
13279.0,,,,77,1,137.75,,0,6,0,1,7
13280.0,87.0,108.0,76.0,121,7,2293.33,0.7069880477320226,0,5,4,8,17
13281.0,,,,438,1,350.85,,0,2,0,3,5
13282.0,129.0,185.0,101.0,17,4,1313.19,0.5436625926368635,0,9,3,7,19
13283.0,193.0,72.0,253.0,59,4,373.36,3.4796060144651695,0,6,3,3,12
13284.0,,,,330,1,201.19,,0,3,0,2,5
13285.0,120.0,167.0,88.0,22,6,3364.59,0.5324249106784695,0,8,4,9,21
13286.0,,,,599,1,734.91,,0,1,0,5,6
13287.0,50.0,,50.0,602,3,781.59,,0,1,2,5,8
13288.0,55.0,13.0,69.0,442,5,927.61,5.033903119621702,0,2,3,6,11
13289.0,,,,723,1,307.95,,0,1,0,3,4
13290.0,,,,437,1,208.63,,0,2,0,2,4
13291.0,51.0,33.0,62.0,155,11,3270.79,1.8781706213457503,3,5,6,9,20
13292.0,121.0,31.0,151.0,38,5,994.51,4.754325735682883,0,7,3,6,16
13293.0,55.0,37.0,67.0,391,6,1192.94,1.786338630901142,0,3,4,6,13
13294.0,228.0,,228.0,189,3,1689.53,,0,4,2,7,13
13295.0,72.0,165.0,25.0,359,4,1101.97,0.15741071766551562,0,3,3,6,12
13296.0,87.0,32.0,124.0,136,6,792.51,3.7919252909963546,0,5,4,5,14
13297.0,89.0,78.0,94.0,7,7,4368.62,1.2028595558778532,0,10,4,9,23
13298.0,,,,0,1,360.0,,0,10,0,3,13
13299.0,130.0,,130.0,267,3,1218.7,,0,4,2,6,12
13300.0,202.0,,202.0,168,3,1285.51,,0,5,2,7,14
13301.0,62.0,69.0,59.0,103,4,618.09,0.8505093226901769,0,5,3,5,13
13302.0,371.0,,371.0,154,2,159.2,,0,5,1,1,7
13303.0,,,,399,1,61.72,,0,3,0,1,4
13304.0,106.0,123.0,97.0,350,4,1217.99,0.7924692284683932,0,3,3,6,12
13305.0,42.0,49.0,36.0,3,16,3616.41,0.7413802072286053,8,10,7,9,26
13306.0,,,,429,1,53.65,,0,2,0,1,3
13307.0,236.0,,236.0,119,3,273.34000000000003,,0,5,2,2,9
13308.0,191.0,393.0,90.0,22,4,1670.3700000000001,0.22998987902520707,0,8,3,7,18
13309.0,77.0,93.0,66.0,6,6,1706.37,0.7137435261851965,0,10,4,7,21
13310.0,93.0,21.0,117.0,27,5,1541.2,5.418698535772644,0,8,3,7,18
13311.0,145.0,,145.0,3,2,598.57,,0,10,1,4,15
13312.0,,,,450,1,124.75,,0,2,0,1,3
13313.0,65.0,37.0,88.0,21,12,3445.32,2.355722354579457,2,8,6,9,23
13314.0,36.0,,36.0,1,3,775.94,,0,10,2,5,17
13315.0,,,,688,1,310.26,,0,1,0,3,4
13316.0,66.0,61.0,71.0,36,10,12940.82,1.1560149898911287,5,7,6,10,23
13317.0,36.0,35.0,37.0,65,19,6486.091,1.0519014962593516,6,6,7,10,23
13318.0,18.0,,18.0,0,3,640.76,,0,10,2,5,17
13319.0,12.0,11.0,13.0,4,58,21323.22,1.1514469291267084,5,10,9,10,29
13320.0,80.0,132.0,45.0,77,6,2211.6,0.3404227812718379,0,6,4,8,18
13321.0,14.0,,14.0,71,2,567.36,,0,6,1,4,11
13322.0,,,,16,1,199.48000000000002,,0,9,0,2,11
13323.0,20.0,52.0,9.0,2,5,787.85,0.1858283246931514,0,10,3,5,18
13324.0,31.0,25.0,36.0,35,18,10513.47,1.4200897671731323,4,7,7,10,24
13325.0,,,,81,1,675.3,,0,6,0,5,11
13326.0,,,,431,1,281.76,,0,2,0,2,4
13327.0,35.0,29.0,41.0,38,20,9134.48,1.427708580492779,4,7,7,10,24
13328.0,,,,315,1,1308.48,,0,3,0,7,10
13329.0,100.0,101.0,99.0,31,8,4808.77,0.9873036897526679,7,8,5,9,22
13330.0,112.0,99.0,120.0,92,6,2796.1,1.2148186889818688,0,6,4,8,18
13331.0,,,,401,1,262.4,,0,3,0,2,5
13332.0,,,,13,1,350.9,,0,9,0,3,12
13333.0,123.0,,123.0,410,3,1015.7400000000001,,0,2,2,6,10
13334.0,142.0,116.0,151.0,81,5,6201.8,1.3040648752575326,0,6,3,10,19
13336.0,,,,76,1,795.12,,0,6,0,5,11
13337.0,,,,545,1,1575.26,,0,1,0,7,8
13338.0,181.0,142.0,201.0,157,4,2445.62,1.4089599867885487,0,5,3,8,16
13339.0,,,,200,1,860.12,,0,4,0,5,9
13340.0,55.0,75.0,38.0,44,12,22100.56,0.5082437473078368,9,7,6,10,23
13341.0,,,,260,1,775.85,,0,4,0,5,9
13343.0,,,,177,1,353.43,,0,5,0,3,8
13344.0,104.0,,104.0,67,3,2511.69,,0,6,2,8,16
13345.0,,,,287,1,389.5,,0,4,0,3,7
13346.0,26.0,27.0,26.0,462,6,299.4,0.9546934950432221,0,2,4,3,9
13347.0,,,,69,1,341.36,,0,6,0,3,9
13348.0,,,,63,1,233.76,,0,6,0,2,8
13349.0,,,,10,1,247.32,,0,9,0,2,11
13350.0,63.0,,63.0,15,2,979.1200000000001,,0,9,1,6,16
13351.0,,,,65,1,373.94,,0,6,0,3,9
13352.0,,,,59,1,397.97999999999996,,0,6,0,3,9
13354.0,,,,70,1,743.53,,0,6,0,5,11
13355.0,,,,121,1,674.7,,0,5,0,5,10
13356.0,,,,79,1,768.24,,0,6,0,5,11
13357.0,92.0,0.0,123.0,256,5,3805.51,22198.25,0,4,3,9,16
13358.0,,,,268,1,439.03,,0,4,0,4,8
13359.0,339.0,,339.0,63,2,1043.31,,0,6,1,6,13
13360.0,89.0,6.0,131.0,431,4,1553.65,20.92214972907221,0,2,3,7,12
13361.0,145.0,,145.0,471,2,1450.5,,0,2,1,7,10
13362.0,69.0,23.0,92.0,8,7,5394.07,3.920554678159732,0,10,4,9,23
13363.0,196.0,,196.0,17,3,1723.8600000000001,,0,9,2,7,18
13364.0,,,,70,1,134.95999999999998,,0,6,0,1,7
13365.0,184.0,,184.0,33,2,2225.37,,0,7,1,8,16
13366.0,,,,49,1,56.160000000000004,,0,7,0,1,8
13367.0,,,,431,1,510.20000000000005,,0,2,0,4,6
13368.0,55.0,8.0,79.0,256,4,1121.5,8.81922480620155,0,4,3,6,13
13369.0,,,,365,1,308.28000000000003,,0,3,0,3,6
13370.0,,,,371,1,754.87,,0,3,0,5,8
13371.0,127.0,,127.0,504,2,2297.66,,0,2,1,8,11
13372.0,,,,89,1,378.64,,0,6,0,3,9
13373.0,134.0,158.0,118.0,60,6,7587.1900000000005,0.7445317022554748,0,6,4,10,20
13374.0,34.0,,34.0,414,2,422.8,,0,2,1,4,7
13375.0,356.0,,356.0,88,2,1792.23,,0,6,1,7,14
13376.0,67.0,,67.0,98,3,1019.76,,0,5,2,6,13
13377.0,249.0,,249.0,396,2,1552.88,,0,3,1,7,11
13379.0,55.0,,55.0,25,3,572.56,,0,8,2,4,14
13380.0,,,,432,1,62.4,,0,2,0,1,3
13381.0,64.0,71.0,57.0,31,12,8224.369999999999,0.8078214675667327,8,8,6,10,24
13382.0,112.0,96.0,118.0,280,5,1387.58,1.2170110168176556,0,4,3,7,14
13383.0,,,,543,1,305.28000000000003,,0,1,0,3,4
13384.0,46.0,80.0,24.0,30,11,6680.83,0.3062536167031482,10,8,6,10,24
13385.0,,,,329,1,534.57,,0,3,0,4,7
13386.0,22.0,,22.0,413,2,835.46,,0,2,1,5,8
13387.0,,,,416,1,186.94,,0,2,0,2,4
13388.0,236.0,,236.0,130,3,1185.6499999999999,,0,5,2,6,13
13389.0,110.0,,110.0,10,3,797.96,,0,9,2,5,16
13390.0,,,,74,1,544.08,,0,6,0,4,10
13391.0,,,,203,1,59.8,,0,4,0,1,5
13392.0,,,,676,1,91.14,,0,1,0,1,2
13393.0,49.0,7.0,70.0,583,4,1131.45,8.917546638507568,0,1,3,6,10
13394.0,40.0,37.0,43.0,1,19,6621.7,1.1456558804656705,6,10,7,10,27
13395.0,118.0,,118.0,184,3,1180.23,,0,5,2,6,13
13396.0,290.0,,290.0,28,2,1360.99,,0,8,1,7,16
13397.0,68.0,62.0,72.0,72,10,3191.87,1.1624068134055967,5,6,6,9,21
13398.0,256.0,,256.0,191,2,670.3399999999999,,0,4,1,5,10
13399.0,27.0,,27.0,463,3,275.4,,0,2,2,2,6
13400.0,,,,582,1,310.83,,0,1,0,3,4
13402.0,145.0,58.0,189.0,126,4,1226.85,3.211766578624658,0,5,3,7,15
13403.0,352.0,,352.0,17,3,229.5,,0,9,2,2,13
13404.0,211.0,,211.0,0,2,252.49,,0,10,1,2,13
13405.0,130.0,121.0,135.0,73,6,1213.8110000000001,1.117147552697392,0,6,4,6,16
13406.0,204.0,,204.0,426,2,568.92,,0,2,1,4,7
13407.0,41.0,,41.0,578,3,2244.7,,0,1,2,8,11
13408.0,6.0,8.0,5.0,1,106,50174.782,0.6628148375559468,9,10,10,10,30
13410.0,88.0,112.0,73.0,23,9,2201.96,0.6546960168576017,9,8,5,8,21
13411.0,,,,106,1,213.55,,0,5,0,2,7
13412.0,,,,619,1,487.34999999999997,,0,1,0,4,5
13413.0,9.0,23.0,0.0,639,6,429.44000000000005,0.011604576758310286,0,1,4,4,9
13414.0,93.0,69.0,109.0,133,6,2494.14,1.5704423886174426,0,5,4,8,17
13415.0,85.0,98.0,78.0,472,4,784.1700000000001,0.805215506248406,0,2,3,5,10
13416.0,346.0,,346.0,43,3,940.8,,0,7,2,6,15
13417.0,132.0,60.0,180.0,4,6,1669.49,2.969548497365048,0,10,4,7,21
13418.0,23.0,25.0,22.0,11,31,11559.66,0.8874664643965103,7,9,8,10,27
13419.0,,,,63,1,221.06,,0,6,0,2,8
13420.0,20.0,,20.0,149,2,159.85,,0,5,1,1,7
13421.0,88.0,42.0,123.0,39,8,4058.75,2.9270650023500093,1,7,5,9,21
13422.0,,,,63,1,2626.3,,0,6,0,8,14
13423.0,,,,428,1,217.03,,0,2,0,2,4
13424.0,,,,449,1,572.77,,0,2,0,4,6
13425.0,117.0,70.0,133.0,107,5,3390.4300000000003,1.88059316696201,0,5,3,9,17
13426.0,34.0,32.0,36.0,0,22,8167.38,1.1153338147048144,6,10,7,10,27
13427.0,140.0,122.0,152.0,18,6,1006.53,1.2468245619506957,0,9,4,6,19
13428.0,252.0,,252.0,9,3,478.53999999999996,,0,9,2,4,15
13429.0,21.0,14.0,24.0,10,4,1006.8000000000001,1.6761395479170558,0,9,3,6,18
13430.0,67.0,,67.0,18,2,679.45,,0,9,1,5,15
13431.0,84.0,71.0,94.0,66,8,3316.24,1.3239382145463392,5,6,5,9,20
13432.0,40.0,,40.0,570,2,439.1,,0,1,1,4,6
13433.0,65.0,93.0,51.0,500,4,658.3199999999999,0.5494120105062082,0,2,3,5,10
13434.0,145.0,195.0,128.0,73,5,1666.8600000000001,0.6592411794913761,0,6,3,7,16
13435.0,61.0,124.0,24.0,4,9,4447.33,0.19442455499551325,10,10,5,9,24
13436.0,,,,1,1,196.89,,0,10,0,2,12
13437.0,29.0,30.0,28.0,13,7,3408.06,0.9429449948752989,0,9,4,9,22
13438.0,,,,546,1,46.5,,0,1,0,1,2
13439.0,135.0,,135.0,254,3,986.61,,0,4,2,6,12
13440.0,4.0,14.0,0.0,422,7,1295.25,4.9415659822597785e-05,0,2,4,7,13
13441.0,339.0,,339.0,91,2,720.9,,0,6,1,5,12
13442.0,35.0,,35.0,666,3,419.87,,0,1,2,4,7
13443.0,45.0,35.0,52.0,448,6,1273.1599999999999,1.4896582395625886,0,2,4,7,13
13444.0,131.0,,131.0,373,2,619.08,,0,3,1,5,9
13445.0,,,,625,1,241.89999999999998,,0,1,0,2,3
13446.0,23.0,16.0,27.0,429,11,3881.8900000000003,1.654492188849505,3,2,6,9,17
13447.0,6.0,,6.0,22,3,1129.14,,0,8,2,6,16
13448.0,59.0,59.0,60.0,16,13,8745.93,1.0208025946525898,6,9,7,10,26
13449.0,,,,23,1,291.88,,0,8,0,3,11
13450.0,48.0,29.0,61.0,26,13,4120.04,2.1140000381446447,2,8,7,9,24
13451.0,60.0,45.0,69.0,25,11,7090.06,1.5383813139503086,4,8,6,10,24
13452.0,106.0,,106.0,258,3,729.8,,0,4,2,5,11
13453.0,118.0,,118.0,165,3,781.6899999999999,,0,5,2,5,12
13454.0,,,,640,1,219.87,,0,1,0,2,3
13455.0,141.0,68.0,189.0,24,6,2212.9900000000002,2.763549631518844,0,8,4,8,20
13456.0,37.0,25.0,45.0,17,6,1766.72,1.769201280233937,0,9,4,7,20
13457.0,48.0,,48.0,688,2,148.22,,0,1,1,1,3
13458.0,25.0,24.0,25.0,6,16,11959.27,1.0406439514846157,6,10,7,10,27
13459.0,57.0,,57.0,624,2,1160.4099999999999,,0,1,1,6,8
13460.0,20.0,,20.0,28,2,183.44,,0,8,1,2,11
13461.0,111.0,95.0,122.0,38,6,4160.0,1.2929112838798933,0,7,4,9,20
13462.0,118.0,36.0,145.0,252,5,1153.85,4.042076934440655,0,4,3,6,13
13464.0,111.0,72.0,138.0,57,6,3097.64,1.9073625408985715,0,7,4,9,20
13465.0,139.0,,139.0,445,2,931.12,,0,2,1,6,9
13466.0,111.0,127.0,105.0,183,5,1013.3499999999999,0.8247805206658264,0,5,3,6,14
13467.0,25.0,,25.0,10,2,1071.9099999999999,,0,9,1,6,16
13468.0,10.0,10.0,10.0,1,73,12898.48,0.9687344397739038,7,10,9,10,29
13469.0,,,,652,1,82.4,,0,1,0,1,2
13470.0,15.0,,15.0,98,2,165.0,,0,5,1,2,8
13471.0,15.0,25.0,10.0,0,4,2501.84,0.3912664107176417,0,10,3,8,21
13472.0,91.0,,91.0,463,2,592.24,,0,2,1,4,7
13473.0,94.0,39.0,136.0,60,8,2657.7599999999998,3.472001990917177,1,6,5,8,19
13474.0,129.0,,129.0,235,3,646.59,,0,4,2,5,11
13475.0,35.0,36.0,35.0,190,4,1431.78,0.9513717589018397,0,4,3,7,14
13476.0,116.0,158.0,102.0,178,5,2061.4700000000003,0.6497795550087153,0,5,3,8,16
13477.0,64.0,56.0,69.0,37,11,2819.17,1.22319059634239,5,7,6,8,21
13478.0,51.0,44.0,54.0,468,5,2215.78,1.2087402645568055,0,2,3,8,13
13479.0,69.0,0.0,92.0,200,5,1238.73,132848.66666666666,0,4,3,7,14
13480.0,262.0,,262.0,416,2,627.8199999999999,,0,2,1,5,8
13481.0,68.0,56.0,76.0,45,11,3830.84,1.350628964343626,4,7,6,9,22
13482.0,395.0,,395.0,231,2,336.09,,0,4,1,3,8
13483.0,,,,65,1,140.34,,0,6,0,1,7
13484.0,199.0,,199.0,240,3,790.72,,0,4,2,5,11
13485.0,50.0,54.0,47.0,232,11,3019.2200000000003,0.8711687181201998,7,4,6,9,19
13486.0,38.0,,38.0,77,3,1122.4099999999999,,0,6,2,6,14
13487.0,169.0,229.0,149.0,57,5,846.87,0.6521659146410492,0,7,3,5,15
13488.0,30.0,31.0,29.0,16,23,14205.960000000001,0.9228382043666485,7,9,7,10,26
13489.0,63.0,5.0,91.0,104,4,449.52,17.946958406719958,0,5,3,4,12
13490.0,,,,653,1,154.25,,0,1,0,1,2
13491.0,26.0,19.0,32.0,51,27,4467.66,1.6589101143915923,3,7,8,9,24
13492.0,39.0,,39.0,135,3,1269.8400000000001,,0,5,2,7,14
13493.0,11.0,,11.0,274,2,618.63,,0,4,1,5,10
13494.0,,,,311,1,316.26000000000005,,0,3,0,3,6
13495.0,80.0,88.0,74.0,7,10,4863.31,0.8472535557129078,8,10,6,9,25
13496.0,349.0,,349.0,10,2,653.3299999999999,,0,9,1,5,15
13497.0,77.0,22.0,114.0,282,6,1166.83,5.182341610375432,0,4,4,6,14
13498.0,,,,729,1,327.38,,0,1,0,3,4
13499.0,63.0,44.0,69.0,17,5,1159.1100000000001,1.5655426009906843,0,9,3,6,18
13500.0,126.0,278.0,49.0,22,4,1466.3,0.17768680421404814,0,8,3,7,18
13501.0,141.0,,141.0,287,3,2885.1099999999997,,0,4,2,8,14
13502.0,132.0,132.0,133.0,16,5,780.5,1.0002350078074815,0,9,3,5,17
13503.0,117.0,52.0,161.0,70,6,1859.24,3.086374268618343,0,6,4,8,18
13504.0,,,,63,1,295.93,,0,6,0,3,9
13505.0,53.0,40.0,59.0,72,4,4393.63,1.492501816169094,0,6,3,9,18
13506.0,36.0,45.0,33.0,315,5,1338.08,0.7328892452558646,0,3,3,7,13
13507.0,47.0,38.0,51.0,2,4,2479.16,1.3623047230617968,0,10,3,8,21
13508.0,399.0,,399.0,243,2,287.04999999999995,,0,4,1,3,8
13509.0,71.0,84.0,61.0,8,8,1114.72,0.7287949644730234,8,10,5,6,21
13510.0,71.0,45.0,89.0,0,11,4558.29,1.9462459054350012,2,10,6,9,25
13511.0,,,,676,1,282.76,,0,1,0,2,3
13512.0,107.0,102.0,110.0,260,4,713.39,1.0699047091637233,0,4,3,5,12
13513.0,264.0,,264.0,126,3,824.59,,0,5,2,5,12
13514.0,202.0,102.0,252.0,73,4,815.9000000000001,2.4606408775591535,0,6,3,5,14
13515.0,114.0,198.0,58.0,72,6,1265.8200000000002,0.2939762127613666,0,6,4,7,17
13516.0,132.0,179.0,108.0,20,4,1685.26,0.6060804051276881,0,8,3,7,18
13517.0,60.0,,60.0,59,3,2128.42,,0,6,2,8,16
13518.0,,,,85,1,627.16,,0,6,0,5,11
13519.0,364.0,,364.0,77,2,343.21000000000004,,0,6,1,3,10
13520.0,66.0,80.0,57.0,58,11,6606.0,0.7155700028118659,9,7,6,10,23
13521.0,4.0,,4.0,0,3,1071.73,,0,10,2,6,18
13522.0,,,,29,1,125.80000000000001,,0,8,0,1,9
13523.0,73.0,101.0,55.0,32,6,4534.57,0.5467116965914721,0,8,4,9,21
13524.0,44.0,46.0,44.0,40,5,680.1800000000001,0.9597090544268874,0,7,3,5,15
13525.0,233.0,,233.0,14,2,628.78,,0,9,1,5,15
13526.0,0.0,,0.0,737,2,1182.0,,0,1,1,6,8
13527.0,59.0,72.0,48.0,33,12,4541.29,0.6765414165512288,9,7,6,9,22
13529.0,125.0,,125.0,78,2,307.76,,0,6,1,3,10
13530.0,,,,633,1,402.97999999999996,,0,1,0,3,4
13531.0,106.0,118.0,97.0,204,6,1433.07,0.8213405249322383,0,4,4,7,15
13532.0,,,,33,1,210.31,,0,7,0,2,9
13533.0,42.0,,42.0,182,3,269.09,,0,5,2,2,9
13534.0,15.0,13.0,16.0,1,35,7720.9,1.2447167543909443,5,10,8,10,28
13535.0,,,,402,1,89.5,,0,3,0,1,4
13536.0,12.0,24.0,6.0,0,7,3444.3900000000003,0.25656290752395533,0,10,4,9,23
13537.0,26.0,,26.0,425,2,717.85,,0,2,1,5,8
13538.0,57.0,71.0,45.0,42,12,3103.13,0.6303531150571224,9,7,6,9,22
13539.0,84.0,27.0,112.0,85,7,1569.3600000000001,4.078446929625712,0,6,4,7,17
13540.0,94.0,,94.0,466,3,632.39,,0,2,2,5,9
13541.0,143.0,,143.0,426,2,785.25,,0,2,1,5,8
13542.0,22.0,20.0,23.0,376,17,3959.4900000000002,1.1173889214107813,6,3,7,9,19
13543.0,52.0,,52.0,633,2,1439.6100000000001,,0,1,1,7,9
13544.0,121.0,44.0,172.0,39,6,790.2,3.914670410714708,0,7,4,5,16
13545.0,153.0,,153.0,390,2,364.93,,0,3,1,3,7
13546.0,102.0,42.0,123.0,11,5,1086.24,2.9351242629635754,0,9,3,6,18
13547.0,,,,407,1,167.08,,0,3,0,2,5
13548.0,187.0,,187.0,95,3,901.4399999999999,,0,6,2,6,14
13549.0,51.0,64.0,41.0,25,8,1005.8,0.6426284563854048,9,8,5,6,19
13550.0,,,,382,1,342.55,,0,3,0,3,6
13551.0,346.0,,346.0,318,2,244.2,,0,3,1,2,6
13552.0,28.0,34.0,22.0,65,22,6948.92,0.6607859189067937,9,6,7,10,23
13553.0,,,,674,1,499.6,,0,1,0,4,5
13554.0,11.0,8.0,12.0,379,7,1629.35,1.439009981666327,0,3,4,7,14
13555.0,51.0,29.0,66.0,73,13,8891.84,2.27931463455293,2,6,7,10,23
13556.0,6.0,,6.0,428,2,200.82,,0,2,1,2,5
13557.0,58.0,21.0,85.0,27,13,3032.26,3.9909816518450425,1,8,7,9,24
13558.0,20.0,6.0,28.0,5,4,594.52,4.0429617004210945,0,10,3,4,17
13559.0,30.0,,30.0,512,2,990.0,,0,2,1,6,9
13560.0,,,,6,1,171.42000000000002,,0,10,0,2,12
13561.0,43.0,19.0,59.0,215,11,1803.4,3.096571576544838,1,4,6,7,17
13562.0,87.0,55.0,111.0,81,8,4838.18,2.021090416511387,2,6,5,9,20
13563.0,55.0,,55.0,83,2,777.53,,0,6,1,5,12
13564.0,16.0,12.0,19.0,143,37,16498.97,1.537601559449868,4,5,8,10,23
13565.0,195.0,,195.0,18,3,414.79999999999995,,0,9,2,4,15
13566.0,149.0,129.0,156.0,40,5,1688.6,1.2025395570465496,0,7,3,7,17
13567.0,37.0,69.0,21.0,427,4,1079.29,0.3180981780155251,0,2,3,6,11
13568.0,,,,172,1,187.05,,0,5,0,2,7
13569.0,137.0,46.0,182.0,16,4,726.54,3.87306595339077,0,9,3,5,17
13570.0,,,,242,1,239.49,,0,4,0,2,6
13571.0,28.0,28.0,28.0,12,26,4537.26,1.0114731885557766,6,9,8,9,26
13572.0,,,,205,1,1384.25,,0,4,0,7,11
13573.0,117.0,128.0,109.0,49,6,904.52,0.850256294286145,0,7,4,6,17
13574.0,,,,410,1,404.45,,0,2,0,3,5
13575.0,38.0,42.0,36.0,22,5,732.0699999999999,0.855716074976246,0,8,3,5,16
13576.0,26.0,33.0,20.0,9,28,11202.59,0.5904648536616756,9,9,8,10,27
13577.0,69.0,49.0,83.0,24,11,3489.28,1.7059438312536632,3,8,6,9,23
13578.0,,,,408,1,147.66,,0,3,0,1,4
13579.0,161.0,203.0,146.0,14,5,1374.3400000000001,0.7205534992105679,0,9,3,7,19
13580.0,,,,405,1,107.75,,0,3,0,1,4
13581.0,104.0,,104.0,308,2,280.53,,0,4,1,2,7
13582.0,227.0,,227.0,389,2,241.68,,0,3,1,2,6
13583.0,523.0,,523.0,155,2,1445.031,,0,5,1,7,13
13584.0,184.0,,184.0,306,3,385.70000000000005,,0,4,2,3,9
13585.0,103.0,,103.0,530,3,684.54,,0,2,2,5,9
13586.0,,,,540,1,127.28,,0,1,0,1,2
13587.0,199.0,214.0,192.0,63,4,1673.5,0.9016444241108655,0,6,3,7,16
13588.0,29.0,51.0,16.0,15,9,2478.95,0.3233889874399408,10,9,5,8,22
13589.0,143.0,103.0,170.0,14,6,1120.74,1.6574115534607077,0,9,4,6,19
13590.0,42.0,39.0,45.0,10,18,6336.04,1.1628652101745218,5,9,7,10,26
13591.0,110.0,70.0,129.0,64,7,2093.94,1.8309590410079801,0,6,4,8,18
13592.0,76.0,51.0,88.0,35,4,247.95999999999998,1.7401185636395775,0,7,3,2,12
13593.0,41.0,28.0,52.0,107,14,5493.29,1.8786679719313255,3,5,7,10,22
13594.0,432.0,,432.0,52,2,533.32,,0,7,1,4,12
13595.0,64.0,,64.0,516,3,784.48,,0,2,2,5,9
13596.0,7.0,,7.0,5,2,664.11,,0,10,1,5,16
13597.0,2.0,,2.0,399,2,396.71,,0,3,1,3,7
13598.0,151.0,0.0,201.0,46,5,761.9599999999999,72495.16666666667,0,7,3,5,15
13599.0,23.0,30.0,16.0,0,33,9811.04,0.5468427006047187,9,10,8,10,28
13600.0,321.0,,321.0,311,2,518.42,,0,3,1,4,8
13601.0,167.0,154.0,173.0,44,4,1159.99,1.1268323586305162,0,7,3,6,16
13602.0,165.0,125.0,185.0,64,4,1025.17,1.4839724003066632,0,6,3,6,15
13603.0,,,,25,1,164.34,,0,8,0,2,10
13604.0,,,,658,1,717.62,,0,1,0,5,6
13605.0,184.0,,184.0,386,2,522.6700000000001,,0,3,1,4,8
13606.0,141.0,,141.0,28,3,276.74999999999994,,0,8,2,2,12
13607.0,362.0,,362.0,39,2,1075.81,,0,7,1,6,14
13608.0,,,,540,1,232.05,,0,1,0,2,3
13609.0,,,,592,1,167.35,,0,1,0,2,3
13610.0,53.0,52.0,53.0,11,14,2103.71,1.017015643946089,6,9,7,8,24
13611.0,71.0,65.0,76.0,88,10,3297.9300000000003,1.1667801706516148,5,6,6,9,21
13612.0,,,,632,1,818.29,,0,1,0,5,6
13613.0,51.0,34.0,57.0,452,5,1039.85,1.6976521809895833,0,2,3,6,11
13614.0,105.0,110.0,102.0,23,6,2332.74,0.9235378853356382,0,8,4,8,20
13615.0,51.0,57.0,46.0,318,8,6272.53,0.8094076599413967,8,3,5,10,18
13616.0,122.0,,122.0,567,2,283.85,,0,1,1,2,4
13617.0,64.0,24.0,95.0,39,8,1278.75,3.870197190250508,1,7,5,7,19
13618.0,,,,173,1,177.34,,0,5,0,2,7
13619.0,129.0,,129.0,544,2,224.94,,0,1,1,2,4
13620.0,,,,527,1,112.34,,0,2,0,1,3
13621.0,,,,116,1,213.85,,0,5,0,2,7
13622.0,,,,695,1,658.95,,0,1,0,5,6
13623.0,78.0,89.0,69.0,30,10,2533.06,0.7841963665649274,8,8,6,8,22
13624.0,,,,387,1,462.08,,0,3,0,4,7
13625.0,,,,596,1,301.26,,0,1,0,3,4
13626.0,126.0,,126.0,252,2,707.04,,0,4,1,5,10
13627.0,96.0,141.0,74.0,58,7,2245.9,0.5271552708406483,0,7,4,8,19
13628.0,,,,675,1,310.14,,0,1,0,3,4
13629.0,35.0,40.0,31.0,22,19,13370.86,0.7689437388107925,8,8,7,10,25
13630.0,46.0,50.0,44.0,4,7,2031.78,0.8860054842722344,0,10,4,8,22
13631.0,16.0,22.0,12.0,99,11,3070.42,0.5788602286969843,9,5,6,9,20
13632.0,83.0,122.0,54.0,24,8,3645.81,0.44576058909628646,10,8,5,9,22
13634.0,44.0,35.0,52.0,32,16,5033.77,1.499832061631539,4,8,7,9,24
13635.0,223.0,14.0,328.0,67,4,2999.16,23.292509971930862,0,6,3,9,18
13636.0,62.0,24.0,74.0,36,5,949.12,3.0103673842650913,0,7,3,6,16
13637.0,87.0,,87.0,51,3,804.3,,0,7,2,5,14
13638.0,,,,15,1,122.64,,0,9,0,1,10
13639.0,362.0,,362.0,73,2,1346.27,,0,6,1,7,14
13640.0,,,,610,1,405.0,,0,1,0,3,4
13641.0,23.0,10.0,27.0,640,5,1016.47,2.5175355250100293,0,1,3,6,10
13642.0,72.0,0.0,108.0,215,4,472.19999999999993,26040.416666666668,0,4,3,4,11
13643.0,77.0,78.0,77.0,30,10,2156.77,0.9834505664115621,7,8,6,8,22
13644.0,29.0,31.0,28.0,15,4,2624.26,0.8946819150323956,0,9,3,8,20
13645.0,,,,119,1,252.1,,0,5,0,2,7
13646.0,0.0,,0.0,399,2,326.25,,0,3,1,3,7
13647.0,84.0,36.0,121.0,9,8,3041.6800000000003,3.3406460437710437,1,9,5,9,23
13648.0,48.0,88.0,17.0,399,8,1764.02,0.19991643301754908,10,3,5,7,15
13649.0,54.0,25.0,73.0,256,6,1453.68,2.885670169301614,0,4,4,7,15
13650.0,74.0,103.0,50.0,16,10,3288.0,0.48364677092097624,10,9,6,9,24
13651.0,173.0,,173.0,34,3,226.85000000000002,,0,7,2,2,11
13652.0,151.0,223.0,127.0,45,5,2262.05,0.5699261616791419,0,7,3,8,18
13653.0,,,,487,1,152.2,,0,2,0,1,3
13654.0,69.0,89.0,56.0,42,11,6308.0,0.6289317713173321,9,7,6,10,23
13655.0,95.0,85.0,101.0,113,6,2280.51,1.1915066800253653,0,5,4,8,17
13656.0,143.0,95.0,167.0,164,4,1078.85,1.746271304247093,0,5,3,6,14
13657.0,190.0,,190.0,10,2,382.14,,0,9,1,3,13
13658.0,82.0,96.0,74.0,9,9,6025.5,0.7756334472645695,8,9,5,10,24
13659.0,41.0,18.0,60.0,205,12,4884.68,3.2748643579946046,1,4,6,9,19
13660.0,,,,399,1,306.64,,0,3,0,3,6
13661.0,,,,602,1,325.24,,0,1,0,3,4
13662.0,57.0,54.0,58.0,85,11,2233.61,1.0705000252665622,6,6,6,8,20
13663.0,116.0,224.0,81.0,178,5,2047.51,0.3613353322223805,0,5,3,8,16
13665.0,58.0,,58.0,385,3,1711.6599999999999,,0,3,2,7,12
13666.0,168.0,315.0,119.0,59,5,127.9,0.3806971316610046,0,6,3,1,10
13667.0,,,,148,1,299.05,,0,5,0,3,8
13668.0,21.0,26.0,17.0,2,35,12948.48,0.6511736349949585,9,10,8,10,28
13669.0,178.0,,178.0,50,3,413.54999999999995,,0,7,2,4,13
13670.0,,,,74,1,349.7,,0,6,0,3,9
13671.0,,,,394,1,172.6,,0,3,0,2,5
13672.0,214.0,,214.0,300,3,419.9200000000001,,0,4,2,4,10
13673.0,13.0,,13.0,18,2,387.44,,0,9,1,3,13
13674.0,,,,432,1,240.68,,0,2,0,2,4
13675.0,133.0,,133.0,150,2,486.82000000000005,,0,5,1,4,10
13676.0,80.0,,80.0,538,2,243.90000000000003,,0,1,1,2,4
13677.0,57.0,,57.0,404,3,825.1999999999999,,0,3,2,5,10
13678.0,,,,151,1,232.6,,0,5,0,2,7
13679.0,120.0,,120.0,493,3,281.26,,0,2,2,2,6
13680.0,66.0,17.0,107.0,0,12,11419.67,6.038238789590436,1,10,6,10,26
13681.0,45.0,86.0,25.0,17,4,827.83,0.29350711658403966,0,9,3,5,17
13682.0,,,,186,1,59.5,,0,5,0,1,6
13683.0,,,,457,1,258.6,,0,2,0,2,4
13684.0,111.0,58.0,138.0,285,4,594.88,2.3486892488954343,0,4,3,4,11
13685.0,9.0,7.0,10.0,2,7,3119.44,1.4301873698820264,0,10,4,9,23
13686.0,109.0,,109.0,182,3,409.04,,0,5,2,3,10
13687.0,,,,437,1,11880.84,,0,2,0,10,12
13688.0,,,,634,1,375.5,,0,1,0,3,4
13689.0,381.0,,381.0,62,2,1259.5,,0,6,1,7,14
13690.0,,,,58,1,172.25,,0,7,0,2,9
13691.0,,,,395,1,212.78,,0,3,0,2,5
13692.0,98.0,11.0,128.0,24,5,3114.4,10.800085925752338,0,8,3,9,20
13693.0,44.0,10.0,65.0,373,9,2011.8200000000002,6.2688663545387975,1,3,5,8,16
13694.0,5.0,2.0,7.0,3,143,195640.69,2.961109191392602,1,10,10,10,30
13695.0,36.0,60.0,15.0,30,16,2770.73,0.2623271822756985,10,8,7,8,23
13696.0,122.0,,122.0,421,3,2020.4,,0,2,2,8,12
13697.0,,,,38,1,151.29999999999998,,0,7,0,1,8
13698.0,85.0,,85.0,596,2,451.73,,0,1,1,4,6
13699.0,395.0,,395.0,154,2,764.1500000000001,,0,5,1,5,11
13700.0,53.0,79.0,35.0,25,13,2596.9700000000003,0.43869818772001273,10,8,7,8,23
13701.0,,,,446,1,161.0,,0,2,0,1,3
13702.0,,,,445,1,135.18,,0,2,0,1,3
13703.0,96.0,,96.0,317,2,425.56,,0,3,1,4,8
13704.0,10.0,3.0,14.0,4,9,2308.06,4.887858618315355,1,10,5,8,23
13705.0,102.0,57.0,125.0,7,7,1717.19,2.1639982483818527,0,10,4,7,21
13706.0,324.0,,324.0,302,2,631.1700000000001,,0,4,1,5,10
13707.0,67.0,106.0,54.0,266,5,3365.8599999999997,0.5060803072519869,0,4,3,9,16
13708.0,,,,270,1,285.33,,0,4,0,2,6
13709.0,40.0,71.0,13.0,3,18,7571.35,0.19305614763017187,10,10,7,10,27
13710.0,290.0,,290.0,31,3,509.52,,0,8,2,4,14
13711.0,63.0,13.0,93.0,218,9,1792.26,7.009890435297601,1,4,5,7,16
13712.0,364.0,,364.0,246,2,766.4200000000001,,0,4,1,5,10
13713.0,87.0,,87.0,407,3,740.76,,0,3,2,5,10
13714.0,,,,464,1,161.35,,0,2,0,1,3
13715.0,22.0,19.0,24.0,280,17,8153.04,1.2520355044062799,5,4,7,10,21
13716.0,,,,268,1,138.28,,0,4,0,1,5
13717.0,64.0,81.0,52.0,31,8,1763.3,0.6373189833304517,9,8,5,7,20
13718.0,49.0,,49.0,245,2,306.55,,0,4,1,3,8
13719.0,55.0,23.0,77.0,14,11,2783.08,3.320585122938064,1,9,6,8,23
13720.0,46.0,16.0,60.0,116,4,799.9,3.7506196581196583,0,5,3,5,13
13721.0,358.0,,358.0,35,2,741.54,,0,7,1,5,13
13722.0,57.0,49.0,63.0,131,10,5635.41,1.2898745459733874,5,5,6,10,21
13723.0,78.0,97.0,66.0,216,6,1194.08,0.6738711669991366,0,4,4,6,14
13724.0,,,,636,1,213.01,,0,1,0,2,3
13725.0,36.0,6.0,59.0,49,8,1980.56,8.874436374901043,1,7,5,8,20
13726.0,61.0,,61.0,38,2,1079.66,,0,7,1,6,14
13727.0,100.0,39.0,145.0,28,8,1074.15,3.6769763815397556,1,8,5,6,19
13728.0,46.0,38.0,52.0,36,16,2855.17,1.3500607746061042,4,7,7,8,22
13729.0,124.0,,124.0,435,3,724.73,,0,2,2,5,9
13730.0,25.0,,25.0,135,2,752.5999999999999,,0,5,1,5,11
13731.0,27.0,,27.0,218,2,610.59,,0,4,1,5,10
13732.0,,,,27,1,491.86,,0,8,0,4,12
13733.0,324.0,,324.0,410,2,487.03000000000003,,0,2,1,4,7
13734.0,31.0,84.0,4.0,508,4,6695.6900000000005,0.058921753758112,0,2,3,10,15
13735.0,58.0,39.0,71.0,24,13,9762.77,1.7932051797938207,3,8,7,10,25
13736.0,121.0,137.0,113.0,4,7,2752.4700000000003,0.8282088829998809,0,10,4,8,22
13737.0,,,,199,1,339.59999999999997,,0,4,0,3,7
13738.0,,,,395,1,434.78000000000003,,0,3,0,4,7
13739.0,509.0,,509.0,17,2,292.2,,0,9,1,3,13
13740.0,124.0,160.0,112.0,240,5,1582.77,0.6962178665412047,0,4,3,7,14
13741.0,72.0,,72.0,71,3,668.4300000000001,,0,6,2,5,13
13742.0,27.0,26.0,28.0,16,12,3107.87,1.0711450166364582,6,9,6,9,24
13743.0,42.0,52.0,38.0,2,7,1341.6,0.7342812322686159,0,10,4,7,21
13744.0,197.0,,197.0,94,2,1080.52,,0,6,1,6,13
13745.0,383.0,,383.0,161,2,777.36,,0,5,1,5,11
13746.0,,,,413,1,176.69,,0,2,0,2,4
13747.0,51.0,,51.0,373,2,169.79999999999998,,0,3,1,2,6
13748.0,80.0,118.0,57.0,95,9,2064.35,0.48399137961325384,10,6,5,8,19
13750.0,56.0,55.0,56.0,53,11,3602.1800000000003,1.018662997162776,6,7,6,9,22
13751.0,,,,287,1,296.25,,0,4,0,3,7
13752.0,67.0,156.0,22.0,123,7,1579.8300000000002,0.14371566885986797,0,5,4,7,16
13753.0,149.0,85.0,182.0,287,4,2094.57,2.1394090278344624,0,4,3,8,15
13754.0,142.0,,142.0,151,3,447.05,,0,5,2,4,11
13755.0,7.0,8.0,6.0,3,9,2108.06,0.8407655022563931,8,10,5,8,23
13756.0,32.0,36.0,29.0,1,23,8655.95,0.8197337962962963,8,10,7,10,27
13757.0,,,,674,1,195.55,,0,1,0,2,3
13758.0,51.0,58.0,47.0,11,15,8698.13,0.8162325266886878,8,9,7,10,26
13759.0,37.0,,37.0,32,2,659.4100000000001,,0,8,1,5,14
13760.0,134.0,58.0,160.0,53,5,1363.6399999999999,2.764764333345305,0,7,3,7,17
13761.0,121.0,77.0,150.0,49,6,1952.17,1.9560355357633834,0,7,4,8,19
13762.0,119.0,48.0,143.0,218,5,2472.48,2.932011170808466,0,4,3,8,15
13763.0,185.0,,185.0,62,3,5217.4400000000005,,0,6,2,9,17
13764.0,114.0,36.0,166.0,70,6,2919.62,4.548258319007956,0,6,4,8,18
13765.0,,,,652,1,352.821,,0,1,0,3,4
13766.0,,,,494,1,190.35,,0,2,0,2,4
13767.0,10.0,10.0,10.0,1,73,33903.57,0.9659251438351235,7,10,9,10,29
13768.0,4.0,,4.0,726,2,875.97,,0,1,1,6,8
13769.0,37.0,34.0,40.0,1,20,5478.12,1.174087940328844,5,10,7,10,27
13770.0,102.0,84.0,111.0,421,4,785.37,1.315475167202862,0,2,3,5,10
13771.0,73.0,34.0,97.0,63,9,5728.82,2.8309022033451954,1,6,5,10,21
13772.0,88.0,84.0,91.0,33,8,3100.02,1.0836564517496248,6,7,5,9,21
13773.0,263.0,,263.0,396,2,301.54,,0,3,1,3,7
13774.0,,,,81,1,345.0,,0,6,0,3,9
13775.0,,,,590,1,1049.66,,0,1,0,6,7
13776.0,0.0,,0.0,427,2,623.98,,0,2,1,5,8
13777.0,12.0,12.0,12.0,0,61,49638.26,0.9575091458859167,7,10,9,10,29
13778.0,154.0,31.0,215.0,102,4,1124.49,6.732668101480467,0,5,3,6,14
13779.0,,,,515,1,161.13,,0,2,0,1,3
13780.0,199.0,,199.0,6,3,732.07,,0,10,2,5,17
13781.0,235.0,,235.0,250,3,778.83,,0,4,2,5,11
13782.0,60.0,48.0,68.0,12,13,1786.08,1.3884780644028651,4,9,7,7,23
13783.0,61.0,33.0,75.0,487,4,1542.09,2.2407710902609907,0,2,3,7,12
13784.0,33.0,28.0,38.0,9,14,2910.23,1.3810552070238433,4,9,7,8,24
13785.0,10.0,0.0,15.0,428,4,542.49,19.967741935483872,0,2,3,4,9
13786.0,73.0,64.0,80.0,366,6,3127.99,1.2414236483368082,0,3,4,9,16
13787.0,123.0,70.0,159.0,75,6,1222.5,2.2787692561846944,0,6,4,6,16
13788.0,,,,504,1,3.75,,0,2,0,1,3
13789.0,,,,387,1,239.45999999999998,,0,3,0,2,5
13790.0,,,,3,1,348.8,,0,10,0,3,13
13791.0,40.0,,40.0,127,2,1516.0,,0,5,1,7,13
13792.0,178.0,,178.0,65,3,383.95000000000005,,0,6,2,3,11
13793.0,,,,646,1,96.0,,0,1,0,1,2
13794.0,,,,546,1,126.03,,0,1,0,1,2
13795.0,83.0,130.0,59.0,387,4,836.3,0.45145432851650535,0,3,3,5,11
13796.0,,,,498,1,289.7,,0,2,0,3,5
13797.0,105.0,,105.0,436,3,1179.45,,0,2,2,6,10
13798.0,6.0,6.0,6.0,0,110,75428.87,0.9712462130524165,7,10,10,10,30
13799.0,65.0,33.0,85.0,116,9,2803.57,2.5430969956371605,2,5,5,8,18
13800.0,213.0,,213.0,309,3,1679.56,,0,4,2,7,13
13801.0,,,,66,1,324.8,,0,6,0,3,9
13802.0,29.0,14.0,41.0,138,19,26259.11,2.9028435174316773,1,5,7,10,22
13803.0,181.0,,181.0,254,3,1338.9099999999999,,0,4,2,7,13
13804.0,50.0,93.0,25.0,30,9,3161.12,0.26957500173488913,10,8,5,9,22
13805.0,76.0,,76.0,51,2,924.6,,0,7,1,6,14
13806.0,,,,63,1,256.38,,0,6,0,2,8
13807.0,184.0,,184.0,366,3,422.2,,0,3,2,4,9
13808.0,22.0,3.0,29.0,5,5,1747.66,9.771609221990902,0,10,3,7,20
13809.0,77.0,,77.0,304,3,679.7,,0,4,2,5,11
13810.0,13.0,,13.0,28,3,1499.01,,0,8,2,7,17
13811.0,27.0,,27.0,183,3,814.5,,0,5,2,5,12
13812.0,31.0,,31.0,41,3,539.0,,0,7,2,4,13
13813.0,99.0,68.0,122.0,39,8,2765.4700000000003,1.777487405329215,3,7,5,8,20
13814.0,217.0,,217.0,91,3,2257.32,,0,6,2,8,16
13815.0,91.0,86.0,96.0,21,8,7475.74,1.1120582195820243,6,8,5,10,23
13816.0,40.0,,40.0,23,2,571.6700000000001,,0,8,1,4,13
13817.0,322.0,,322.0,28,2,382.98,,0,8,1,3,12
13818.0,,,,429,1,61.28,,0,2,0,1,3
13819.0,87.0,34.0,122.0,301,6,2642.35,3.5553138929165997,0,4,4,8,16
13820.0,131.0,,131.0,417,3,652.75,,0,2,2,5,9
13821.0,111.0,5.0,182.0,144,6,1379.08,33.40945980218108,0,5,4,7,16
13822.0,34.0,,34.0,5,2,632.0,,0,10,1,5,16
13823.0,117.0,42.0,154.0,18,7,3403.45,3.6089424320827943,0,9,4,9,22
13824.0,54.0,44.0,63.0,32,12,3314.76,1.4368691449457576,4,8,6,9,23
13825.0,108.0,,108.0,621,2,255.59000000000003,,0,1,1,2,4
13826.0,,,,175,1,189.5,,0,5,0,2,7
13827.0,42.0,,42.0,57,3,409.8,,0,7,2,4,13
13828.0,,,,21,1,209.49,,0,8,0,2,10
13829.0,,,,420,1,102.0,,0,2,0,1,3
13830.0,,,,581,1,156.85000000000002,,0,1,0,1,2
13831.0,41.0,19.0,61.0,15,18,6585.54,3.0773768136096047,1,9,7,10,26
13832.0,403.0,,403.0,18,2,609.89,,0,9,1,5,15
13833.0,244.0,,244.0,158,2,700.4100000000001,,0,5,1,5,11
13834.0,92.0,,92.0,576,2,324.19,,0,1,1,3,5
13835.0,103.0,63.0,123.0,24,7,1095.27,1.9587407236132215,0,8,4,6,18
13836.0,15.0,,15.0,398,2,620.37,,0,3,1,5,9
13837.0,105.0,,105.0,211,2,266.59000000000003,,0,4,1,2,7
13838.0,63.0,38.0,83.0,5,10,1690.07,2.1818755778033325,2,10,6,7,23
13839.0,,,,485,1,139.95000000000002,,0,2,0,1,3
13840.0,,,,415,1,651.4,,0,2,0,5,7
13841.0,,,,252,1,85.0,,0,4,0,1,5
13842.0,35.0,30.0,39.0,58,18,5319.34,1.2900245122956837,5,7,7,9,23
13843.0,,,,380,1,319.75,,0,3,0,3,6
13844.0,,,,10,1,361.62,,0,9,0,3,12
13845.0,,,,64,1,312.98,,0,6,0,3,9
13846.0,125.0,39.0,167.0,24,4,1307.79,4.27661832331093,0,8,3,7,18
13847.0,,,,719,1,310.72,,0,1,0,3,4
13848.0,91.0,85.0,95.0,91,8,3015.0,1.1061579520286255,6,6,5,9,20
13849.0,143.0,190.0,127.0,51,5,3469.2999999999997,0.6712129956338683,0,7,3,9,19
13850.0,,,,128,1,1595.48,,0,5,0,7,12
13851.0,83.0,94.0,74.0,95,8,4606.46,0.79130165455865,8,6,5,9,20
13852.0,,,,610,1,187.35000000000002,,0,1,0,2,3
13853.0,,,,56,1,1090.14,,0,7,0,6,13
13854.0,18.0,21.0,15.0,8,39,11944.56,0.7001516808922049,9,10,8,10,28
13855.0,76.0,9.0,110.0,500,4,1310.3400000000001,11.13387729373862,0,2,3,7,12
13856.0,45.0,17.0,63.0,168,11,1142.03,3.566622970919502,1,5,6,6,17
13857.0,35.0,64.0,16.0,392,6,1001.01,0.2596145330058147,0,3,4,6,13
13858.0,,,,56,1,216.17,,0,7,0,2,9
13859.0,203.0,,203.0,325,2,515.86,,0,3,1,4,8
13860.0,21.0,34.0,16.0,0,5,1245.9,0.49622803634616813,0,10,3,7,20
13861.0,101.0,,101.0,428,2,273.26,,0,2,1,2,5
13862.0,46.0,52.0,42.0,17,9,2556.09,0.8169642975513397,8,9,5,8,22
13863.0,115.0,51.0,147.0,247,4,1239.55,2.890867747777188,0,4,3,7,14
13864.0,,,,386,1,662.4000000000001,,0,3,0,5,8
13865.0,77.0,102.0,64.0,57,4,501.56,0.6234704213938411,0,7,3,4,14
13866.0,,,,73,1,145.67000000000002,,0,6,0,1,7
13867.0,93.0,,93.0,30,3,1005.0900000000001,,0,8,2,6,16
13868.0,31.0,,31.0,6,2,3192.54,,0,10,1,9,20
13869.0,63.0,59.0,65.0,122,10,7996.870000000001,1.1009500566547545,6,5,6,10,21
13870.0,47.0,47.0,48.0,1,15,5712.08,1.0231184423294175,6,10,7,10,27
13871.0,43.0,69.0,23.0,22,17,7885.85,0.3421832957794719,10,8,7,10,25
13872.0,99.0,,99.0,526,3,919.5699999999999,,0,2,2,6,10
13873.0,75.0,73.0,76.0,119,8,1038.92,1.0310504719815714,6,5,5,6,16
13874.0,52.0,36.0,60.0,357,7,2049.15,1.6312893525044638,0,3,4,8,15
13875.0,51.0,36.0,64.0,53,14,4814.37,1.7489001780543307,3,7,7,9,23
13876.0,,,,63,1,122.7,,0,6,0,1,7
13877.0,301.0,,301.0,85,3,449.68,,0,6,2,4,12
13878.0,183.0,28.0,260.0,54,4,2416.8999999999996,9.005113186259212,0,7,3,8,18
13879.0,,,,645,1,395.5,,0,1,0,3,4
13880.0,33.0,46.0,24.0,20,17,4293.86,0.5208356999305404,9,8,7,9,24
13881.0,15.0,12.0,18.0,3,43,45179.1,1.4734335999797756,4,10,8,10,28
13882.0,15.0,20.0,13.0,2,5,1191.13,0.6530718519749599,0,10,3,6,19
13883.0,51.0,47.0,54.0,10,15,6560.02,1.147379941936286,6,9,7,10,26
13884.0,51.0,23.0,73.0,6,10,1825.03,3.1535723818845094,1,10,6,8,24
13885.0,11.0,,11.0,188,2,506.79999999999995,,0,5,1,4,10
13886.0,,,,70,1,243.56,,0,6,0,2,8
13887.0,,,,203,1,349.55,,0,4,0,3,7
13888.0,75.0,40.0,93.0,119,7,2001.5900000000001,2.315575949909941,0,5,4,8,17
13889.0,118.0,108.0,125.0,92,6,1991.23,1.165906346078214,0,6,4,8,18
13890.0,56.0,113.0,7.0,0,14,2927.38,0.061879875301538156,10,10,7,8,25
13891.0,101.0,,101.0,377,3,859.21,,0,3,2,5,10
13892.0,109.0,164.0,73.0,26,6,1267.6499999999999,0.4456890899830889,0,8,4,7,19
13893.0,,,,297,1,821.1,,0,4,0,5,9
13894.0,143.0,,143.0,23,3,564.62,,0,8,2,4,14
13895.0,141.0,285.0,45.0,27,6,4008.52,0.15886508287310708,0,8,4,9,21
13896.0,,,,625,1,388.55,,0,1,0,3,4
13897.0,313.0,,313.0,49,3,1160.72,,0,7,2,6,15
13898.0,85.0,,85.0,325,2,686.4000000000001,,0,3,1,5,9
13899.0,258.0,,258.0,15,2,388.52,,0,9,1,3,13
13900.0,88.0,117.0,68.0,182,6,1610.5900000000001,0.5848376873425476,0,5,4,7,16
13901.0,45.0,30.0,55.0,71,15,5676.34,1.8332973341669982,3,6,7,10,23
13902.0,23.0,37.0,18.0,631,5,34095.259999999995,0.4918795523957031,0,1,3,10,14
13903.0,,,,399,1,165.45000000000002,,0,3,0,2,5
13904.0,257.0,,257.0,36,2,332.64,,0,7,1,3,11
13905.0,,,,732,1,312.65,,0,1,0,3,4
13906.0,,,,408,1,42.0,,0,3,0,1,4
13907.0,,,,691,1,136.8,,0,1,0,1,2
13908.0,65.0,61.0,67.0,79,4,2369.55,1.0904070419376541,0,6,3,8,17
13909.0,98.0,,98.0,422,2,282.84999999999997,,0,2,1,2,5
13911.0,31.0,19.0,41.0,56,20,4234.99,2.193366506188042,2,7,7,9,23
13912.0,,,,423,1,124.95,,0,2,0,1,3
13913.0,,,,506,1,42.22,,0,2,0,1,3
13914.0,24.0,,24.0,11,2,626.45,,0,9,1,5,15
13915.0,,,,393,1,70.80000000000001,,0,3,0,1,4
13916.0,70.0,120.0,45.0,463,4,1275.81,0.3822145672704574,0,2,3,7,12
13917.0,141.0,,141.0,49,2,272.03999999999996,,0,7,1,2,10
13918.0,203.0,,203.0,49,2,1212.84,,0,7,1,6,14
13919.0,160.0,116.0,182.0,58,4,1360.68,1.5723817613034818,0,7,3,7,17
13920.0,43.0,71.0,29.0,431,4,1774.68,0.4106896051804958,0,2,3,7,12
13921.0,106.0,180.0,69.0,401,4,730.7,0.3818327634966865,0,3,3,5,11
13922.0,57.0,,57.0,351,3,865.2,,0,3,2,5,10
13923.0,,,,53,1,351.13,,0,7,0,3,10
13924.0,14.0,20.0,9.0,1,6,1838.85,0.4903723887375114,0,10,4,8,22
13925.0,14.0,13.0,14.0,92,4,678.25,1.1136412116040955,0,6,3,5,14
13926.0,,,,22,1,223.85000000000002,,0,8,0,2,10
13927.0,362.0,,362.0,74,2,708.26,,0,6,1,5,12
13928.0,40.0,26.0,47.0,10,4,464.57000000000005,1.786878460185233,0,9,3,4,16
13929.0,52.0,33.0,65.0,168,11,3494.1,1.9446483956319351,2,5,6,9,20
13930.0,78.0,,78.0,57,2,337.34,,0,7,1,3,11
13931.0,64.0,69.0,60.0,95,11,5257.38,0.8644867835983747,7,6,6,9,21
13932.0,,,,294,1,307.4,,0,4,0,3,7
13933.0,39.0,,39.0,108,2,608.79,,0,5,1,4,10
13934.0,,,,263,1,922.1,,0,4,0,6,10
13935.0,27.0,,27.0,596,3,6116.92,,0,1,2,10,13
13936.0,117.0,,117.0,179,3,939.66,,0,5,2,6,13
13937.0,233.0,,233.0,168,2,880.13,,0,5,1,6,12
13938.0,,,,34,1,71.66,,0,7,0,1,8
13939.0,98.0,41.0,126.0,22,7,1560.96,3.0097860719162495,0,8,4,7,19
13940.0,42.0,27.0,49.0,16,4,839.14,1.7784258013060166,0,9,3,5,17
13941.0,50.0,29.0,65.0,21,15,10027.18,2.1928977769148625,2,8,7,10,25
13942.0,,,,534,1,320.0,,0,2,0,3,5
13943.0,,,,577,1,246.54,,0,1,0,2,3
13944.0,,,,652,1,200.43,,0,1,0,2,3
13945.0,85.0,,85.0,394,2,854.15,,0,3,1,5,9
13946.0,131.0,179.0,98.0,78,6,1876.23,0.5509807181493753,0,6,4,8,18
13947.0,,,,64,1,90.6,,0,6,0,1,7
13948.0,124.0,87.0,143.0,360,4,548.76,1.654675053080251,0,3,3,4,10
13949.0,18.0,14.0,20.0,2,6,2427.32,1.4475597092419523,0,10,4,8,22
13950.0,78.0,173.0,30.0,10,4,745.06,0.17902881001752746,0,9,3,5,17
13951.0,59.0,,59.0,175,3,674.45,,0,5,2,5,12
13952.0,38.0,25.0,50.0,217,14,12823.520999999999,1.940091897567421,2,4,7,10,21
13953.0,65.0,75.0,57.0,6,12,6640.68,0.7653538792750418,8,10,6,10,26
13954.0,69.0,,69.0,1,2,439.91999999999996,,0,10,1,4,15
13955.0,110.0,,110.0,153,3,544.0699999999999,,0,5,2,4,11
13956.0,66.0,28.0,79.0,4,5,1019.27,2.818486247212829,0,10,3,6,19
13957.0,120.0,,120.0,417,3,458.25,,0,2,2,4,8
13958.0,50.0,47.0,52.0,379,8,4709.23,1.0999987932615727,6,3,5,9,17
13959.0,86.0,56.0,106.0,78,6,1064.77,1.903131925897927,0,6,4,6,16
13960.0,50.0,,50.0,20,2,230.22,,0,8,1,2,11
13961.0,,,,391,1,538.4,,0,3,0,4,7
13962.0,206.0,,206.0,21,3,362.8,,0,8,2,3,13
13963.0,18.0,18.0,17.0,307,17,2860.57,0.9261035817043801,7,4,7,8,19
13964.0,43.0,,43.0,386,2,438.9,,0,3,1,4,8
13965.0,113.0,,113.0,476,3,996.61,,0,2,2,6,10
13966.0,,,,434,1,384.26,,0,2,0,3,5
13967.0,250.0,,250.0,145,2,166.3,,0,5,1,2,8
13968.0,,,,422,1,123.66,,0,2,0,1,3
13969.0,18.0,14.0,21.0,6,35,12973.460000000001,1.4131136499051837,4,10,8,10,28
13970.0,51.0,,51.0,385,2,846.55,,0,3,1,5,9
13971.0,51.0,66.0,38.0,18,14,4667.57,0.5762776140610245,9,9,7,9,25
13972.0,131.0,,131.0,70,2,190.25,,0,6,1,2,9
13973.0,,,,286,1,264.7,,0,4,0,2,6
13974.0,532.0,,532.0,48,2,677.72,,0,7,1,5,13
13975.0,58.0,56.0,60.0,30,12,5256.4,1.0688856616576208,6,8,6,9,23
13976.0,153.0,78.0,191.0,206,4,1192.3600000000001,2.4561234286933487,0,4,3,6,13
13977.0,,,,410,1,519.8100000000001,,0,2,0,4,6
13978.0,30.0,,30.0,14,2,196.79000000000002,,0,9,1,2,12
13979.0,110.0,78.0,126.0,72,7,3379.93,1.6111170064598284,0,6,4,9,19
13980.0,148.0,78.0,172.0,59,5,768.8199999999999,2.1822344161287863,0,6,3,5,14
13981.0,,,,415,1,331.14,,0,2,0,3,5
13982.0,81.0,50.0,99.0,38,9,3954.29,1.961980073183768,2,7,5,9,21
13983.0,35.0,40.0,30.0,29,21,6753.89,0.7578181401774927,8,8,7,10,25
13984.0,64.0,67.0,61.0,26,12,1893.8,0.9174321089700539,7,8,6,8,22
13985.0,31.0,51.0,13.0,3,22,10020.86,0.2702550055763099,10,10,7,10,27
13986.0,,,,16,1,320.46,,0,9,0,3,12
13987.0,21.0,,21.0,379,2,682.54,,0,3,1,5,9
13988.0,86.0,141.0,45.0,19,8,4757.799999999999,0.31949378838341086,10,8,5,9,22
13989.0,124.0,76.0,140.0,65,5,2026.06,1.8501332358808034,0,6,3,8,17
13990.0,,,,212,1,311.3,,0,4,0,3,7
13991.0,26.0,45.0,13.0,11,6,852.88,0.2939038564739574,0,9,4,5,18
13992.0,216.0,,216.0,29,3,219.5,,0,8,2,2,12
13993.0,38.0,42.0,35.0,42,19,6775.71,0.8511051760783754,8,7,7,10,24
13994.0,28.0,35.0,24.0,3,6,2274.14,0.6985031793924265,0,10,4,8,22
13995.0,54.0,42.0,64.0,14,14,3902.0099999999998,1.526499331260103,4,9,7,9,25
13996.0,13.0,,13.0,385,2,895.76,,0,3,1,6,10
13997.0,15.0,,15.0,518,3,376.46000000000004,,0,2,2,3,7
13998.0,64.0,,64.0,446,3,566.7,,0,2,2,4,8
13999.0,25.0,21.0,29.0,9,29,9502.26,1.3817098002530401,4,9,8,10,27
14000.0,131.0,141.0,128.0,210,5,2046.3400000000001,0.9100650197618732,0,4,3,8,15
14001.0,55.0,17.0,79.0,45,9,4228.85,4.570818134445023,1,7,5,9,21
14002.0,22.0,,22.0,133,2,529.73,,0,5,1,4,10
14003.0,,,,732,1,209.41,,0,1,0,2,3
14004.0,39.0,36.0,40.0,42,11,6258.45,1.1121515195895477,6,7,6,10,23
14005.0,51.0,39.0,55.0,9,5,2874.7200000000003,1.388378353290634,0,9,3,8,20
14006.0,89.0,46.0,111.0,115,7,2196.67,2.4168263500158425,0,5,4,8,17
14007.0,,,,512,1,79.48,,0,2,0,1,3
14008.0,,,,431,1,509.04,,0,2,0,4,6
14009.0,132.0,,132.0,197,3,1099.91,,0,4,2,6,12
14010.0,0.0,,0.0,564,2,445.15,,0,1,1,4,6
14011.0,127.0,,127.0,479,2,457.82,,0,2,1,4,7
14012.0,,,,277,1,328.8,,0,4,0,3,7
14013.0,128.0,243.0,89.0,109,5,1084.57,0.36990356671824237,0,5,3,6,14
14014.0,249.0,,249.0,76,3,1948.2099999999998,,0,6,2,8,16
14015.0,,,,52,1,917.34,,0,7,0,6,13
14016.0,53.0,44.0,59.0,161,11,11403.41,1.3312915974716462,4,5,6,10,21
14017.0,,,,570,1,229.75,,0,1,0,2,3
14018.0,,,,644,1,367.15000000000003,,0,1,0,3,4
14019.0,45.0,,45.0,46,3,1421.61,,0,7,2,7,16
14020.0,170.0,52.0,229.0,16,4,1249.01,4.346107902336572,0,9,3,7,19
14021.0,72.0,85.0,66.0,154,7,1716.5800000000002,0.785313537417466,0,5,4,7,16
14022.0,261.0,,261.0,224,2,792.1500000000001,,0,4,1,5,10
14023.0,242.0,,242.0,6,2,584.0699999999999,,0,10,1,4,15
14024.0,134.0,,134.0,121,3,645.74,,0,5,2,5,12
14025.0,17.0,12.0,20.0,464,8,4057.9,1.7178157940210816,3,2,5,9,16
14026.0,154.0,,154.0,470,2,713.11,,0,2,1,5,8
14027.0,,,,60,1,104.82,,0,6,0,1,7
14028.0,0.0,,0.0,549,3,10396.5,,0,1,2,10,13
14029.0,80.0,,80.0,62,2,467.65999999999997,,0,6,1,4,11
14030.0,37.0,37.0,37.0,17,20,7521.8,1.0100289793786223,6,9,7,10,26
14031.0,16.0,14.0,19.0,6,44,39019.51,1.3047643144325687,5,10,8,10,28
14032.0,48.0,64.0,34.0,1,16,4546.41,0.5314042573882295,9,10,7,9,26
14033.0,,,,554,1,109.44,,0,1,0,1,2
14034.0,67.0,,67.0,21,3,648.89,,0,8,2,5,15
14035.0,72.0,68.0,75.0,28,9,2794.75,1.101509995244375,6,8,5,8,21
14036.0,,,,284,1,626.65,,0,4,0,5,9
14037.0,111.0,43.0,156.0,175,6,836.95,3.549108176974751,0,5,4,5,14
14038.0,148.0,276.0,106.0,77,5,3069.88,0.3848580679544289,0,6,3,9,18
14039.0,542.0,,542.0,32,2,267.28,,0,8,1,2,11
14040.0,20.0,17.0,23.0,40,35,12523.81,1.3824376049168672,4,7,8,10,25
14041.0,,,,265,1,141.41,,0,4,0,1,5
14042.0,,,,724,1,431.98,,0,1,0,4,5
14043.0,238.0,,238.0,490,2,302.6,,0,2,1,3,6
14044.0,73.0,66.0,78.0,26,10,3077.7000000000003,1.1792346986743552,5,8,6,9,23
14045.0,39.0,29.0,47.0,108,16,10986.63,1.5965388992296345,3,5,7,10,22
14046.0,,,,283,1,154.99,,0,4,0,1,5
14047.0,47.0,46.0,49.0,8,15,4402.11,1.0652059333355137,6,10,7,9,26
14048.0,38.0,,38.0,304,3,748.69,,0,4,2,5,11
14049.0,50.0,36.0,59.0,16,13,13023.4,1.6580250081698218,3,9,7,10,26
14050.0,74.0,,74.0,31,2,746.36,,0,8,1,5,14
14051.0,20.0,24.0,16.0,0,37,21770.98,0.6688159222596176,9,10,8,10,28
14052.0,371.0,,371.0,19,2,466.66,,0,8,1,4,13
14053.0,120.0,89.0,136.0,123,4,572.3,1.530894631897062,0,5,3,4,12
14054.0,,,,64,1,92.46,,0,6,0,1,7
14055.0,308.0,,308.0,105,3,1520.96,,0,5,2,7,14
14056.0,12.0,10.0,15.0,0,23,8152.71,1.5228495090044762,4,10,7,10,27
14057.0,33.0,49.0,19.0,23,22,8346.66,0.3954186908355687,10,8,7,10,25
14058.0,67.0,,67.0,462,2,469.19000000000005,,0,2,1,4,7
14059.0,,,,266,1,183.6,,0,4,0,2,6
14060.0,21.0,21.0,21.0,4,30,8898.24,1.0059148116042798,6,10,8,10,28
14061.0,115.0,,115.0,506,3,917.4300000000001,,0,2,2,6,10
14062.0,31.0,32.0,30.0,9,24,25585.65,0.9427714458674155,7,9,7,10,26
14063.0,36.0,4.0,55.0,437,9,22710.2,11.94362276487196,1,2,5,10,17
14064.0,46.0,35.0,55.0,28,15,3260.24,1.5977674810446503,3,8,7,9,24
14065.0,21.0,,21.0,388,3,891.02,,0,3,2,6,11
14066.0,,,,266,1,152.55,,0,4,0,1,5
14067.0,32.0,,32.0,63,2,374.7,,0,6,1,3,10
14068.0,119.0,28.0,164.0,319,4,1516.72,5.833029668841561,0,3,3,7,13
14069.0,46.0,,46.0,514,2,225.81,,0,2,1,2,5
14070.0,,,,684,1,321.6,,0,1,0,3,4
14071.0,37.0,74.0,9.0,3,8,1437.57,0.13102358808970224,10,10,5,7,22
14072.0,,,,666,1,390.85,,0,1,0,3,4
14073.0,,,,31,1,151.04,,0,8,0,1,9
14074.0,,,,622,1,219.39999999999998,,0,1,0,2,3
14075.0,107.0,68.0,132.0,4,6,1734.87,1.9274993119466204,0,10,4,7,21
14076.0,,,,128,1,118.67,,0,5,0,1,6
14077.0,70.0,84.0,61.0,40,6,615.0799999999999,0.7255946128936896,0,7,4,5,16
14078.0,64.0,82.0,54.0,101,9,1553.47,0.6582421307099098,9,5,5,7,17
14079.0,557.0,,557.0,124,2,618.73,,0,5,1,5,11
14080.0,140.0,54.0,198.0,32,6,1491.11,3.6500224347319423,0,8,4,7,19
14081.0,47.0,18.0,70.0,301,10,4867.57,3.818577613327949,1,4,6,9,19
14082.0,27.0,,27.0,364,2,413.36,,0,3,1,4,8
14083.0,71.0,91.0,58.0,3,11,1082.19,0.6353402230325773,9,10,6,6,22
14084.0,,,,511,1,150.5,,0,2,0,1,3
14085.0,22.0,24.0,21.0,1,33,9720.67,0.8898637574943845,7,10,8,10,28
14086.0,,,,462,1,39.95,,0,2,0,1,3
14087.0,366.0,,366.0,2,3,829.47,,0,10,2,5,17
14088.0,27.0,39.0,16.0,9,16,64036.8,0.41900622911235147,10,9,7,10,26
14089.0,,,,56,1,158.75,,0,7,0,1,8
14090.0,,,,324,1,76.32000000000001,,0,3,0,1,4
14091.0,44.0,,44.0,653,2,9530.08,,0,1,1,10,12
14092.0,31.0,33.0,28.0,7,24,7229.450000000001,0.8530320312202746,8,10,7,10,27
14093.0,,,,11,1,433.86,,0,9,0,4,13
14094.0,,,,439,1,311.77,,0,2,0,3,5
14095.0,,,,722,1,2.95,,0,1,0,1,2
14096.0,6.0,5.0,6.0,3,17,65164.79,1.0555490111379433,6,10,7,10,27
14097.0,164.0,,164.0,480,2,422.86,,0,2,1,4,7
14098.0,,,,36,1,147.35,,0,7,0,1,8
14099.0,37.0,41.0,33.0,15,20,5750.91,0.8115266159098767,8,9,7,10,26
14100.0,,,,137,1,191.95000000000002,,0,5,0,2,7
14101.0,45.0,42.0,47.0,73,13,9961.93,1.1133869940354006,6,6,7,10,23
14102.0,9.0,7.0,10.0,4,5,1105.88,1.518474687705457,0,10,3,6,19
14104.0,101.0,11.0,131.0,154,5,743.53,11.020728911683568,0,5,3,5,13
14105.0,120.0,110.0,123.0,238,5,5988.83,1.116100270408536,0,4,3,10,17
14106.0,,,,736,1,214.79999999999998,,0,1,0,2,3
14107.0,67.0,91.0,52.0,51,11,4877.3,0.570085270597046,9,7,6,9,22
14108.0,235.0,6.0,350.0,30,4,1044.96,50.8749747933051,0,8,3,6,17
14109.0,,,,72,1,144.2,,0,6,0,1,7
14110.0,22.0,15.0,29.0,3,33,12987.95,1.9257416541081784,2,10,8,10,28
14111.0,75.0,135.0,45.0,13,4,692.85,0.34022713841568386,0,9,3,5,17
14112.0,52.0,40.0,61.0,22,13,5834.59,1.5095075989921367,4,8,7,10,25
14113.0,48.0,41.0,55.0,3,16,7092.610000000001,1.341621006551972,4,10,7,10,27
14114.0,55.0,80.0,42.0,273,7,1364.09,0.5326997721075101,0,4,4,7,15
14115.0,165.0,,165.0,501,2,622.6700000000001,,0,2,1,5,8
14116.0,25.0,28.0,24.0,19,5,1382.74,0.8428755781053374,0,8,3,7,18
14117.0,,,,143,1,90.0,,0,5,0,1,6
14118.0,,,,428,1,458.45,,0,2,0,4,6
14119.0,342.0,,342.0,375,2,183.37,,0,3,1,2,6
14121.0,18.0,29.0,13.0,3,4,2780.15,0.4345556404379934,0,10,3,8,21
14122.0,165.0,,165.0,405,3,362.42,,0,3,2,3,8
14123.0,,,,732,1,436.18,,0,1,0,4,5
14124.0,,,,83,1,419.58000000000004,,0,6,0,4,10
14125.0,33.0,,33.0,10,3,2720.63,,0,9,2,8,19
14126.0,145.0,433.0,1.0,7,4,1172.46,0.0034282421856244296,0,10,3,6,19
14127.0,60.0,22.0,85.0,122,6,1900.08,3.8006748280929195,0,5,4,8,17
14128.0,245.0,,245.0,60,3,924.21,,0,6,2,6,14
14129.0,72.0,59.0,79.0,1,9,2591.34,1.328324288831811,4,10,5,8,23
14130.0,136.0,310.0,49.0,318,4,1858.77,0.15784670513671165,0,3,3,8,14
14131.0,,,,648,1,168.22,,0,1,0,2,3
14132.0,18.0,17.0,18.0,1,11,3586.0299999999997,1.057830249516345,6,10,6,9,25
14133.0,201.0,417.0,93.0,129,4,911.14,0.22250974866957868,0,5,3,6,14
14134.0,24.0,26.0,23.0,382,15,11123.35,0.895853271988129,7,3,7,10,20
14135.0,32.0,34.0,29.0,1,24,8839.67,0.8402888278125622,8,10,7,10,27
14136.0,82.0,38.0,97.0,400,5,1570.8100000000002,2.5674028107318856,0,3,3,7,13
14137.0,,,,695,1,332.7,,0,1,0,3,4
14138.0,62.0,,62.0,1,2,965.8800000000001,,0,10,1,6,17
14139.0,165.0,16.0,240.0,45,4,1086.8,14.835186298076923,0,7,3,6,16
14140.0,27.0,,27.0,3,2,935.05,,0,10,1,6,17
14141.0,34.0,31.0,35.0,2,4,915.1300000000001,1.1126301799642686,0,10,3,6,19
14142.0,273.0,,273.0,372,2,671.34,,0,3,1,5,9
14143.0,,,,133,1,115.8,,0,5,0,1,6
14144.0,,,,485,1,30.599999999999998,,0,2,0,1,3
14145.0,94.0,75.0,103.0,46,7,7600.049999999999,1.3678269547381878,0,7,4,10,21
14146.0,62.0,49.0,72.0,8,12,9450.3,1.4561010437183821,4,10,6,10,26
14147.0,70.0,67.0,71.0,77,9,2590.2000000000003,1.0631679506933744,6,6,5,8,19
14148.0,180.0,,180.0,233,2,466.29,,0,4,1,4,9
14149.0,,,,220,1,446.62,,0,4,0,4,8
14150.0,324.0,,324.0,35,2,658.6400000000001,,0,7,1,5,13
14151.0,43.0,,43.0,672,2,679.45,,0,1,1,5,7
14152.0,83.0,71.0,92.0,74,8,2386.02,1.2886765647122713,5,6,5,8,19
14153.0,,,,482,1,233.4,,0,2,0,2,4
14154.0,65.0,90.0,45.0,238,8,6460.7,0.5070309330434716,9,4,5,10,19
14155.0,,,,265,1,118.75,,0,4,0,1,5
14156.0,4.0,3.0,5.0,9,156,313437.62,1.395551389772504,4,9,10,10,29
14157.0,156.0,228.0,132.0,19,5,978.69,0.5791787863071064,0,8,3,6,17
14158.0,,,,39,1,507.66,,0,7,0,4,11
14159.0,37.0,41.0,34.0,19,20,7860.8,0.8256465349147101,8,8,7,10,25
14160.0,14.0,14.0,14.0,609,7,8421.470000000001,0.9740315571770501,0,1,4,10,15
14161.0,85.0,119.0,68.0,215,7,2996.93,0.5734438139141345,0,4,4,9,17
14162.0,118.0,,118.0,173,2,289.36,,0,5,1,3,9
14163.0,93.0,223.0,50.0,86,5,2594.62,0.2270519216037965,0,6,3,8,17
14164.0,10.0,,10.0,70,2,1631.77,,0,6,1,7,14
14165.0,,,,275,1,120.44,,0,4,0,1,5
14166.0,121.0,,121.0,504,2,251.15,,0,2,1,2,5
14167.0,91.0,72.0,106.0,38,8,1274.29,1.4681760881528598,4,7,5,7,19
14168.0,143.0,,143.0,420,2,370.45,,0,2,1,3,6
14169.0,13.0,,13.0,430,2,621.51,,0,2,1,5,8
14170.0,9.0,,9.0,374,3,570.18,,0,3,2,4,9
14171.0,632.0,,632.0,97,2,498.79,,0,5,1,4,10
14172.0,18.0,,18.0,604,3,369.02,,0,1,2,3,6
14173.0,143.0,255.0,69.0,10,6,586.0,0.27252258067146157,0,9,4,4,17
14174.0,,,,32,1,134.46,,0,8,0,1,9
14175.0,81.0,54.0,101.0,59,8,7678.88,1.8623691673550729,3,6,5,10,21
14176.0,20.0,13.0,23.0,296,5,756.46,1.6760865231259967,0,4,3,5,12
14177.0,47.0,14.0,70.0,85,13,2209.69,4.889763454188158,1,6,7,8,21
14178.0,28.0,42.0,22.0,8,7,1600.26,0.5345582344244286,0,10,4,7,21
14179.0,11.0,,11.0,40,2,701.57,,0,7,1,5,13
14180.0,16.0,16.0,17.0,10,33,6117.5,1.0719379294121096,6,9,8,10,27
14181.0,151.0,,151.0,410,2,308.35,,0,2,1,3,6
14182.0,50.0,67.0,42.0,443,4,678.77,0.6398141818407805,0,2,3,5,10
14183.0,69.0,,69.0,410,2,278.34000000000003,,0,2,1,2,5
14184.0,,,,66,1,452.89,,0,6,0,4,10
14185.0,,,,330,1,197.65,,0,3,0,2,5
14186.0,54.0,52.0,55.0,426,5,1550.63,1.0564283809015738,0,2,3,7,12
14187.0,,,,473,1,123.5,,0,2,0,1,3
14188.0,55.0,78.0,41.0,30,6,2054.36,0.5290521782460137,0,8,4,8,20
14189.0,25.0,26.0,24.0,1,16,5503.15,0.922720338638893,7,10,7,10,27
14190.0,,,,665,1,79.9,,0,1,0,1,2
14191.0,51.0,99.0,16.0,1,15,4817.66,0.16606410262393936,10,10,7,9,26
14192.0,,,,387,1,293.74,,0,3,0,3,6
14193.0,164.0,,164.0,67,3,1210.19,,0,6,2,6,14
14194.0,19.0,25.0,13.0,4,37,19450.94,0.5374320604340224,9,10,8,10,28
14195.0,86.0,26.0,126.0,201,6,2615.6,4.795534634197654,0,4,4,8,16
14196.0,,,,106,1,335.52,,0,5,0,3,8
14197.0,,,,410,1,390.05,,0,2,0,3,5
14198.0,85.0,75.0,91.0,17,9,1569.73,1.2192994100294985,5,9,5,7,21
14199.0,104.0,10.0,151.0,217,4,1091.6999999999998,15.063171018909745,0,4,3,6,13
14200.0,,,,616,1,379.2,,0,1,0,3,4
14201.0,58.0,88.0,34.0,59,10,1193.54,0.39312929933682084,10,6,6,6,18
14202.0,121.0,,121.0,380,3,847.76,,0,3,2,5,10
14203.0,,,,396,1,339.34,,0,3,0,3,6
14204.0,245.0,201.0,266.0,1,4,1024.83,1.327381404567711,0,10,3,6,19
14205.0,78.0,44.0,98.0,16,9,2414.2,2.2242657503342245,2,9,5,8,22
14206.0,81.0,,81.0,238,3,1185.0099999999998,,0,4,2,6,12
14207.0,,,,687,1,157.8,,0,1,0,1,2
14208.0,456.0,,456.0,94,2,567.05,,0,6,1,4,11
14209.0,48.0,42.0,52.0,10,15,4993.27,1.244760857388762,5,9,7,9,25
14210.0,39.0,33.0,45.0,105,16,5556.57,1.3771489724748673,4,5,7,10,22
14211.0,39.0,39.0,39.0,52,18,4402.29,0.997604911503536,6,7,7,9,23
14212.0,356.0,,356.0,89,2,2190.14,,0,6,1,8,15
14213.0,,,,404,1,1192.2,,0,3,0,6,9
14214.0,61.0,107.0,46.0,30,5,1004.38,0.4354242744622383,0,8,3,6,17
14215.0,90.0,121.0,71.0,11,9,3250.33,0.5894539830503615,9,9,5,9,23
14216.0,102.0,376.0,11.0,2,5,2150.04,0.030226578011047552,0,10,3,8,21
14217.0,23.0,26.0,21.0,1,23,3298.59,0.8333135284248848,8,10,7,9,26
14218.0,,,,42,1,169.48000000000002,,0,7,0,2,9
14219.0,244.0,,244.0,3,3,633.8299999999999,,0,10,2,5,17
14220.0,107.0,2.0,159.0,246,4,1515.0,79.91571279916754,0,4,3,7,14
14221.0,35.0,23.0,45.0,41,17,6517.49,1.9416066858549288,2,7,7,10,24
14222.0,,,,176,1,683.17,,0,5,0,5,10
14223.0,85.0,,85.0,91,3,991.13,,0,6,2,6,14
14224.0,54.0,33.0,66.0,109,9,1841.71,2.004306213449277,2,5,5,8,18
14225.0,87.0,126.0,67.0,434,4,2031.07,0.5381203086191989,0,2,3,8,13
14226.0,82.0,115.0,60.0,28,6,2985.13,0.5249531001972196,0,8,4,9,21
14227.0,45.0,70.0,27.0,25,15,6368.71,0.3873261802715631,10,8,7,10,25
14228.0,54.0,,54.0,437,3,745.5,,0,2,2,5,9
14229.0,59.0,22.0,87.0,51,8,3379.1099999999997,3.877924834433707,1,7,5,9,21
14230.0,56.0,,56.0,435,3,979.8,,0,2,2,6,10
14231.0,89.0,162.0,52.0,183,4,1235.62,0.3237961808545734,0,5,3,7,15
14232.0,55.0,77.0,48.0,42,5,2048.07,0.6168962072287437,0,7,3,8,18
14233.0,99.0,89.0,104.0,48,7,2904.27,1.1625250322119938,0,7,4,8,19
14234.0,11.0,12.0,11.0,21,4,754.12,0.9566192969334331,0,8,3,5,16
14235.0,68.0,40.0,84.0,74,9,4717.990000000001,2.0942052410757275,2,6,5,9,20
14236.0,106.0,34.0,129.0,80,5,1555.3400000000001,3.730512427002571,0,6,3,7,16
14237.0,217.0,,217.0,372,2,471.14,,0,3,1,4,8
14238.0,204.0,,204.0,325,3,434.23,,0,3,2,4,9
14239.0,34.0,33.0,35.0,42,21,4263.17,1.0473173419093278,6,7,7,9,23
14240.0,196.0,,196.0,29,3,1247.49,,0,8,2,7,17
14241.0,512.0,,512.0,183,2,333.70000000000005,,0,5,1,3,9
14242.0,91.0,,91.0,234,2,280.54999999999995,,0,4,1,2,7
14243.0,29.0,15.0,39.0,8,17,7217.75,2.507085611685726,2,10,7,10,27
14244.0,,,,660,1,366.41999999999996,,0,1,0,3,4
14245.0,43.0,,43.0,219,2,1693.45,,0,4,1,7,12
14246.0,67.0,,67.0,110,3,1474.06,,0,5,2,7,14
14247.0,68.0,27.0,81.0,277,5,753.56,2.9243772684333518,0,4,3,5,12
14248.0,98.0,,98.0,317,3,1032.95,,0,3,2,6,11
14249.0,24.0,22.0,25.0,410,12,5400.461,1.1334322676060344,6,2,6,9,17
14250.0,41.0,,41.0,6,3,1904.05,,0,10,2,8,20
14251.0,13.0,40.0,5.0,1,5,2879.7,0.13118600189538404,0,10,3,8,21
14252.0,,,,380,1,350.99,,0,3,0,3,6
14253.0,129.0,,129.0,492,2,363.40000000000003,,0,2,1,3,6
14254.0,,,,432,1,601.03,,0,2,0,4,6
14255.0,,,,545,1,1000.63,,0,1,0,6,7
14256.0,108.0,202.0,77.0,259,5,2460.79,0.379658492242452,0,4,3,8,15
14257.0,73.0,89.0,63.0,63,9,5954.45,0.7075026428704683,9,6,5,10,21
14258.0,30.0,21.0,37.0,8,25,32051.34,1.7575157552832568,3,10,8,10,28
14259.0,,,,141,1,120.0,,0,5,0,1,6
14260.0,38.0,,38.0,470,3,824.28,,0,2,2,5,9
14261.0,27.0,,27.0,50,2,1163.45,,0,7,1,6,14
14262.0,33.0,52.0,18.0,7,8,2618.23,0.3650107655076693,10,10,5,8,23
14263.0,,,,422,1,322.93,,0,2,0,3,5
14264.0,91.0,79.0,99.0,154,6,1517.3600000000001,1.2607256955277926,0,5,4,7,16
14265.0,167.0,147.0,177.0,108,4,1373.35,1.2002760809649686,0,5,3,7,15
14266.0,,,,427,1,40.56,,0,2,0,1,3
14267.0,48.0,,48.0,162,3,1516.24,,0,5,2,7,14
14268.0,,,,470,1,354.85,,0,2,0,3,5
14269.0,,,,438,1,295.73,,0,2,0,3,5
14270.0,,,,331,1,492.65000000000003,,0,3,0,4,7
14271.0,183.0,,183.0,225,2,214.18,,0,4,1,2,7
14272.0,169.0,19.0,244.0,73,4,920.8100000000001,12.33324576152445,0,6,3,6,15
14273.0,63.0,24.0,83.0,50,4,559.97,3.3519369205344387,0,7,3,4,14
14274.0,,,,685,1,256.6,,0,1,0,2,3
14275.0,42.0,38.0,44.0,395,6,1189.3799999999999,1.1692649328843914,0,3,4,6,13
14276.0,93.0,87.0,96.0,98,7,2102.68,1.0973524708297961,0,5,4,8,17
14277.0,88.0,79.0,94.0,14,9,17197.61,1.1856578499856107,5,9,5,10,24
14278.0,,,,409,1,205.83,,0,3,0,2,5
14279.0,160.0,,160.0,520,2,191.86,,0,2,1,2,5
14280.0,,,,196,1,134.04,,0,4,0,1,5
14281.0,,,,407,1,245.15,,0,3,0,2,5
14282.0,27.0,36.0,20.0,2,25,7250.76,0.5621053216449212,9,10,8,10,28
14283.0,35.0,68.0,19.0,462,4,628.44,0.2801151913729014,0,2,3,5,10
14284.0,311.0,,311.0,30,3,1299.65,,0,8,2,7,17
14285.0,101.0,72.0,123.0,20,8,3284.42,1.692795638295839,3,8,5,9,22
14286.0,118.0,48.0,153.0,23,7,8479.76,3.2052344783227698,0,8,4,10,22
14287.0,95.0,,95.0,7,3,176.63,,0,10,2,2,14
14288.0,,,,212,1,426.6,,0,4,0,4,8
14289.0,56.0,45.0,63.0,8,6,911.26,1.412413091402408,0,10,4,6,20
14290.0,102.0,123.0,87.0,10,8,4516.56,0.7098729163538069,9,9,5,9,23
14291.0,33.0,34.0,31.0,1,23,7904.1,0.9025545369157704,7,10,7,10,27
14292.0,41.0,49.0,34.0,7,16,9226.25,0.6920338313146187,9,10,7,10,27
14293.0,90.0,115.0,76.0,2,9,2903.01,0.659090690170014,9,10,5,8,23
14294.0,,,,406,1,375.34,,0,3,0,3,6
14295.0,172.0,1.0,230.0,39,5,2362.91,202.35471390755447,0,7,3,8,18
14296.0,152.0,,152.0,420,2,456.4,,0,2,1,4,7
14297.0,85.0,214.0,21.0,17,4,1305.33,0.10026306058502599,0,9,3,7,19
14298.0,8.0,9.0,8.0,7,82,91194.49,0.9332967299234532,7,10,9,10,29
14299.0,28.0,20.0,34.0,7,27,14070.25,1.652427555714485,3,10,8,10,28
14300.0,,,,18,1,43.2,,0,9,0,1,10
14301.0,183.0,94.0,227.0,116,4,1992.18,2.4204284395198523,0,5,3,8,16
14302.0,153.0,,153.0,430,3,742.9000000000001,,0,2,2,5,9
14303.0,27.0,,27.0,406,2,277.94,,0,3,1,2,6
14304.0,174.0,,174.0,222,3,1725.01,,0,4,2,7,13
14305.0,32.0,,32.0,70,3,1858.96,,0,6,2,8,16
14306.0,125.0,144.0,112.0,50,6,3151.4,0.7770471822690316,0,7,4,9,20
14307.0,71.0,89.0,56.0,88,10,4287.92,0.6350115598548972,9,6,6,9,21
14308.0,0.0,,0.0,548,2,1147.02,,0,1,1,6,8
14309.0,54.0,63.0,47.0,7,11,3780.81,0.7552237011780648,8,10,6,9,25
14310.0,,,,432,1,492.1,,0,2,0,4,6
14311.0,324.0,,324.0,242,2,516.45,,0,4,1,4,9
14312.0,45.0,31.0,55.0,46,11,3090.29,1.7581813667337987,3,7,6,9,22
14314.0,324.0,,324.0,106,2,229.8,,0,5,1,2,8
14315.0,84.0,147.0,36.0,44,8,3197.8199999999997,0.24864387892162318,10,7,5,9,21
14316.0,52.0,48.0,53.0,421,5,1370.34,1.0898031503543673,0,2,3,7,12
14317.0,,,,64,1,508.58000000000004,,0,6,0,4,10
14318.0,,,,459,1,158.02,,0,2,0,1,3
14319.0,,,,423,1,494.85,,0,2,0,4,6
14320.0,120.0,26.0,151.0,206,5,1346.75,5.825835601330558,0,4,3,7,14
14321.0,77.0,69.0,80.0,10,7,2218.06,1.1537671385824662,0,9,4,8,21
14322.0,76.0,22.0,104.0,428,4,474.1,4.729104901280515,0,2,3,4,9
14323.0,123.0,,123.0,114,2,605.06,,0,5,1,4,10
14324.0,283.0,,283.0,409,2,701.61,,0,3,1,5,9
14325.0,,,,569,1,245.48000000000002,,0,1,0,2,3
14326.0,145.0,,145.0,241,3,940.98,,0,4,2,6,12
14327.0,107.0,35.0,155.0,162,6,1894.9299999999998,4.445398622941933,0,5,4,8,17
14328.0,,,,437,1,445.05,,0,2,0,4,6
14329.0,50.0,48.0,51.0,16,15,9887.62,1.051296588968186,6,9,7,10,26
14330.0,,,,623,1,200.63,,0,1,0,2,3
14331.0,10.0,,10.0,123,2,462.66,,0,5,1,4,10
14332.0,98.0,35.0,119.0,22,5,1917.41,3.4079892368874027,0,8,3,8,19
14333.0,,,,67,1,415.2,,0,6,0,4,10
14334.0,50.0,49.0,50.0,16,12,4318.48,1.0135805188516598,6,9,6,9,24
14335.0,80.0,,80.0,15,2,454.86,,0,9,1,4,14
14336.0,86.0,56.0,101.0,16,4,1614.91,1.780798448950725,0,9,3,7,19
14338.0,187.0,,187.0,160,3,928.1,,0,5,2,6,13
14339.0,186.0,,186.0,242,2,620.27,,0,4,1,5,10
14340.0,,,,218,1,134.7,,0,4,0,1,5
14341.0,40.0,39.0,41.0,44,18,4452.02,1.0477294340119603,6,7,7,9,23
14342.0,90.0,131.0,62.0,20,6,918.44,0.48080488983472336,0,8,4,6,18
14343.0,89.0,55.0,106.0,420,4,1079.66,1.9026140059081995,0,2,3,6,11
14344.0,26.0,25.0,26.0,126,20,2993.05,1.0533019765639868,6,5,7,9,21
14345.0,,,,38,1,108.97999999999999,,0,7,0,1,8
14346.0,94.0,72.0,101.0,120,5,2315.75,1.4096850947413038,0,5,3,8,16
14347.0,,,,736,1,82.6,,0,1,0,1,2
14348.0,,,,259,1,409.57,,0,4,0,4,8
14349.0,,,,9,1,133.5,,0,9,0,1,10
14350.0,77.0,,77.0,273,3,972.03,,0,4,2,6,12
14351.0,,,,164,1,51.0,,0,5,0,1,6
14352.0,38.0,38.0,38.0,156,4,1078.96,0.9982603705231442,0,5,3,6,14
14353.0,108.0,,108.0,214,3,376.5,,0,4,2,3,9
14354.0,24.0,,24.0,5,2,163.62,,0,10,1,2,13
14355.0,130.0,,130.0,365,3,840.0500000000001,,0,3,2,5,10
14356.0,1.0,,1.0,79,2,701.23,,0,6,1,5,12
14357.0,,,,42,1,225.12,,0,7,0,2,9
14358.0,38.0,,38.0,388,2,400.05999999999995,,0,3,1,3,7
14359.0,34.0,,34.0,18,3,912.1800000000001,,0,9,2,6,17
14360.0,20.0,27.0,17.0,31,4,2118.0299999999997,0.6630660946851962,0,8,3,8,19
14361.0,,,,578,1,214.70999999999998,,0,1,0,2,3
14362.0,,,,21,1,151.5,,0,8,0,1,9
14363.0,49.0,,49.0,401,2,227.47,,0,3,1,2,6
14364.0,14.0,7.0,19.0,108,8,3717.35,2.4729688587334726,2,5,5,9,19
14365.0,287.0,,287.0,394,2,634.6800000000001,,0,3,1,5,9
14366.0,,,,524,1,136.0,,0,2,0,1,3
14367.0,17.0,13.0,22.0,7,16,9227.82,1.6748718016493973,3,10,7,10,27
14368.0,,,,319,1,155.0,,0,3,0,1,4
14369.0,19.0,,19.0,641,2,469.13,,0,1,1,4,6
14370.0,45.0,47.0,44.0,450,6,1175.78,0.9367314274457659,0,2,4,6,12
14371.0,,,,294,1,100.5,,0,4,0,1,5
14372.0,156.0,,156.0,442,2,860.08,,0,2,1,5,8
14373.0,,,,357,1,76.55,,0,3,0,1,4
14374.0,,,,540,1,108.0,,0,1,0,1,2
14375.0,177.0,,177.0,184,3,1106.82,,0,5,2,6,13
14376.0,,,,682,1,215.46,,0,1,0,2,3
14377.0,70.0,,70.0,190,2,617.05,,0,4,1,5,10
14378.0,,,,621,1,131.25,,0,1,0,1,2
14379.0,145.0,87.0,174.0,43,4,1265.1599999999999,2.004874818490801,0,7,3,7,17
14380.0,,,,681,1,48.96,,0,1,0,1,2
14381.0,399.0,,399.0,51,2,625.94,,0,7,1,5,13
14382.0,363.0,,363.0,25,2,1193.63,,0,8,1,6,15
14383.0,62.0,,62.0,37,3,1247.69,,0,7,2,7,16
14384.0,,,,500,1,58.5,,0,2,0,1,3
14385.0,7.0,,7.0,8,3,202.10999999999999,,0,10,2,2,14
14386.0,,,,296,1,142.4,,0,4,0,1,5
14387.0,38.0,,38.0,32,3,1727.6,,0,8,2,7,17
14388.0,45.0,43.0,46.0,9,16,6388.2,1.0883641193693598,6,9,7,10,26
14389.0,131.0,61.0,154.0,64,5,1898.01,2.4915684889790644,0,6,3,8,17
14390.0,34.0,37.0,32.0,9,13,6150.03,0.8797413956375008,7,9,7,10,26
14391.0,,,,576,1,135.6,,0,1,0,1,2
14392.0,,,,431,1,266.4,,0,2,0,2,4
14393.0,,,,217,1,67.95,,0,4,0,1,5
14394.0,,,,564,1,93.8,,0,1,0,1,2
14395.0,31.0,20.0,41.0,1,20,7801.93,2.042558958862448,2,10,7,10,27
14396.0,112.0,44.0,146.0,64,7,1969.38,3.318517554035179,0,6,4,8,18
14397.0,11.0,12.0,10.0,2,19,2612.96,0.82283622371269,8,10,7,8,25
14398.0,126.0,,126.0,400,2,707.79,,0,3,1,5,9
14399.0,40.0,37.0,42.0,393,8,2108.21,1.1252976559593204,6,3,5,8,16
14400.0,241.0,,241.0,148,3,1732.47,,0,5,2,7,14
14401.0,34.0,41.0,28.0,3,22,6795.9,0.6891822598338952,9,10,7,10,27
14402.0,,,,651,1,285.6,,0,1,0,2,3
14403.0,101.0,196.0,38.0,129,6,1880.51,0.19886992038424361,0,5,4,8,17
14404.0,57.0,28.0,77.0,33,13,2724.13,2.764374819500189,1,7,7,8,22
14405.0,,,,386,1,195.0,,0,3,0,2,5
14406.0,,,,118,1,156.75,,0,5,0,1,6
14407.0,33.0,67.0,11.0,106,6,2157.73,0.16782938762220564,0,5,4,8,17
14408.0,72.0,117.0,42.0,10,11,4102.27,0.3615685774178378,10,9,6,9,24
14409.0,62.0,66.0,59.0,70,9,3427.29,0.8962046792199904,7,6,5,9,20
14410.0,34.0,46.0,26.0,91,11,2631.9,0.5831999838974266,9,6,6,8,20
14411.0,,,,310,1,1063.0,,0,4,0,6,10
14412.0,190.0,,190.0,42,3,1426.19,,0,7,2,7,16
14413.0,108.0,7.0,159.0,361,4,764.52,22.575377376984903,0,3,3,5,11
14414.0,40.0,81.0,9.0,91,8,2399.33,0.12320597736211196,10,6,5,8,19
14415.0,32.0,36.0,29.0,0,23,11980.09,0.8243157579897057,8,10,7,10,27
14416.0,20.0,,20.0,21,2,490.22,,0,8,1,4,13
14417.0,,,,387,1,524.65,,0,3,0,4,7
14418.0,52.0,,52.0,3,3,1937.25,,0,10,2,8,20
14419.0,62.0,65.0,60.0,10,7,1254.64,0.9305135709631592,0,9,4,7,20
14420.0,197.0,179.0,206.0,98,4,1639.17,1.1535515819925466,0,5,3,7,15
14421.0,126.0,70.0,164.0,56,6,2469.37,2.3303841198723156,0,7,4,8,19
14422.0,40.0,26.0,50.0,0,19,10271.52,1.8752200918000728,3,10,7,10,27
14423.0,238.0,,238.0,217,3,916.6099999999999,,0,4,2,6,12
14424.0,,,,17,1,322.08,,0,9,0,3,12
14425.0,151.0,,151.0,434,3,661.39,,0,2,2,5,9
14426.0,38.0,47.0,32.0,23,17,11727.94,0.6756597030219935,9,8,7,10,25
14427.0,193.0,137.0,222.0,49,4,1263.52,1.6201007214656291,0,7,3,7,17
14428.0,79.0,85.0,77.0,6,5,1224.06,0.9028335926021951,0,10,3,7,20
14429.0,,,,403,1,516.28,,0,3,0,4,7
14430.0,47.0,,47.0,511,3,1220.9,,0,2,2,6,10
14431.0,128.0,232.0,76.0,302,4,2614.2,0.3292438860219879,0,4,3,8,15
14432.0,15.0,21.0,12.0,9,6,2248.5,0.597479084103919,0,9,4,8,21
14433.0,,,,465,1,280.7,,0,2,0,2,4
14434.0,10.0,6.0,12.0,21,6,1372.8,2.1491461393161404,0,8,4,7,19
14435.0,,,,501,1,90.42,,0,2,0,1,3
14436.0,454.0,,454.0,98,2,271.70000000000005,,0,5,1,2,8
14437.0,54.0,53.0,54.0,365,5,873.34,1.0142555869101155,0,3,3,6,12
14438.0,,,,305,1,131.9,,0,4,0,1,5
14439.0,91.0,3.0,121.0,319,5,9443.039999999999,31.733611766842202,0,3,3,10,16
14440.0,60.0,64.0,57.0,7,13,5982.030000000001,0.8938078605321803,7,10,7,10,27
14441.0,68.0,45.0,84.0,0,11,4611.69,1.857785536146928,3,10,6,9,25
14442.0,80.0,115.0,63.0,204,7,5367.0199999999995,0.5520984625007141,0,4,4,9,17
14443.0,81.0,10.0,104.0,53,5,2082.97,9.663300308937893,0,7,3,8,18
14444.0,,,,455,1,120.44,,0,2,0,1,3
14445.0,,,,455,1,221.65,,0,2,0,2,4
14446.0,96.0,140.0,81.0,0,5,1200.28,0.5856489518953185,0,10,3,6,19
14447.0,76.0,102.0,59.0,18,6,1711.73,0.5807673937632382,0,9,4,7,20
14448.0,354.0,,354.0,8,2,375.35,,0,10,1,3,14
14449.0,59.0,11.0,95.0,18,8,2230.96,8.47461835571087,1,9,5,8,22
14450.0,71.0,109.0,52.0,180,7,1128.44,0.48571696959661703,0,5,4,6,15
14451.0,57.0,33.0,77.0,59,12,3258.68,2.3530506891503005,2,6,6,9,21
14452.0,170.0,126.0,192.0,10,4,658.95,1.526922865013774,0,9,3,5,17
14453.0,,,,189,1,119.93,,0,4,0,1,5
14454.0,89.0,62.0,98.0,375,5,977.3,1.55651988516268,0,3,3,6,12
14455.0,21.0,7.0,28.0,431,4,617.72,3.9746380380183197,0,2,3,5,10
14456.0,17.0,17.0,16.0,4,9,3017.2799999999997,0.9485599937220435,7,10,5,9,24
14457.0,,,,310,1,113.64,,0,4,0,1,5
14458.0,,,,380,1,228.07,,0,3,0,2,5
14459.0,496.0,,496.0,154,2,5375.741,,0,5,1,9,15
14460.0,76.0,102.0,61.0,109,9,1093.5,0.5929210745930237,9,5,5,6,16
14461.0,45.0,38.0,50.0,147,13,6676.91,1.3113347551069703,5,5,7,10,22
14462.0,33.0,33.0,33.0,65,12,2242.81,1.0145915188023904,6,6,6,8,20
14463.0,133.0,294.0,53.0,97,4,786.5699999999999,0.1819373056591122,0,5,3,5,13
14464.0,59.0,,59.0,567,2,111.0,,0,1,1,1,3
14465.0,45.0,27.0,57.0,246,11,3925.85,2.1132365329242337,2,4,6,9,19
14466.0,58.0,60.0,56.0,28,13,4267.15,0.9344980160371413,7,8,7,9,24
14467.0,65.0,57.0,72.0,17,12,2203.24,1.2716404601688844,5,9,6,8,23
14468.0,,,,733,1,204.24,,0,1,0,2,3
14469.0,87.0,59.0,101.0,415,4,2093.46,1.6932440410728964,0,2,3,8,13
14470.0,209.0,,209.0,11,3,712.04,,0,9,2,5,16
14471.0,141.0,,141.0,590,2,400.95,,0,1,1,3,5
14472.0,73.0,134.0,36.0,103,9,2118.72,0.2702068993969732,10,5,5,8,18
14473.0,208.0,,208.0,73,2,234.34000000000003,,0,6,1,2,9
14474.0,533.0,,533.0,45,2,1258.8899999999999,,0,7,1,7,15
14475.0,112.0,104.0,116.0,71,4,1151.15,1.1199169625931167,0,6,3,6,15
14476.0,,,,256,1,193.0,,0,4,0,2,6
14477.0,114.0,133.0,104.0,19,7,1969.6,0.7779531599900473,0,8,4,8,20
14478.0,118.0,55.0,150.0,381,4,1276.6599999999999,2.67992334978791,0,3,3,7,13
14479.0,159.0,314.0,82.0,253,4,1124.71,0.26177975258550357,0,4,3,6,13
14480.0,235.0,280.0,213.0,10,4,1299.52,0.7587729818617935,0,9,3,7,19
14481.0,128.0,64.0,149.0,164,5,2284.69,2.299409714053511,0,5,3,8,16
14482.0,41.0,18.0,60.0,17,12,4306.72,3.3031812253552277,1,9,6,9,24
14483.0,455.0,,455.0,281,2,257.1,,0,4,1,2,7
14484.0,224.0,84.0,293.0,49,4,1070.98,3.454605999689474,0,7,3,6,16
14485.0,,,,38,1,162.8,,0,7,0,2,9
14486.0,41.0,,41.0,511,2,175.5,,0,2,1,2,5
14487.0,58.0,145.0,15.0,26,7,1266.27,0.10850424433988243,0,8,4,7,19
14488.0,,,,67,1,1064.28,,0,6,0,6,12
14489.0,135.0,120.0,142.0,206,4,1574.93,1.188287000601824,0,4,3,7,14
14490.0,22.0,,22.0,405,2,1273.47,,0,3,1,7,11
14491.0,197.0,,197.0,174,2,340.93,,0,5,1,3,9
14492.0,31.0,39.0,27.0,429,7,1921.91,0.6843220892274211,0,2,4,8,14
14493.0,70.0,62.0,76.0,6,10,5087.860000000001,1.2191509879719151,5,10,6,9,25
14494.0,352.0,,352.0,25,3,401.46000000000004,,0,8,2,3,13
14495.0,304.0,,304.0,50,3,174.8,,0,7,2,2,11
14496.0,53.0,112.0,24.0,311,7,2363.89,0.21520331376434493,0,3,4,8,15
14497.0,364.0,,364.0,308,2,697.06,,0,4,1,5,10
14498.0,56.0,37.0,71.0,42,10,3900.83,1.9303781281211205,2,7,6,9,22
14499.0,73.0,43.0,89.0,25,7,2101.79,2.0758189937096763,0,8,4,8,20
14500.0,50.0,,50.0,87,3,356.85,,0,6,2,3,11
14501.0,136.0,,136.0,183,2,251.21,,0,5,1,2,8
14502.0,29.0,19.0,35.0,19,11,2429.83,1.8424835438534068,3,8,6,8,22
14503.0,35.0,79.0,5.0,2,6,3543.26,0.06741527249019129,0,10,4,9,23
14504.0,77.0,18.0,106.0,46,4,673.26,5.603422973914958,0,7,3,5,15
14505.0,39.0,24.0,51.0,16,19,11879.08,2.0530598209851028,2,9,7,10,26
14506.0,97.0,115.0,87.0,16,7,2960.25,0.7642659806127434,0,9,4,9,22
14507.0,70.0,87.0,59.0,23,11,3216.74,0.6747931102751931,9,8,6,9,23
14508.0,129.0,0.0,172.0,21,5,822.9200000000001,35539.0,0,8,3,5,16
14509.0,,,,533,1,110.95,,0,2,0,1,3
14510.0,30.0,,30.0,375,3,979.85,,0,3,2,6,11
14511.0,30.0,41.0,27.0,10,5,1314.81,0.6589582663711874,0,9,3,7,19
14512.0,90.0,76.0,97.0,187,7,1215.97,1.2697616201709478,0,5,4,6,15
14513.0,93.0,65.0,111.0,100,6,788.01,1.6999026707566032,0,5,4,5,14
14514.0,73.0,53.0,90.0,60,10,4527.900000000001,1.683232108480201,3,6,6,9,21
14515.0,48.0,32.0,61.0,17,12,3724.06,1.8915534403887968,3,9,6,9,24
14516.0,,,,515,1,151.17,,0,2,0,1,3
14517.0,108.0,,108.0,32,2,330.45,,0,8,1,3,12
14518.0,,,,63,1,174.37,,0,6,0,2,8
14519.0,45.0,,45.0,683,2,203.14,,0,1,1,2,4
14520.0,289.0,,289.0,1,2,270.6,,0,10,1,2,13
14521.0,,,,490,1,199.45000000000002,,0,2,0,2,4
14522.0,94.0,29.0,142.0,23,8,1748.42,4.819873798546534,1,8,5,7,20
14523.0,,,,107,1,241.09,,0,5,0,2,7
14524.0,32.0,27.0,35.0,31,13,2909.86,1.3223195138989596,5,8,7,8,23
14525.0,44.0,42.0,45.0,19,17,8026.54,1.0659284133347462,6,8,7,10,25
14526.0,,,,388,1,258.65,,0,3,0,2,5
14527.0,6.0,5.0,6.0,2,123,27412.53,1.136840167064596,6,10,10,10,30
14528.0,,,,36,1,364.21999999999997,,0,7,0,3,10
14529.0,25.0,,25.0,59,3,578.61,,0,6,2,4,12
14530.0,44.0,33.0,53.0,25,16,6088.87,1.568993808548711,3,8,7,10,25
14531.0,,,,479,1,376.34,,0,2,0,3,5
14532.0,46.0,42.0,49.0,235,11,3845.78,1.1663966763642775,5,4,6,9,19
14533.0,58.0,64.0,54.0,24,11,3466.37,0.8477999070320058,8,8,6,9,23
14534.0,25.0,30.0,20.0,2,26,6187.66,0.6753874347687746,9,10,8,10,28
14535.0,74.0,34.0,97.0,59,9,5973.23,2.8259190414421163,1,6,5,10,21
14536.0,,,,259,1,170.95,,0,4,0,2,6
14537.0,565.0,,565.0,57,2,641.4000000000001,,0,7,1,5,13
14538.0,154.0,138.0,159.0,64,5,1370.8400000000001,1.1513103634427844,0,6,3,7,16
14539.0,28.0,,28.0,15,2,537.48,,0,9,1,4,14
14540.0,72.0,51.0,86.0,9,11,3709.6400000000003,1.6717593091797858,3,9,6,9,24
14541.0,49.0,63.0,37.0,58,14,2491.38,0.585107330380559,9,7,7,8,22
14542.0,,,,185,1,103.25,,0,5,0,1,6
14543.0,18.0,15.0,21.0,28,39,14587.87,1.4400471516970899,4,8,8,10,26
14544.0,222.0,,222.0,23,3,2938.5299999999997,,0,8,2,9,19
14545.0,,,,673,1,349.25,,0,1,0,3,4
14546.0,72.0,81.0,67.0,4,11,5184.84,0.8312582206113813,8,10,6,9,25
14547.0,7.0,11.0,3.0,3,8,3974.75,0.3399849173430709,10,10,5,9,24
14548.0,72.0,41.0,91.0,150,9,2541.29,2.240529245554371,2,5,5,8,18
14549.0,141.0,143.0,141.0,310,4,913.6,0.9801415906996047,0,4,3,6,13
14550.0,157.0,95.0,188.0,10,4,1345.06,1.9873174116272276,0,9,3,7,19
14551.0,110.0,135.0,98.0,17,7,878.09,0.7274231325957902,0,9,4,6,19
14552.0,220.0,,220.0,151,3,507.93,,0,5,2,4,11
14553.0,61.0,32.0,78.0,18,9,1818.6,2.400459206451567,2,9,5,8,22
14554.0,14.0,29.0,6.0,9,4,2279.49,0.22640673990569876,0,9,3,8,20
14555.0,132.0,97.0,156.0,56,6,2304.03,1.6152286201672452,0,7,4,8,19
14556.0,46.0,,46.0,595,3,815.69,,0,1,2,5,8
14557.0,,,,84,1,788.38,,0,6,0,5,11
14558.0,38.0,,38.0,653,3,655.5,,0,1,2,5,8
14559.0,,,,389,1,75.6,,0,3,0,1,4
14560.0,16.0,17.0,16.0,6,44,6114.03,0.9925369172965747,7,10,8,10,28
14561.0,54.0,,54.0,75,3,1080.76,,0,6,2,6,14
14562.0,26.0,43.0,11.0,3,26,6638.15,0.2564341396306153,10,10,8,10,28
14563.0,82.0,,82.0,509,2,640.54,,0,2,1,5,8
14564.0,300.0,,300.0,434,2,2605.62,,0,2,1,8,11
14565.0,94.0,112.0,88.0,95,5,3859.2200000000003,0.7900704037845905,0,6,3,9,18
14566.0,141.0,57.0,182.0,110,4,4092.0,3.2043516863088506,0,5,3,9,17
14567.0,73.0,,73.0,56,2,1530.3600000000001,,0,7,1,7,15
14568.0,,,,434,1,919.7,,0,2,0,6,8
14569.0,200.0,110.0,246.0,0,4,597.3299999999999,2.2339914991297327,0,10,3,4,17
14570.0,81.0,,81.0,280,3,613.75,,0,4,2,5,11
14571.0,,,,424,1,160.0,,0,2,0,1,3
14572.0,61.0,74.0,53.0,2,11,5526.88,0.71992104000349,9,10,6,10,26
14573.0,43.0,82.0,15.0,179,13,2163.12,0.18632621390655676,10,5,7,8,20
14574.0,,,,732,1,143.70000000000002,,0,1,0,1,2
14575.0,,,,487,1,420.22,,0,2,0,4,6
14576.0,,,,371,1,35.400000000000006,,0,3,0,1,4
14577.0,119.0,167.0,95.0,12,7,1364.15,0.5718735056240514,0,9,4,7,20
14578.0,,,,2,1,168.63,,0,10,0,2,12
14579.0,,,,431,1,105.56,,0,2,0,1,3
14580.0,,,,517,1,14.850000000000001,,0,2,0,1,3
14581.0,527.0,,527.0,16,2,409.65,,0,9,1,4,14
14582.0,,,,40,1,114.11,,0,7,0,1,8
14583.0,87.0,138.0,50.0,5,8,1660.29,0.3607943728582593,10,10,5,7,22
14584.0,70.0,79.0,63.0,168,8,1738.16,0.7914459518752162,8,5,5,7,17
14585.0,91.0,21.0,114.0,49,5,1143.27,5.222671894102272,0,7,3,6,16
14586.0,,,,276,1,237.36,,0,4,0,2,6
14587.0,39.0,19.0,50.0,18,9,1580.29,2.6349130762512116,2,9,5,7,21
14588.0,,,,577,1,135.39,,0,1,0,1,2
14589.0,,,,371,1,39.75,,0,3,0,1,4
14590.0,16.0,11.0,20.0,424,20,2993.37,1.7140378228612227,3,2,7,9,18
14591.0,65.0,197.0,0.0,14,4,1320.21,7.014984005836466e-06,0,9,3,7,19
14592.0,14.0,,14.0,34,3,557.9399999999999,,0,7,2,4,13
14593.0,64.0,38.0,85.0,21,12,3665.5299999999997,2.212990314553234,2,8,6,9,23
14594.0,365.0,,365.0,6,2,363.33,,0,10,1,3,14
14595.0,95.0,200.0,16.0,19,8,2164.4500000000003,0.08204121049346175,10,8,5,8,21
14596.0,,,,626,1,222.22000000000003,,0,1,0,2,3
14597.0,85.0,22.0,126.0,10,6,2184.63,5.630506752074896,0,9,4,8,21
14598.0,525.0,,525.0,43,2,384.03999999999996,,0,7,1,3,11
14599.0,118.0,,118.0,389,2,457.89,,0,3,1,4,8
14600.0,87.0,,87.0,305,2,865.1700000000001,,0,4,1,5,10
14601.0,,,,10,1,213.96,,0,9,0,2,11
14602.0,,,,655,1,205.35999999999999,,0,1,0,2,3
14603.0,,,,274,1,660.0,,0,4,0,5,9
14604.0,,,,632,1,143.85999999999999,,0,1,0,1,2
14605.0,119.0,0.0,178.0,373,4,921.5600000000001,128521.5,0,3,3,6,12
14606.0,3.0,3.0,3.0,0,194,30315.99,1.0709479326778466,6,10,10,10,30
14607.0,33.0,67.0,2.0,15,22,23763.13,0.04160815844335704,10,9,7,10,26
14608.0,72.0,54.0,85.0,3,11,3352.94,1.5635871637286232,4,10,6,9,25
14609.0,66.0,52.0,77.0,71,10,1486.2,1.4819554468605456,4,6,6,7,19
14610.0,118.0,,118.0,395,2,24.35,,0,3,1,1,5
14611.0,154.0,,154.0,443,2,604.3299999999999,,0,2,1,4,7
14612.0,,,,414,1,877.7,,0,2,0,6,8
14613.0,,,,679,1,76.32000000000001,,0,1,0,1,2
14614.0,,,,385,1,295.13,,0,3,0,3,6
14615.0,38.0,37.0,38.0,393,5,951.76,1.0534936955869107,0,3,3,6,12
14616.0,76.0,163.0,47.0,242,5,527.78,0.2913567330551905,0,4,3,4,11
14617.0,13.0,,13.0,402,2,190.47000000000003,,0,3,1,2,6
14618.0,89.0,65.0,101.0,8,7,1342.3200000000002,1.5614852403441255,0,10,4,7,21
14619.0,295.0,,295.0,245,2,1291.24,,0,4,1,7,12
14620.0,78.0,,78.0,205,2,412.78,,0,4,1,4,9
14621.0,85.0,57.0,102.0,0,9,3000.57,1.7808709138052197,3,10,5,9,24
14622.0,,,,184,1,320.58000000000004,,0,5,0,3,8
14623.0,63.0,55.0,69.0,31,10,2016.98,1.2542447132745467,5,8,6,8,22
14624.0,109.0,35.0,159.0,56,6,814.07,4.543789163897293,0,7,4,5,16
14625.0,52.0,66.0,43.0,195,11,4497.88,0.6447801063313273,9,4,6,9,19
14626.0,70.0,55.0,80.0,23,11,5410.92,1.4553673024124936,4,8,6,9,23
14627.0,,,,378,1,462.75,,0,3,0,4,7
14628.0,148.0,41.0,183.0,90,5,1998.0,4.393156138074803,0,6,3,8,17
14629.0,43.0,,43.0,3,2,955.26,,0,10,1,6,17
14630.0,,,,483,1,338.65,,0,2,0,3,5
14631.0,87.0,50.0,112.0,50,6,2025.69,2.2217936709093244,0,7,4,8,19
14632.0,,,,262,1,114.56,,0,4,0,1,5
14633.0,,,,265,1,344.90000000000003,,0,4,0,3,7
14634.0,34.0,7.0,48.0,437,4,2124.46,6.60817992028848,0,2,3,8,13
14635.0,,,,453,1,215.22,,0,2,0,2,4
14636.0,232.0,,232.0,35,2,609.85,,0,7,1,4,12
14637.0,,,,676,1,106.67999999999999,,0,1,0,1,2
14638.0,,,,50,1,443.6,,0,7,0,4,11
14639.0,76.0,100.0,61.0,51,9,4978.96,0.6179982641902447,9,7,5,9,21
14640.0,73.0,114.0,40.0,23,10,3649.36,0.3539595651719895,10,8,6,9,23
14641.0,,,,21,1,110.46,,0,8,0,1,9
14642.0,,,,58,1,96.12,,0,7,0,1,8
14643.0,139.0,101.0,152.0,169,5,1679.89,1.5056414762339514,0,5,3,7,15
14644.0,111.0,159.0,87.0,67,7,2247.7200000000003,0.5489959821856562,0,6,4,8,18
14645.0,238.0,,238.0,156,3,876.8900000000001,,0,5,2,6,13
14646.0,4.0,4.0,4.0,1,151,528602.52,1.006216652315761,6,10,10,10,30
14647.0,322.0,,322.0,200,2,506.04,,0,4,1,4,9
14648.0,22.0,23.0,21.0,415,15,4466.65,0.9153187463971976,7,2,7,9,18
14649.0,85.0,83.0,86.0,4,9,3651.19,1.0473264312833463,6,10,5,9,24
14650.0,,,,588,1,62.5,,0,1,0,1,2
14651.0,70.0,23.0,99.0,66,9,2025.52,4.2993667832589555,1,6,5,8,19
14652.0,,,,76,1,114.18,,0,6,0,1,7
14653.0,61.0,79.0,48.0,0,13,3937.87,0.6031857344960027,9,10,7,9,26
14654.0,,,,737,1,246.86,,0,1,0,2,3
14655.0,98.0,103.0,95.0,7,7,3878.51,0.9142315104592867,0,10,4,9,23
14656.0,108.0,90.0,114.0,168,5,790.0,1.2740981903373219,0,5,3,5,13
14657.0,83.0,54.0,102.0,17,6,1450.19,1.89261476536339,0,9,4,7,20
14658.0,111.0,,111.0,4,2,247.15,,0,10,1,2,13
14659.0,38.0,32.0,41.0,8,9,2529.93,1.2801207893841442,5,10,5,8,23
14660.0,14.0,,14.0,86,2,285.74,,0,6,1,3,10
14661.0,,,,26,1,107.95,,0,8,0,1,9
14662.0,117.0,154.0,99.0,28,7,1376.43,0.6458278997400869,0,8,4,7,19
14663.0,0.0,,0.0,429,2,490.6,,0,2,1,4,7
14664.0,13.0,,13.0,19,2,636.24,,0,8,1,5,14
14665.0,88.0,140.0,62.0,60,7,2749.65,0.443410657936549,0,6,4,8,18
14666.0,,,,23,1,195.25,,0,8,0,2,10
14667.0,13.0,12.0,14.0,10,54,20395.34,1.119964722695989,6,9,9,10,28
14668.0,,,,444,1,111.63,,0,2,0,1,3
14669.0,82.0,37.0,104.0,241,7,3216.7799999999997,2.7641805234338577,0,4,4,9,17
14670.0,226.0,,226.0,279,3,583.3299999999999,,0,4,2,4,10
14671.0,18.0,,18.0,548,2,1127.45,,0,1,1,6,8
14672.0,148.0,164.0,140.0,234,4,1113.1399999999999,0.8517576727150254,0,4,3,6,13
14673.0,67.0,21.0,91.0,2,7,3037.3199999999997,4.323097221076936,0,10,4,9,23
14674.0,,,,508,1,173.66,,0,2,0,2,4
14675.0,372.0,,372.0,15,2,1015.58,,0,9,1,6,16
14676.0,55.0,49.0,60.0,30,12,8356.789999999999,1.234191828478506,5,8,6,10,24
14677.0,,,,592,1,184.91,,0,1,0,2,3
14678.0,,,,578,1,403.39,,0,1,0,3,4
14679.0,174.0,,174.0,381,3,1289.44,,0,3,2,7,12
14680.0,12.0,6.0,18.0,24,58,55688.5,2.864593653624618,1,8,9,10,27
14681.0,116.0,133.0,105.0,70,6,875.1500000000001,0.7911546459146134,0,6,4,6,16
14682.0,96.0,68.0,115.0,187,6,1514.81,1.6912455234805162,0,5,4,7,16
14683.0,,,,587,1,146.56,,0,1,0,1,2
14684.0,72.0,87.0,63.0,25,6,1430.0300000000002,0.7237828347179717,0,8,4,7,19
14685.0,21.0,9.0,30.0,575,8,4536.64,3.2625770592458716,1,1,5,9,15
14686.0,61.0,0.0,81.0,413,5,852.5300000000001,29399.833333333332,0,2,3,5,10
14687.0,222.0,,222.0,106,3,1402.06,,0,5,2,7,14
14688.0,16.0,13.0,18.0,7,29,7549.700000000001,1.3829346758423762,4,10,8,10,28
14689.0,,,,208,1,112.8,,0,4,0,1,5
14690.0,122.0,18.0,174.0,43,4,777.6800000000001,9.61159909477964,0,7,3,5,15
14691.0,45.0,116.0,22.0,30,5,2114.33,0.18970771851302243,0,8,3,8,19
14692.0,43.0,37.0,48.0,136,12,1715.14,1.28324919227029,5,5,6,7,18
14693.0,43.0,21.0,54.0,264,7,1165.3600000000001,2.5853828610805754,0,4,4,6,14
14694.0,,,,616,1,244.31,,0,1,0,2,3
14695.0,106.0,,106.0,518,3,1534.22,,0,2,2,7,11
14696.0,59.0,59.0,59.0,3,8,2473.28,0.996742671009772,7,10,5,8,23
14697.0,0.0,,0.0,217,2,188.60999999999999,,0,4,1,2,7
14698.0,12.0,3.0,15.0,1,5,1217.27,3.859373179540953,0,10,3,6,19
14699.0,103.0,32.0,139.0,213,4,702.6,4.355845310095164,0,4,3,5,12
14700.0,113.0,70.0,127.0,31,5,3076.06,1.824125970088056,0,8,3,9,20
14701.0,48.0,61.0,38.0,10,15,4487.110000000001,0.6236090537697309,9,9,7,9,25
14702.0,25.0,30.0,22.0,0,29,6368.78,0.743112281360979,8,10,8,10,28
14703.0,,,,14,1,318.17,,0,9,0,3,12
14704.0,61.0,135.0,11.0,10,11,1752.92,0.08593732010039837,10,9,6,7,22
14705.0,,,,198,1,179.0,,0,4,0,2,6
14706.0,,,,618,1,367.54,,0,1,0,3,4
14707.0,141.0,,141.0,435,2,139.2,,0,2,1,1,4
14708.0,113.0,32.0,140.0,2,5,1793.22,4.382874869836862,0,10,3,7,20
14709.0,29.0,32.0,28.0,14,25,8886.33,0.8684287225332263,7,9,8,10,27
14710.0,60.0,39.0,75.0,13,13,1899.79,1.9195440449164065,2,9,7,8,24
14711.0,25.0,15.0,31.0,9,11,2839.62,2.0870812090313184,2,9,6,8,23
14712.0,129.0,305.0,41.0,28,4,1328.0700000000002,0.1356057235725116,0,8,3,7,18
14713.0,36.0,39.0,33.0,8,21,5115.76,0.847714885051763,8,10,7,9,26
14714.0,221.0,112.0,275.0,23,4,906.24,2.4599285745286354,0,8,3,6,17
14715.0,94.0,82.0,104.0,24,8,1825.45,1.2689527895065302,5,8,5,8,21
14716.0,200.0,,200.0,42,3,543.28,,0,7,2,4,13
14717.0,,,,732,1,81.3,,0,1,0,1,2
14718.0,,,,409,1,226.42,,0,3,0,2,5
14719.0,61.0,69.0,59.0,1,5,1581.8400000000001,0.8483046219530358,0,10,3,7,20
14720.0,60.0,,60.0,5,3,663.8100000000001,,0,10,2,5,17
14721.0,,,,378,1,109.07,,0,3,0,1,4
14722.0,169.0,,169.0,146,3,489.52000000000004,,0,5,2,4,11
14723.0,72.0,87.0,62.0,9,11,1803.06,0.7146072379773241,9,9,6,7,22
14724.0,,,,589,1,341.9,,0,1,0,3,4
14725.0,170.0,0.0,255.0,24,4,1252.74,73446.3,0,8,3,7,18
14726.0,,,,654,1,116.5,,0,1,0,1,2
14727.0,136.0,,136.0,273,3,463.73,,0,4,2,4,10
14728.0,,,,412,1,190.58,,0,2,0,2,4
14729.0,125.0,,125.0,373,3,586.24,,0,3,2,4,9
14730.0,39.0,32.0,44.0,0,8,1897.57,1.3555494524965448,4,10,5,8,23
14731.0,82.0,,82.0,46,3,380.02,,0,7,2,3,12
14732.0,40.0,28.0,49.0,7,19,5517.07,1.765665699315041,3,10,7,10,27
14733.0,27.0,11.0,39.0,15,15,14335.15,3.3878265573510142,1,9,7,10,26
14734.0,41.0,57.0,34.0,425,4,1056.42,0.5899048695714921,0,2,3,6,11
14735.0,13.0,15.0,11.0,3,56,12240.16,0.7487600485363264,8,10,9,10,29
14736.0,0.0,,0.0,484,2,374.04999999999995,,0,2,1,3,6
14737.0,132.0,47.0,174.0,3,4,3554.17,3.71414774402831,0,10,3,9,22
14738.0,86.0,163.0,39.0,42,9,1821.9,0.24284995206813959,10,7,5,8,20
14739.0,30.0,21.0,38.0,3,25,11573.62,1.7590560617301358,3,10,8,10,28
14740.0,45.0,24.0,59.0,196,11,4161.06,2.487873298159763,2,4,6,9,19
14741.0,67.0,28.0,87.0,11,7,1713.0900000000001,3.1188421586955712,0,9,4,7,20
14742.0,,,,434,1,579.85,,0,2,0,4,6
14743.0,,,,592,1,50.48,,0,1,0,1,2
14744.0,42.0,30.0,53.0,15,14,3660.08,1.750612557802518,3,9,7,9,25
14745.0,47.0,23.0,68.0,112,12,2551.41,2.933500953702098,1,5,6,8,19
14746.0,5.0,8.0,4.0,405,4,593.5,0.5628281263447801,0,3,3,4,10
14747.0,,,,248,1,328.2,,0,4,0,3,7
14748.0,68.0,52.0,81.0,28,10,2681.9,1.5691888607730158,3,8,6,8,22
14749.0,,,,479,1,310.15,,0,2,0,3,5
14750.0,,,,735,1,112.03,,0,1,0,1,2
14751.0,41.0,,41.0,683,2,126.45,,0,1,1,1,3
14752.0,,,,43,1,389.64,,0,7,0,3,10
14753.0,373.0,,373.0,86,2,869.51,,0,6,1,6,13
14754.0,129.0,81.0,160.0,44,6,1547.9299999999998,1.972507450449722,0,7,4,7,18
14755.0,30.0,24.0,35.0,9,25,9972.55,1.47521674472079,4,9,8,10,27
14756.0,204.0,,204.0,14,3,2653.76,,0,9,2,8,19
14757.0,,,,74,1,420.5,,0,6,0,4,10
14758.0,77.0,107.0,62.0,144,7,2864.97,0.5885103897999903,0,5,4,8,17
14759.0,114.0,,114.0,4,3,1625.97,,0,10,2,7,19
14760.0,,,,296,1,89.2,,0,4,0,1,5
14761.0,192.0,,192.0,58,3,447.92,,0,7,2,4,13
14762.0,362.0,,362.0,263,2,417.57,,0,4,1,4,9
14764.0,,,,46,1,278.3,,0,7,0,2,9
14765.0,73.0,,73.0,28,3,254.11,,0,8,2,2,12
14766.0,54.0,43.0,61.0,7,11,6375.73,1.4351268926417047,4,10,6,10,26
14767.0,,,,473,1,382.81,,0,2,0,3,5
14768.0,109.0,,109.0,16,2,192.60000000000002,,0,9,1,2,12
14769.0,42.0,41.0,43.0,2,18,19304.28,1.034775516102452,6,10,7,10,27
14770.0,59.0,30.0,82.0,231,8,3637.64,2.7223277400381396,1,4,5,9,18
14771.0,115.0,,115.0,620,2,594.62,,0,1,1,4,6
14772.0,,,,111,1,139.26,,0,5,0,1,6
14773.0,,,,592,1,140.55,,0,1,0,1,2
14774.0,,,,528,1,241.45,,0,2,0,2,4
14775.0,156.0,,156.0,57,3,1011.9,,0,7,2,6,15
14776.0,28.0,38.0,20.0,50,15,3708.3,0.5484853188225842,9,7,7,9,23
14777.0,,,,403,1,307.56,,0,3,0,3,6
14778.0,181.0,,181.0,126,2,730.86,,0,5,1,5,11
14779.0,21.0,,21.0,280,3,386.15,,0,4,2,3,9
14780.0,24.0,,24.0,54,2,447.68,,0,7,1,4,12
14782.0,,,,319,1,200.10000000000002,,0,3,0,2,5
14783.0,,,,658,1,307.3,,0,1,0,3,4
14784.0,181.0,,181.0,25,3,449.93,,0,8,2,4,14
14785.0,4.0,,4.0,9,2,77.4,,0,9,1,1,11
14786.0,,,,549,1,90.96,,0,1,0,1,2
14787.0,,,,470,1,110.65,,0,2,0,1,3
14788.0,294.0,,294.0,6,3,1156.32,,0,10,2,6,18
14789.0,,,,28,1,197.64,,0,8,0,2,10
14790.0,79.0,78.0,79.0,16,10,2526.62,1.0204392266910582,6,9,6,8,23
14791.0,,,,606,1,303.63,,0,1,0,3,4
14792.0,,,,63,1,6.2,,0,6,0,1,7
14793.0,513.0,,513.0,20,2,625.9000000000001,,0,8,1,5,14
14794.0,53.0,56.0,51.0,2,10,1953.9,0.9160166668715201,7,10,6,8,24
14795.0,,,,165,1,131.45000000000002,,0,5,0,1,6
14796.0,27.0,33.0,22.0,0,27,10169.33,0.6722162432809767,9,10,8,10,28
14797.0,,,,506,1,300.31,,0,2,0,3,5
14798.0,85.0,38.0,119.0,52,8,724.3100000000001,3.096316996958961,1,7,5,5,17
14799.0,686.0,,686.0,50,2,338.15,,0,7,1,3,11
14800.0,24.0,14.0,31.0,47,17,7191.33,2.213450312528674,2,7,7,10,24
14801.0,,,,60,1,189.34,,0,6,0,2,8
14802.0,0.0,,0.0,437,2,1502.98,,0,2,1,7,10
14803.0,65.0,,65.0,161,3,845.55,,0,5,2,5,12
14804.0,,,,8,1,353.27,,0,10,0,3,13
14805.0,101.0,108.0,97.0,14,7,1082.55,0.8960673797886225,0,9,4,6,19
14806.0,363.0,,363.0,74,2,303.43,,0,6,1,3,10
14807.0,259.0,,259.0,390,2,504.14,,0,3,1,4,8
14808.0,18.0,6.0,28.0,39,8,2718.6000000000004,4.2453391304347825,1,7,5,8,20
14809.0,0.0,,0.0,620,2,686.76,,0,1,1,5,7
14810.0,32.0,28.0,34.0,40,13,2354.03,1.2156703415458132,5,7,7,8,22
14811.0,,,,386,1,170.5,,0,3,0,2,5
14812.0,,,,598,1,178.85,,0,1,0,2,3
14813.0,80.0,224.0,8.0,369,4,888.9100000000001,0.035596003494010486,0,3,3,6,12
14814.0,,,,580,1,154.21,,0,1,0,1,2
14815.0,31.0,,31.0,36,2,778.5,,0,7,1,5,13
14816.0,,,,196,1,271.85,,0,4,0,2,6
14817.0,71.0,57.0,78.0,199,7,3959.86,1.356823232445228,0,4,4,9,17
14818.0,114.0,94.0,128.0,73,6,1153.56,1.3571082248538098,0,6,4,6,16
14819.0,217.0,224.0,214.0,63,4,456.40999999999997,0.959230733468673,0,6,3,4,13
14820.0,82.0,95.0,74.0,20,9,1274.76,0.7812233202736683,8,8,5,7,20
14821.0,51.0,22.0,66.0,366,7,1230.1499999999999,2.9615444303050995,0,3,4,7,14
14822.0,,,,484,1,157.70000000000002,,0,2,0,1,3
14823.0,7.0,,7.0,179,3,321.43,,0,5,2,3,10
14824.0,69.0,56.0,80.0,9,10,4022.9100000000003,1.4383772779246213,4,9,6,9,24
14825.0,26.0,20.0,31.0,3,24,4735.08,1.5102660031690578,4,10,7,9,26
14826.0,113.0,,113.0,581,2,385.20000000000005,,0,1,1,3,5
14828.0,44.0,41.0,46.0,196,13,9839.46,1.1163587354084892,6,4,7,10,21
14829.0,67.0,24.0,89.0,28,7,1455.87,3.654821975280644,0,8,4,7,19
14830.0,,,,52,1,188.88,,0,7,0,2,9
14831.0,28.0,,28.0,679,3,1676.5700000000002,,0,1,2,7,10
14832.0,,,,629,1,322.69,,0,1,0,3,4
14833.0,,,,498,1,94.8,,0,2,0,1,3
14834.0,64.0,143.0,25.0,17,7,2206.16,0.17922338228850712,0,9,4,8,21
14835.0,88.0,,88.0,528,2,297.0,,0,2,1,3,6
14836.0,10.0,,10.0,9,3,102.44999999999999,,0,9,2,1,12
14837.0,74.0,72.0,75.0,89,9,3460.32,1.0304367681944462,6,6,5,9,20
14838.0,313.0,,313.0,422,2,769.9200000000001,,0,2,1,5,8
14839.0,142.0,,142.0,417,3,915.28,,0,2,2,6,10
14840.0,271.0,,271.0,267,2,362.71000000000004,,0,4,1,3,8
14841.0,52.0,56.0,48.0,52,14,7163.0,0.8572995299235147,7,7,7,10,24
14842.0,88.0,116.0,74.0,43,4,2824.69,0.6347476586579082,0,7,3,8,18
14843.0,,,,436,1,211.79999999999998,,0,2,0,2,4
14844.0,60.0,43.0,73.0,63,10,6702.43,1.6683297616651471,3,6,6,10,22
14845.0,,,,599,1,150.0,,0,1,0,1,2
14846.0,,,,426,1,437.4,,0,2,0,4,6
14847.0,207.0,,207.0,148,3,1348.9499999999998,,0,5,2,7,14
14848.0,,,,404,1,310.56,,0,3,0,3,6
14849.0,16.0,16.0,15.0,21,43,15407.61,0.9843598286325544,7,8,8,10,26
14850.0,42.0,74.0,26.0,311,7,1770.96,0.35684474316869014,0,3,4,7,14
14851.0,303.0,,303.0,22,3,829.4100000000001,,0,8,2,5,15
14852.0,34.0,20.0,46.0,57,18,6132.43,2.23389543517786,2,7,7,10,24
14853.0,145.0,62.0,173.0,23,5,1376.8700000000001,2.778548539394345,0,8,3,7,18
14854.0,60.0,103.0,32.0,77,11,4303.0599999999995,0.3173821070807088,10,6,6,9,21
14855.0,81.0,51.0,97.0,118,7,6520.3,1.8835991318297631,0,5,4,10,19
14856.0,10.0,,10.0,35,3,1290.53,,0,7,2,7,16
14857.0,95.0,38.0,124.0,59,7,3651.851,3.1880267636000785,0,6,4,9,19
14858.0,,,,505,1,180.75,,0,2,0,2,4
14859.0,135.0,350.0,63.0,12,5,1705.64,0.18262945805305242,0,9,3,7,19
14860.0,,,,18,1,170.32,,0,9,0,2,11
14861.0,75.0,58.0,89.0,51,10,1380.73,1.5227493808904489,4,7,6,7,20
14862.0,122.0,,122.0,25,2,841.2,,0,8,1,5,14
14863.0,,,,28,1,266.76,,0,8,0,2,10
14865.0,243.0,363.0,183.0,6,4,92.52000000000001,0.5044484817719118,0,10,3,1,14
14866.0,25.0,41.0,13.0,10,19,20746.54,0.318195399873391,10,9,7,10,26
14867.0,36.0,20.0,50.0,185,16,2952.06,2.4206659740368384,2,5,7,9,21
14868.0,37.0,51.0,26.0,2,12,4184.01,0.5092695692147808,9,10,6,9,25
14869.0,143.0,124.0,155.0,8,6,2778.14,1.2473875044498168,0,10,4,8,22
14870.0,84.0,84.0,84.0,261,6,1838.95,0.997196717092908,0,4,4,8,16
14871.0,91.0,62.0,109.0,2,9,1228.17,1.7441157473194677,3,10,5,7,22
14872.0,74.0,,74.0,483,3,816.6,,0,2,2,5,9
14873.0,423.0,,423.0,209,2,854.1299999999999,,0,4,1,5,10
14874.0,,,,534,1,116.18,,0,2,0,1,3
14875.0,111.0,0.0,167.0,107,4,4259.48,240535.5,0,5,3,9,17
14876.0,40.0,,40.0,520,2,256.7,,0,2,1,2,5
14877.0,224.0,,224.0,417,2,425.85,,0,2,1,4,7
14878.0,26.0,19.0,33.0,12,25,4076.5,1.7480430300692358,3,9,8,9,26
14879.0,,,,684,1,185.06,,0,1,0,2,3
14880.0,105.0,,105.0,76,3,690.59,,0,6,2,5,13
14881.0,,,,19,1,255.4,,0,8,0,2,10
14882.0,45.0,17.0,69.0,26,14,3546.65,4.027620547872057,1,8,7,9,24
14883.0,38.0,69.0,18.0,18,6,761.59,0.26436683431392743,0,9,4,5,18
14884.0,,,,668,1,120.6,,0,1,0,1,2
14885.0,167.0,,167.0,131,3,1598.12,,0,5,2,7,14
14886.0,,,,252,1,364.8,,0,4,0,3,7
14887.0,,,,78,1,1862.0,,0,6,0,8,14
14888.0,,,,206,1,369.2,,0,4,0,3,7
14889.0,,,,335,1,135.9,,0,3,0,1,4
14890.0,203.0,,203.0,253,3,817.25,,0,4,2,5,11
14891.0,96.0,19.0,134.0,147,4,1106.73,6.713441551670201,0,5,3,6,14
14892.0,,,,690,1,202.35000000000002,,0,1,0,2,3
14893.0,304.0,,304.0,9,3,1809.6100000000001,,0,9,2,7,18
14894.0,326.0,,326.0,84,3,1492.81,,0,6,2,7,15
14895.0,19.0,24.0,14.0,7,38,25119.54,0.6104524084581229,9,10,8,10,28
14896.0,75.0,29.0,109.0,204,8,1826.0,3.710027015631588,1,4,5,8,17
14897.0,102.0,104.0,100.0,7,8,3140.54,0.9578032749993382,7,10,5,9,24
14898.0,54.0,47.0,61.0,22,14,3365.95,1.3030560316301256,5,8,7,9,24
14899.0,,,,394,1,1331.38,,0,3,0,7,10
14900.0,,,,521,1,13.919999999999998,,0,2,0,1,3
14901.0,44.0,27.0,58.0,10,12,1919.0,2.1087227069475056,2,9,6,8,23
14902.0,263.0,,263.0,25,3,1035.6200000000001,,0,8,2,6,16
14903.0,64.0,32.0,75.0,20,5,2795.33,2.342995483288166,0,8,3,8,19
14904.0,141.0,19.0,202.0,1,4,1630.49,10.614466802266454,0,10,3,7,20
14905.0,82.0,76.0,87.0,157,8,1971.39,1.146964323097601,6,5,5,8,18
14906.0,,,,444,1,68.44,,0,2,0,1,3
14907.0,39.0,31.0,47.0,2,16,5547.72,1.4761391707140081,4,10,7,10,27
14908.0,388.0,,388.0,73,2,381.90000000000003,,0,6,1,3,10
14909.0,113.0,,113.0,436,3,1404.6799999999998,,0,2,2,7,11
14910.0,17.0,23.0,14.0,2,4,434.35,0.6273845041135521,0,10,3,4,17
14911.0,1.0,1.0,1.0,0,400,293994.29,1.0140107257554791,6,10,10,10,30
14912.0,133.0,140.0,128.0,16,6,1889.25,0.9144717201156564,0,9,4,8,21
14913.0,64.0,32.0,88.0,35,8,4073.13,2.7171595205821504,2,7,5,9,21
14915.0,64.0,69.0,61.0,90,11,1811.25,0.8849161115439634,7,6,6,7,19
14916.0,78.0,62.0,90.0,70,8,3042.9500000000003,1.4535964499955234,4,6,5,9,20
14917.0,0.0,,0.0,596,2,1123.75,,0,1,1,6,8
14918.0,61.0,29.0,81.0,115,9,5955.81,2.768134568134568,1,5,5,10,20
14919.0,,,,538,1,359.35,,0,1,0,3,4
14920.0,176.0,,176.0,212,3,1607.17,,0,4,2,7,13
14921.0,171.0,,171.0,29,2,1316.07,,0,8,1,7,16
14922.0,114.0,,114.0,393,2,843.74,,0,3,1,5,9
14923.0,,,,50,1,749.1,,0,7,0,5,12
14924.0,196.0,,196.0,245,3,931.01,,0,4,2,6,12
14926.0,216.0,,216.0,381,2,359.4,,0,3,1,3,7
14927.0,,,,396,1,308.2,,0,3,0,3,6
14928.0,,,,627,1,223.91000000000003,,0,1,0,2,3
14929.0,389.0,,389.0,31,2,836.69,,0,8,1,5,14
14930.0,99.0,68.0,120.0,108,6,5236.7300000000005,1.7740744711810927,0,5,4,9,18
14931.0,59.0,34.0,67.0,4,5,1257.68,1.9591730743288818,0,10,3,7,20
14932.0,20.0,,20.0,365,2,666.13,,0,3,1,5,9
14933.0,0.0,0.0,0.0,443,4,1770.0,0.0014492753623188406,0,2,3,7,12
14934.0,89.0,0.0,119.0,81,5,3503.5,57586.555555555555,0,6,3,9,18
14935.0,322.0,,322.0,296,2,2849.83,,0,4,1,8,13
14936.0,49.0,81.0,23.0,33,12,12410.81,0.2897763890023509,10,7,6,10,23
14937.0,36.0,,36.0,56,3,1621.8799999999999,,0,7,2,7,16
14938.0,0.0,,0.0,561,2,2322.43,,0,1,1,8,10
14940.0,315.0,,315.0,417,2,531.49,,0,2,1,4,7
14941.0,,,,578,1,182.1,,0,1,0,2,3
14942.0,109.0,91.0,118.0,401,4,746.56,1.3006351070075253,0,3,3,5,11
14943.0,,,,662,1,107.62,,0,1,0,1,2
14944.0,35.0,45.0,26.0,29,19,9784.67,0.5862109339989817,9,8,7,10,25
14945.0,,,,413,1,179.4,,0,2,0,2,4
14946.0,,,,13,1,100.9,,0,9,0,1,10
14947.0,110.0,47.0,152.0,71,6,1049.79,3.209838263434373,0,6,4,6,16
14948.0,39.0,54.0,28.0,22,6,1101.9699999999998,0.5234636271107149,0,8,4,6,18
14949.0,84.0,30.0,110.0,468,4,515.0,3.573845393924426,0,2,3,4,9
14950.0,,,,18,1,371.2,,0,9,0,3,12
14951.0,,,,78,1,311.69,,0,6,0,3,9
14952.0,21.0,18.0,24.0,59,32,17629.35,1.3466352692209618,4,6,8,10,24
14953.0,136.0,17.0,196.0,24,4,971.3199999999999,11.55181421166483,0,8,3,6,17
14954.0,690.0,,690.0,11,2,462.12,,0,9,1,4,14
14955.0,,,,732,1,163.77,,0,1,0,2,3
14956.0,,,,420,1,1325.0,,0,2,0,7,9
14957.0,391.0,,391.0,252,2,261.69,,0,4,1,2,7
14958.0,117.0,70.0,149.0,146,6,941.99,2.1191169538488324,0,5,4,6,15
14959.0,77.0,80.0,75.0,63,4,695.42,0.9344918409718767,0,6,3,5,14
14960.0,162.0,,162.0,7,2,221.26999999999998,,0,10,1,2,13
14961.0,34.0,33.0,35.0,10,22,16410.15,1.0763246389975054,6,9,7,10,26
14962.0,104.0,12.0,150.0,270,4,366.91,11.649636999193332,0,4,3,3,10
14963.0,46.0,26.0,64.0,9,12,3123.5699999999997,2.448468224943022,2,9,6,9,24
14964.0,,,,246,1,206.21,,0,4,0,2,6
14965.0,0.0,,0.0,95,2,596.0899999999999,,0,6,1,4,11
14966.0,141.0,160.0,129.0,14,6,1064.26,0.8034112078640981,0,9,4,6,19
14967.0,137.0,147.0,130.0,49,6,1982.6100000000001,0.8862825817826984,0,7,4,8,19
14968.0,428.0,,428.0,29,2,501.24,,0,8,1,4,13
14969.0,,,,703,1,906.23,,0,1,0,6,7
14970.0,49.0,21.0,69.0,67,13,5577.35,3.1889567567269794,1,6,7,10,23
14971.0,4.0,,4.0,34,3,1097.98,,0,7,2,6,15
14972.0,252.0,,252.0,127,2,145.07,,0,5,1,1,7
14973.0,59.0,,59.0,106,3,1314.45,,0,5,2,7,14
14974.0,,,,36,1,89.94,,0,7,0,1,8
14975.0,363.0,,363.0,56,2,472.39,,0,7,1,4,12
14976.0,44.0,65.0,34.0,56,7,790.86,0.5337188901509697,0,7,4,5,16
14977.0,,,,725,1,31.929999999999996,,0,1,0,1,2
14978.0,57.0,40.0,71.0,71,10,3112.19,1.7884310136957786,3,6,6,9,21
14979.0,,,,734,1,429.66,,0,1,0,4,5
14980.0,,,,736,1,150.68,,0,1,0,1,2
14981.0,177.0,,177.0,245,2,372.92,,0,4,1,3,8
14982.0,,,,571,1,237.78,,0,1,0,2,3
14983.0,,,,688,1,183.20000000000002,,0,1,0,2,3
14984.0,135.0,72.0,177.0,18,6,1260.51,2.4315845922936083,0,9,4,7,20
14985.0,159.0,,159.0,197,2,292.01,,0,4,1,3,8
14986.0,307.0,,307.0,375,2,563.1,,0,3,1,4,8
14987.0,103.0,6.0,175.0,15,8,1550.6499999999999,27.974933672341365,1,9,5,7,21
14988.0,65.0,82.0,56.0,211,7,2038.65,0.6846312803548732,0,4,4,8,16
14989.0,,,,661,1,342.4,,0,1,0,3,4
14990.0,118.0,,118.0,611,2,304.16999999999996,,0,1,1,3,5
14991.0,,,,429,1,314.67,,0,2,0,3,5
14992.0,,,,441,1,210.5,,0,2,0,2,4
14993.0,,,,563,1,36.13,,0,1,0,1,2
14994.0,60.0,34.0,68.0,381,5,946.72,1.9690701810267028,0,3,3,6,12
14995.0,241.0,,241.0,38,2,231.98000000000002,,0,7,1,2,10
14996.0,0.0,,0.0,480,3,866.73,,0,2,2,5,9
14997.0,203.0,477.0,65.0,45,4,776.6,0.13815976168612595,0,7,3,5,15
14998.0,145.0,177.0,128.0,169,4,753.18,0.7282005638309135,0,5,3,5,13
14999.0,,,,592,1,129.48000000000002,,0,1,0,1,2
15000.0,,,,47,1,490.52,,0,7,0,4,11
15001.0,0.0,,0.0,393,2,199.10999999999999,,0,3,1,2,6
15002.0,72.0,54.0,83.0,115,9,4138.08,1.5516524780741237,4,5,5,9,19
15003.0,41.0,6.0,65.0,472,6,1027.03,9.311297778219593,0,2,4,6,12
15004.0,,,,146,1,1220.77,,0,5,0,6,11
15005.0,12.0,13.0,12.0,15,57,13899.44,0.9228532042319683,7,9,9,10,28
15006.0,402.0,,402.0,50,2,757.78,,0,7,1,5,13
15007.0,,,,158,1,156.91,,0,5,0,1,6
15008.0,157.0,,157.0,479,2,360.0,,0,2,1,3,6
15009.0,6.0,,6.0,11,3,1259.43,,0,9,2,7,18
15010.0,,,,35,1,308.94,,0,7,0,3,10
15011.0,20.0,,20.0,395,2,416.6,,0,3,1,4,8
15012.0,261.0,,261.0,53,3,646.26,,0,7,2,5,14
15013.0,21.0,18.0,23.0,487,10,1610.82,1.3095283073423676,5,2,6,7,15
15014.0,133.0,,133.0,42,2,257.66999999999996,,0,7,1,2,10
15015.0,18.0,15.0,20.0,500,13,2354.97,1.3128887726725391,5,2,7,8,17
15016.0,92.0,121.0,83.0,172,5,620.89,0.6884379817826388,0,5,3,5,13
15017.0,,,,33,1,125.58,,0,7,0,1,8
15018.0,164.0,,164.0,38,3,496.21000000000004,,0,7,2,4,13
15019.0,,,,266,1,252.81,,0,4,0,2,6
15020.0,,,,378,1,198.47,,0,3,0,2,5
15021.0,44.0,55.0,34.0,8,12,2500.59,0.6253324465334978,9,10,6,8,24
15022.0,166.0,629.0,11.0,11,5,1133.44,0.018977386089937553,0,9,3,6,18
15023.0,35.0,33.0,36.0,2,20,11578.65,1.080723961702335,6,10,7,10,27
15024.0,27.0,8.0,44.0,9,16,3559.39,5.489016023182477,1,9,7,9,25
15025.0,535.0,,535.0,32,2,979.79,,0,8,1,6,15
15026.0,92.0,72.0,98.0,79,5,1048.8899999999999,1.3470639344990074,0,6,3,6,15
15027.0,65.0,56.0,73.0,30,10,3195.6,1.3204804637249887,5,8,6,9,23
15028.0,77.0,12.0,120.0,7,6,962.94,9.258140261595464,0,10,4,6,20
15029.0,,,,619,1,365.1,,0,1,0,3,4
15030.0,81.0,72.0,89.0,71,8,1979.91,1.2355577737117516,5,6,5,8,19
15031.0,55.0,31.0,76.0,3,14,3102.94,2.3891422638577273,2,10,7,9,26
15032.0,67.0,94.0,47.0,255,8,11010.05,0.4950600688799573,9,4,5,10,19
15033.0,36.0,51.0,23.0,4,10,2557.18,0.46128364947272665,10,10,6,8,24
15034.0,43.0,37.0,48.0,15,14,8231.2,1.2946450454027927,5,9,7,10,26
15035.0,,,,89,1,252.73000000000002,,0,6,0,2,8
15036.0,53.0,,53.0,71,3,429.56,,0,6,2,4,12
15037.0,0.0,,0.0,375,2,397.76,,0,3,1,3,7
15038.0,45.0,18.0,62.0,58,9,1146.53,3.3415909175692313,1,7,5,6,18
15039.0,7.0,7.0,7.0,9,93,39141.48,0.989757731929951,7,9,9,10,28
15040.0,,,,541,1,7.49,,0,1,0,1,2
15041.0,274.0,,274.0,169,2,289.4,,0,5,1,3,9
15042.0,396.0,,396.0,198,2,315.45000000000005,,0,4,1,3,8
15043.0,100.0,21.0,153.0,30,6,2870.3199999999997,7.295000798594474,0,8,4,8,20
15044.0,20.0,20.0,20.0,18,35,16024.150000000001,1.0193918437296725,6,9,8,10,27
15045.0,105.0,,105.0,151,2,735.66,,0,5,1,5,11
15046.0,28.0,33.0,24.0,8,25,7623.79,0.733500616064702,8,10,8,10,28
15047.0,,,,269,1,343.62,,0,4,0,3,7
15048.0,101.0,147.0,77.0,64,4,381.0,0.5241922237604711,0,6,3,3,12
15049.0,,,,273,1,121.17000000000002,,0,4,0,1,5
15050.0,113.0,59.0,132.0,24,5,4087.19,2.234126144758592,0,8,3,9,20
15051.0,89.0,79.0,95.0,22,9,3926.91,1.2036941671045718,5,8,5,9,22
15052.0,,,,318,1,207.73000000000002,,0,3,0,2,5
15053.0,138.0,,138.0,4,3,693.95,,0,10,2,5,17
15054.0,28.0,,28.0,11,2,302.1,,0,9,1,3,13
15055.0,124.0,,124.0,474,3,549.12,,0,2,2,4,8
15056.0,,,,519,1,113.64999999999999,,0,2,0,1,3
15057.0,114.0,108.0,116.0,274,5,3255.96,1.072249442828221,0,4,3,9,16
15058.0,41.0,50.0,34.0,24,16,3387.58,0.6778757658177422,9,8,7,9,24
15059.0,38.0,40.0,37.0,40,19,3491.2,0.9215033080021737,7,7,7,9,23
15060.0,0.0,0.0,0.0,7,4,294.25,50.357142857142854,0,10,3,3,16
15061.0,5.0,4.0,6.0,3,127,126389.01999999999,1.3441973621298493,4,10,10,10,30
15062.0,77.0,62.0,88.0,70,8,2585.62,1.4143950969785521,4,6,5,8,19
15063.0,,,,212,1,370.79999999999995,,0,4,0,3,7
15064.0,102.0,141.0,82.0,409,4,1254.41,0.5825026329324745,0,3,3,7,13
15065.0,93.0,119.0,84.0,37,5,3326.86,0.7102010129326674,0,7,3,9,19
15066.0,,,,52,1,893.59,,0,7,0,6,13
15067.0,132.0,193.0,111.0,77,5,3862.8799999999997,0.5756909532744191,0,6,3,9,18
15068.0,191.0,203.0,185.0,45,4,1174.9,0.9155851482101952,0,7,3,6,16
15069.0,,,,178,1,1109.53,,0,5,0,6,11
15070.0,175.0,,175.0,372,3,737.0500000000001,,0,3,2,5,10
15071.0,158.0,184.0,146.0,93,4,1455.5600000000002,0.7958585687062508,0,6,3,7,16
15072.0,,,,478,1,187.51999999999998,,0,2,0,2,4
15073.0,96.0,89.0,100.0,9,8,2788.02,1.1288312552254685,6,9,5,8,22
15074.0,181.0,,181.0,104,3,1553.1299999999999,,0,5,2,7,14
15075.0,,,,77,1,773.03,,0,6,0,5,11
15076.0,174.0,,174.0,172,3,1447.7400000000002,,0,5,2,7,14
15077.0,235.0,,235.0,494,2,2428.08,,0,2,1,8,11
15078.0,14.0,16.0,11.0,6,53,17286.73,0.694345933630785,9,10,9,10,29
15079.0,51.0,57.0,48.0,212,11,3625.4,0.8366771456212653,8,4,6,9,19
15080.0,74.0,,74.0,427,2,546.25,,0,2,1,4,7
15081.0,46.0,24.0,65.0,21,12,1854.57,2.7302646169986673,1,8,6,8,22
15082.0,,,,668,1,93.35000000000001,,0,1,0,1,2
15083.0,,,,256,1,88.2,,0,4,0,1,5
15084.0,266.0,,266.0,379,2,965.1999999999999,,0,3,1,6,10
15085.0,,,,729,1,347.54,,0,1,0,3,4
15086.0,60.0,,60.0,564,2,218.53,,0,1,1,2,4
15087.0,,,,281,1,306.94,,0,4,0,3,7
15088.0,45.0,,45.0,20,2,1160.0700000000002,,0,8,1,6,15
15089.0,23.0,17.0,28.0,9,6,2420.84,1.643827613380071,0,9,4,8,21
15090.0,,,,307,1,381.32,,0,4,0,3,7
15091.0,303.0,,303.0,67,3,1046.6100000000001,,0,6,2,6,14
15092.0,123.0,,123.0,214,3,776.46,,0,4,2,5,11
15093.0,32.0,29.0,35.0,17,23,13702.380000000001,1.2011473618049628,5,9,7,10,26
15094.0,181.0,,181.0,462,2,83.0,,0,2,1,1,4
15095.0,64.0,66.0,63.0,103,10,3141.64,0.9495253621210112,7,5,6,9,20
15096.0,,,,42,1,219.39000000000001,,0,7,0,2,9
15097.0,289.0,,289.0,3,3,908.3499999999999,,0,10,2,6,18
15098.0,0.0,,0.0,181,3,39916.5,,0,5,2,10,17
15099.0,,,,83,1,410.48,,0,6,0,4,10
15100.0,61.0,157.0,13.0,333,7,2193.8999999999996,0.0856191720786041,0,3,4,8,15
15101.0,116.0,35.0,170.0,8,6,1477.94,4.790092096864538,0,10,4,7,21
15102.0,16.0,,16.0,530,2,554.67,,0,2,1,4,7
15103.0,55.0,,55.0,30,2,703.36,,0,8,1,5,14
15104.0,85.0,,85.0,196,2,993.54,,0,4,1,6,11
15105.0,76.0,179.0,13.0,17,9,3094.91,0.07580067467202015,10,9,5,9,23
15106.0,62.0,57.0,64.0,17,5,1422.52,1.1184434383343942,0,9,3,7,19
15107.0,17.0,26.0,12.0,310,9,824.35,0.4628885885306044,10,4,5,5,14
15108.0,28.0,40.0,22.0,141,4,1300.25,0.572560943916004,0,5,3,7,15
15109.0,244.0,,244.0,245,3,983.0999999999999,,0,4,2,6,12
15110.0,92.0,83.0,98.0,23,6,1505.8500000000001,1.1787910575332734,0,8,4,7,19
15111.0,140.0,168.0,131.0,28,5,2442.37,0.7836721763085399,0,8,3,8,19
15112.0,,,,610,1,209.4,,0,1,0,2,3
15113.0,22.0,,22.0,9,3,3509.43,,0,9,2,9,20
15114.0,35.0,47.0,25.0,29,12,3400.12,0.5314118228893931,9,8,6,9,23
15115.0,714.0,,714.0,17,2,531.85,,0,9,1,4,14
15116.0,62.0,70.0,58.0,17,4,1352.75,0.8360120168950406,0,9,3,7,19
15117.0,88.0,139.0,50.0,14,8,2485.9700000000003,0.3594908992058664,10,9,5,8,22
15118.0,,,,133,1,244.8,,0,5,0,2,7
15119.0,,,,245,1,266.4,,0,4,0,2,6
15120.0,,,,133,1,358.82,,0,5,0,3,8
15121.0,238.0,,238.0,49,2,457.71999999999997,,0,7,1,4,12
15122.0,50.0,30.0,64.0,113,11,4487.27,2.120020611960684,2,5,6,9,20
15123.0,156.0,195.0,143.0,6,5,4656.17,0.736044841528227,0,10,3,9,22
15124.0,209.0,175.0,226.0,22,4,450.82,1.2963364035192104,0,8,3,4,15
15125.0,25.0,37.0,15.0,24,24,17024.87,0.4061203395463785,10,8,7,10,25
15126.0,150.0,,150.0,536,2,449.49,,0,1,1,4,6
15127.0,454.0,,454.0,65,2,711.5,,0,6,1,5,12
15128.0,92.0,210.0,53.0,59,5,1783.6799999999998,0.25148502675793133,0,6,3,7,16
15129.0,25.0,18.0,31.0,49,23,6860.18,1.6621569588783982,3,7,7,10,24
15130.0,,,,169,1,330.11,,0,5,0,3,8
15131.0,,,,394,1,80.28,,0,3,0,1,4
15132.0,61.0,62.0,60.0,17,5,977.9300000000001,0.9615012168943972,0,9,3,6,18
15133.0,98.0,138.0,84.0,127,5,1806.9,0.6149751531454526,0,5,3,7,15
15134.0,45.0,61.0,32.0,14,10,1596.29,0.5322354075397332,9,9,6,7,22
15135.0,317.0,,317.0,238,2,305.68,,0,4,1,3,8
15136.0,31.0,74.0,9.0,2,4,1286.7,0.13392907402195328,0,10,3,7,20
15137.0,159.0,,159.0,520,2,823.4,,0,2,1,5,8
15138.0,,,,393,1,502.52,,0,3,0,4,7
15139.0,96.0,,96.0,239,2,178.96,,0,4,1,2,7
15140.0,55.0,81.0,36.0,51,8,3243.69,0.4493286526930764,10,7,5,9,21
15141.0,27.0,21.0,30.0,457,7,1388.47,1.4087209114153478,0,2,4,7,13
15142.0,90.0,33.0,129.0,45,6,2619.92,3.903418203163489,0,7,4,8,19
15143.0,206.0,,206.0,225,2,563.63,,0,4,1,4,9
15144.0,25.0,35.0,16.0,7,29,12160.31,0.4689338666286106,10,10,8,10,28
15145.0,81.0,21.0,111.0,3,4,1194.73,5.2961906332453825,0,10,3,6,19
15146.0,126.0,,126.0,164,2,1327.16,,0,5,1,7,13
15147.0,,,,239,1,623.5,,0,4,0,5,9
15148.0,,,,10,1,301.29,,0,9,0,3,12
15149.0,128.0,0.0,171.0,133,5,1554.6100000000001,247674.66666666666,0,5,3,7,15
15150.0,43.0,77.0,19.0,16,13,8977.94,0.25354017668675427,10,9,7,10,26
15151.0,86.0,,86.0,422,2,2085.61,,0,2,1,8,11
15152.0,53.0,97.0,14.0,9,14,5263.83,0.15160766554965993,10,9,7,9,25
15153.0,,,,30,1,329.25,,0,8,0,3,11
15154.0,201.0,,201.0,74,3,1343.72,,0,6,2,7,15
15155.0,,,,382,1,383.96999999999997,,0,3,0,3,6
15156.0,16.0,,16.0,0,3,961.49,,0,10,2,6,18
15157.0,181.0,159.0,188.0,3,5,2654.11,1.1793755200984117,0,10,3,8,21
15158.0,356.0,,356.0,44,2,606.02,,0,7,1,4,12
15159.0,13.0,15.0,10.0,1,34,22116.73,0.6968643925608494,9,10,8,10,28
15160.0,21.0,20.0,21.0,356,4,589.27,1.031855080178322,0,3,3,4,10
15161.0,,,,387,1,119.92,,0,3,0,1,4
15162.0,,,,730,1,312.9,,0,1,0,3,4
15163.0,173.0,,173.0,17,2,304.47,,0,9,1,3,13
15164.0,77.0,57.0,89.0,68,9,2028.1100000000001,1.5462076733207122,4,6,5,8,19
15165.0,,,,372,1,487.75,,0,3,0,4,7
15166.0,,,,467,1,167.16,,0,2,0,2,4
15167.0,88.0,228.0,41.0,320,5,1627.62,0.18234257379329658,0,3,3,7,13
15168.0,,,,25,1,106.56,,0,8,0,1,9
15169.0,344.0,,344.0,381,2,569.22,,0,3,1,4,8
15170.0,,,,406,1,81.15,,0,3,0,1,4
15171.0,,,,330,1,1289.5,,0,3,0,7,10
15172.0,56.0,39.0,62.0,8,5,1624.05,1.5708692928730512,0,10,3,7,20
15173.0,39.0,26.0,45.0,380,7,1494.6,1.7324268083602716,0,3,4,7,14
15174.0,87.0,,87.0,322,2,481.46,,0,3,1,4,8
15175.0,,,,71,1,224.14,,0,6,0,2,8
15176.0,,,,667,1,988.04,,0,1,0,6,7
15177.0,,,,425,1,948.93,,0,2,0,6,8
15178.0,,,,259,1,40.5,,0,4,0,1,5
15179.0,59.0,41.0,72.0,17,13,7491.92,1.7279606461281287,3,9,7,10,26
15180.0,110.0,,110.0,366,3,816.9300000000001,,0,3,2,5,10
15181.0,166.0,310.0,118.0,65,5,1200.2,0.37988772290579376,0,6,3,6,15
15182.0,50.0,51.0,49.0,153,11,2998.952,0.9496671641040259,7,5,6,9,20
15183.0,18.0,,18.0,547,3,639.9300000000001,,0,1,2,5,8
15184.0,231.0,336.0,179.0,28,4,685.39,0.5327615603203306,0,8,3,5,16
15185.0,,,,69,1,310.62,,0,6,0,3,9
15186.0,170.0,120.0,187.0,13,5,1403.2,1.5591837835546873,0,9,3,7,19
15187.0,14.0,20.0,8.0,1,16,4777.18,0.426793411707113,10,10,7,9,26
15188.0,,,,724,1,310.43,,0,1,0,3,4
15189.0,11.0,15.0,7.0,0,46,17524.38,0.481708469610533,10,10,8,10,28
15190.0,,,,433,1,834.4399999999999,,0,2,0,5,7
15191.0,112.0,,112.0,462,3,588.05,,0,2,2,4,8
15192.0,140.0,104.0,151.0,119,5,1666.39,1.4591370676837114,0,5,3,7,15
15193.0,,,,60,1,499.32,,0,6,0,4,10
15194.0,27.0,28.0,26.0,2,28,12021.53,0.9205621994131437,7,10,8,10,28
15195.0,,,,2,1,3861.0,,0,10,0,9,19
15196.0,293.0,,293.0,432,2,313.7,,0,2,1,3,6
15197.0,143.0,166.0,127.0,10,6,1877.5100000000002,0.7664048653320829,0,9,4,8,21
15198.0,149.0,72.0,175.0,91,5,571.35,2.424702214867127,0,6,3,4,13
15199.0,57.0,35.0,75.0,58,10,3122.4,2.1294974235691697,2,7,6,9,22
15200.0,,,,494,1,549.05,,0,2,0,4,6
15201.0,87.0,181.0,40.0,86,7,1842.95,0.2198490017400861,0,6,4,8,18
15202.0,0.0,,0.0,419,3,6001.49,,0,2,2,10,14
15203.0,50.0,41.0,57.0,25,15,4400.18,1.3866595728573472,4,8,7,9,24
15204.0,,,,356,1,316.58,,0,3,0,3,6
15205.0,42.0,,42.0,84,2,653.24,,0,6,1,5,12
15206.0,88.0,130.0,67.0,9,4,420.3,0.5191836538615511,0,9,3,4,16
15207.0,65.0,,65.0,415,3,683.92,,0,2,2,5,9
15208.0,84.0,130.0,54.0,0,6,970.52,0.4156595299257131,0,10,4,6,20
15209.0,,,,729,1,178.98000000000002,,0,1,0,2,3
15210.0,175.0,,175.0,224,3,1176.19,,0,4,2,6,12
15211.0,304.0,,304.0,59,2,894.4100000000001,,0,6,1,6,13
15212.0,135.0,,135.0,240,2,208.27999999999997,,0,4,1,2,7
15213.0,11.0,,11.0,318,2,328.34999999999997,,0,3,1,3,7
15214.0,34.0,59.0,15.0,1,8,1661.44,0.26014761221243743,10,10,5,7,22
15215.0,94.0,83.0,99.0,46,7,2422.43,1.2033362033654609,0,7,4,8,19
15216.0,531.0,,531.0,87,2,486.09000000000003,,0,6,1,4,11
15217.0,,,,562,1,426.24,,0,1,0,4,5
15218.0,32.0,29.0,34.0,10,22,11468.83,1.1759257224335546,5,9,7,10,26
15219.0,472.0,,472.0,175,2,685.45,,0,5,1,5,11
15220.0,45.0,38.0,50.0,51,6,1778.96,1.3155954537670462,0,7,4,7,18
15221.0,90.0,44.0,113.0,365,4,2062.2,2.565713836971886,0,3,3,8,14
15222.0,40.0,19.0,54.0,318,11,3550.91,2.800566317774466,1,3,6,9,18
15223.0,127.0,43.0,155.0,225,5,1417.95,3.5988144094847243,0,4,3,7,14
15224.0,83.0,46.0,96.0,357,5,871.36,2.055008393125065,0,3,3,6,12
15225.0,,,,233,1,409.40000000000003,,0,4,0,4,8
15226.0,,,,310,1,154.41,,0,4,0,1,5
15227.0,74.0,79.0,71.0,36,9,2488.4900000000002,0.9104090307622048,7,7,5,8,20
15228.0,86.0,102.0,76.0,65,6,5580.27,0.7423164804731135,0,6,4,10,20
15229.0,,,,585,1,160.5,,0,1,0,1,2
15230.0,1.0,,1.0,238,2,429.6,,0,4,1,4,9
15231.0,,,,620,1,250.26,,0,1,0,2,3
15232.0,27.0,,27.0,112,2,612.06,,0,5,1,5,11
15233.0,,,,400,1,59.400000000000006,,0,3,0,1,4
15234.0,,,,276,1,197.0,,0,4,0,2,6
15235.0,11.0,7.0,15.0,217,16,2772.76,2.1226330701888934,2,4,7,8,19
15236.0,,,,298,1,321.05,,0,4,0,3,7
15237.0,75.0,23.0,100.0,1,4,1412.3200000000002,4.206047534956431,0,10,3,7,20
15238.0,77.0,,77.0,28,3,1071.99,,0,8,2,6,16
15239.0,68.0,,68.0,9,2,780.59,,0,9,1,5,15
15240.0,62.0,68.0,58.0,44,12,4459.98,0.8517141021125925,8,7,6,9,22
15241.0,58.0,114.0,21.0,66,11,3050.16,0.1906315898221242,10,6,6,9,21
15242.0,,,,421,1,302.04,,0,2,0,3,5
15243.0,360.0,,360.0,73,2,927.28,,0,6,1,6,13
15244.0,300.0,,300.0,64,3,912.0799999999999,,0,6,2,6,14
15245.0,65.0,40.0,84.0,133,8,4610.84,2.0877663514129443,2,5,5,9,19
15246.0,158.0,,158.0,237,3,780.4000000000001,,0,4,2,5,11
15247.0,207.0,,207.0,121,3,976.06,,0,5,2,6,13
15248.0,61.0,,61.0,410,3,1893.93,,0,2,2,8,12
15249.0,34.0,51.0,20.0,31,18,9266.0,0.3973543015236045,10,8,7,10,25
15250.0,,,,640,1,60.0,,0,1,0,1,2
15251.0,33.0,29.0,36.0,8,21,20324.54,1.2501490314915957,5,10,7,10,27
15252.0,143.0,35.0,180.0,35,5,2103.41,5.134215338707229,0,7,3,8,18
15253.0,81.0,139.0,38.0,15,8,2055.0899999999997,0.27545492238677727,10,9,5,8,22
15254.0,216.0,,216.0,126,3,1088.35,,0,5,2,6,13
15255.0,83.0,92.0,78.0,66,9,3706.02,0.8566380542194135,7,6,5,9,20
15256.0,413.0,,413.0,148,2,170.4,,0,5,1,2,8
15257.0,130.0,,130.0,282,2,685.9,,0,4,1,5,10
15258.0,48.0,,48.0,168,2,623.1600000000001,,0,5,1,5,11
15259.0,56.0,80.0,44.0,512,4,1182.3799999999999,0.5588281101285756,0,2,3,6,11
15260.0,26.0,16.0,34.0,99,25,8767.73,2.078803795388619,2,5,8,10,23
15261.0,99.0,16.0,141.0,134,4,1508.0,8.325984510101216,0,5,3,7,15
15262.0,82.0,,82.0,323,3,418.82,,0,3,2,4,9
15263.0,,,,106,1,156.51,,0,5,0,1,6
15264.0,466.0,,466.0,63,2,848.4000000000001,,0,6,1,5,12
15265.0,195.0,133.0,226.0,150,4,3345.64,1.6938871929059456,0,5,3,9,17
15266.0,90.0,15.0,115.0,337,5,852.21,7.673420629450954,0,3,3,5,11
15267.0,40.0,27.0,44.0,21,5,1717.36,1.641190867392346,0,8,3,7,18
15268.0,63.0,,63.0,478,3,961.9000000000001,,0,2,2,6,10
15269.0,122.0,10.0,178.0,23,4,1560.62,17.65000343571772,0,8,3,7,18
15270.0,35.0,31.0,38.0,15,21,8524.86,1.212541264369153,5,9,7,10,26
15271.0,21.0,22.0,19.0,6,24,4528.54,0.8444737429737532,8,10,7,9,26
15272.0,121.0,75.0,151.0,56,6,2030.95,2.026069487775299,0,7,4,8,19
15273.0,,,,599,1,228.96,,0,1,0,2,3
15274.0,14.0,,14.0,3,2,716.57,,0,10,1,5,16
15275.0,,,,37,1,615.14,,0,7,0,5,12
15276.0,122.0,40.0,164.0,65,4,619.8,4.084543945211165,0,6,3,5,14
15277.0,378.0,,378.0,46,2,476.34,,0,7,1,4,12
15278.0,34.0,0.0,51.0,561,4,496.15999999999997,74734.5,0,1,3,4,8
15279.0,80.0,45.0,91.0,354,5,1580.54,2.037771656895482,0,3,3,7,13
15280.0,199.0,,199.0,171,3,397.52,,0,5,2,3,10
15281.0,24.0,13.0,34.0,58,16,8543.57,2.5531552180692167,2,7,7,10,24
15282.0,,,,569,1,348.59,,0,1,0,3,4
15283.0,63.0,,63.0,389,3,148.33,,0,3,2,1,6
15284.0,,,,499,1,24.75,,0,2,0,1,3
15285.0,,,,407,1,94.92,,0,3,0,1,4
15286.0,,,,49,1,240.55,,0,7,0,2,9
15287.0,178.0,302.0,137.0,21,5,856.0300000000001,0.4554289972893502,0,8,3,5,16
15288.0,69.0,66.0,71.0,42,10,3715.38,1.084737560524011,6,7,6,9,22
15289.0,148.0,163.0,143.0,28,5,1593.0900000000001,0.8772033694959245,0,8,3,7,18
15290.0,25.0,31.0,20.0,4,26,10496.28,0.669717608688155,9,10,8,10,28
15291.0,18.0,15.0,21.0,25,40,13517.76,1.409651695669903,4,8,8,10,26
15292.0,,,,200,1,178.39,,0,4,0,2,6
15293.0,,,,665,1,247.5,,0,1,0,2,3
15294.0,,,,410,1,233.35,,0,2,0,2,4
15295.0,,,,653,1,207.04,,0,1,0,2,3
15296.0,57.0,53.0,61.0,50,12,10323.029999999999,1.1558635348211768,5,7,6,10,23
15297.0,26.0,,26.0,9,3,641.94,,0,9,2,5,16
15298.0,33.0,33.0,33.0,1,23,9061.77,1.002703230234203,6,10,7,10,27
15299.0,69.0,81.0,60.0,66,10,6156.53,0.7523179602292686,8,6,6,10,22
15300.0,,,,63,1,496.44,,0,6,0,4,10
15301.0,24.0,31.0,19.0,50,17,6909.67,0.6171837893897758,9,7,7,10,24
15302.0,,,,729,1,308.0,,0,1,0,3,4
15303.0,196.0,,196.0,289,3,1224.1799999999998,,0,4,2,7,13
15304.0,45.0,53.0,39.0,60,9,796.4,0.7432185214852329,8,6,5,5,16
15305.0,,,,554,1,93.6,,0,1,0,1,2
15306.0,74.0,31.0,100.0,63,9,3484.73,3.1694469708082735,1,6,5,9,20
15307.0,,,,95,1,205.3,,0,6,0,2,8
15308.0,,,,273,1,310.47,,0,4,0,3,7
15309.0,41.0,84.0,20.0,610,4,797.96,0.24359292328042328,0,1,3,5,9
15310.0,,,,478,1,1634.64,,0,2,0,7,9
15311.0,3.0,3.0,3.0,0,208,114966.42,1.2311672317803335,5,10,10,10,30
15312.0,58.0,57.0,60.0,74,12,2930.19,1.0611304749540666,6,6,6,9,21
15313.0,,,,109,1,52.0,,0,5,0,1,6
15314.0,114.0,,114.0,198,3,820.45,,0,4,2,5,11
15315.0,51.0,,51.0,63,2,570.5,,0,6,1,4,11
15316.0,,,,326,1,165.0,,0,3,0,2,5
15317.0,,,,676,1,129.75,,0,1,0,1,2
15318.0,,,,3,1,312.62,,0,10,0,3,13
15319.0,,,,283,1,204.5,,0,4,0,2,6
15320.0,,,,43,1,267.13,,0,7,0,2,9
15321.0,54.0,22.0,82.0,70,12,6709.7300000000005,3.701051233285787,1,6,6,10,22
15322.0,390.0,,390.0,85,2,1390.86,,0,6,1,7,14
15323.0,49.0,,49.0,562,3,434.6,,0,1,2,4,7
15324.0,,,,700,1,140.22000000000003,,0,1,0,1,2
15325.0,79.0,55.0,97.0,103,8,1601.46,1.7576104054998836,3,5,5,7,17
15326.0,101.0,17.0,129.0,333,5,1700.52,7.553310340163657,0,3,3,7,13
15327.0,,,,52,1,208.75,,0,7,0,2,9
15328.0,,,,407,1,107.24,,0,3,0,1,4
15329.0,68.0,45.0,83.0,38,11,2958.83,1.8206530221785868,3,7,6,9,22
15330.0,28.0,,28.0,31,2,714.96,,0,8,1,5,14
15331.0,54.0,,54.0,499,3,767.9100000000001,,0,2,2,5,9
15332.0,29.0,71.0,1.0,365,6,4892.68,0.014417178407356845,0,3,4,9,16
15333.0,,,,207,1,1028.56,,0,4,0,6,10
15334.0,8.0,,8.0,156,3,350.82,,0,5,2,3,10
15335.0,,,,53,1,170.22,,0,7,0,2,9
15336.0,,,,401,1,240.5,,0,3,0,2,5
15337.0,,,,410,1,373.02,,0,2,0,3,5
15338.0,,,,676,1,277.93,,0,1,0,2,3
15339.0,100.0,106.0,97.0,65,7,1821.02,0.9220555672021173,0,6,4,8,18
15340.0,,,,561,1,105.5,,0,1,0,1,2
15341.0,368.0,,368.0,80,2,2402.72,,0,6,1,8,15
15342.0,,,,129,1,406.09,,0,5,0,3,8
15343.0,,,,86,1,364.5,,0,6,0,3,9
15344.0,36.0,,36.0,0,3,563.9399999999999,,0,10,2,4,16
15345.0,,,,45,1,393.54,,0,7,0,3,10
15346.0,49.0,,49.0,332,3,596.12,,0,3,2,4,9
15347.0,23.0,37.0,17.0,365,4,1162.0,0.45852133375769943,0,3,3,6,12
15348.0,,,,71,1,158.04,,0,6,0,1,7
15349.0,29.0,,29.0,157,2,463.90999999999997,,0,5,1,4,10
15350.0,9.0,,9.0,372,2,547.6,,0,3,1,4,8
15351.0,46.0,88.0,13.0,11,10,3430.2200000000003,0.15149055327449779,10,9,6,9,24
15352.0,,,,548,1,111.15,,0,1,0,1,2
15353.0,80.0,119.0,61.0,254,7,2794.47,0.5137880373472166,0,4,4,8,16
15354.0,0.0,,0.0,602,3,284.4,,0,1,2,2,5
15355.0,23.0,,23.0,28,2,277.05,,0,8,1,2,11
15356.0,32.0,25.0,37.0,30,13,3239.57,1.5030090898849922,4,8,7,9,24
15358.0,17.0,18.0,17.0,4,42,16425.86,0.9369419061945005,7,10,8,10,28
15359.0,4.0,4.0,4.0,662,8,181.35,0.9123304010735053,7,1,5,2,8
15360.0,,,,39,1,427.93,,0,7,0,4,11
15361.0,60.0,7.0,86.0,361,4,689.07,10.977252805049089,0,3,3,5,11
15362.0,290.0,,290.0,448,2,613.0799999999999,,0,2,1,5,8
15363.0,120.0,,120.0,372,2,678.11,,0,3,1,5,9
15364.0,158.0,,158.0,95,2,913.19,,0,6,1,6,13
15365.0,53.0,53.0,53.0,25,13,4557.13,1.000675962188595,6,8,7,9,24
15366.0,96.0,50.0,118.0,74,7,2389.08,2.3517208669292473,0,6,4,8,18
15367.0,67.0,34.0,89.0,56,11,5081.33,2.583104546683391,2,7,6,9,22
15368.0,372.0,,372.0,20,2,722.74,,0,8,1,5,14
15369.0,23.0,35.0,16.0,491,11,6251.259999999999,0.4713458057526392,10,2,6,10,18
15370.0,52.0,68.0,40.0,40,8,3739.01,0.5910784412445876,9,7,5,9,21
15371.0,,,,661,1,59.400000000000006,,0,1,0,1,2
15372.0,75.0,0.0,131.0,136,8,6017.0599999999995,186.93700462351387,1,5,5,10,20
15373.0,36.0,38.0,34.0,7,17,3084.54,0.8936330400110823,7,10,7,9,26
15374.0,495.0,,495.0,128,2,307.32,,0,5,1,3,9
15375.0,,,,689,1,60.959999999999994,,0,1,0,1,2
15376.0,91.0,,91.0,39,3,1221.56,,0,7,2,6,15
15377.0,10.0,13.0,9.0,382,4,1211.75,0.7381164043298646,0,3,3,6,12
15378.0,39.0,,39.0,462,2,246.5,,0,2,1,2,5
15379.0,33.0,25.0,38.0,168,8,4877.84,1.498027062575449,4,5,5,9,19
15380.0,72.0,47.0,90.0,8,11,3248.96,1.908979080748751,3,10,6,9,25
15381.0,92.0,42.0,109.0,213,5,1890.57,2.596141259810473,0,4,3,8,15
15382.0,65.0,72.0,60.0,14,12,13733.55,0.8315674602028974,8,9,6,10,25
15384.0,140.0,210.0,105.0,169,4,2027.79,0.5023156224696023,0,5,3,8,16
15385.0,318.0,,318.0,39,3,942.0799999999999,,0,7,2,6,15
15386.0,,,,185,1,394.14,,0,5,0,3,8
15387.0,,,,491,1,468.65,,0,2,0,4,6
15388.0,,,,269,1,140.54,,0,4,0,1,5
15389.0,127.0,119.0,130.0,171,5,2733.8,1.0912072496376346,0,5,3,8,16
15390.0,12.0,,12.0,395,2,1216.66,,0,3,1,6,10
15391.0,,,,583,1,289.87,,0,1,0,3,4
15392.0,71.0,28.0,92.0,4,7,2911.62,3.2531807081807083,0,10,4,8,22
15393.0,176.0,30.0,225.0,15,5,891.34,7.30455597761345,0,9,3,6,18
15394.0,71.0,62.0,77.0,9,11,5286.8,1.2410844457791013,5,9,6,9,24
15395.0,,,,325,1,107.45,,0,3,0,1,4
15396.0,471.0,,471.0,112,2,796.3800000000001,,0,5,1,5,11
15397.0,,,,289,1,94.0,,0,4,0,1,5
15398.0,62.0,,62.0,15,2,1345.5300000000002,,0,9,1,7,17
15399.0,38.0,,38.0,0,3,815.77,,0,10,2,5,17
15400.0,66.0,94.0,46.0,91,8,1302.3,0.4947458978865439,9,6,5,7,18
15401.0,116.0,,116.0,451,2,216.95000000000002,,0,2,1,2,5
15402.0,88.0,56.0,110.0,148,6,1830.54,1.9684614907986864,0,5,4,8,17
15403.0,238.0,,238.0,491,2,170.88,,0,2,1,2,5
15404.0,,,,375,1,257.06,,0,3,0,2,5
15405.0,386.0,,386.0,188,2,659.84,,0,5,1,5,11
15406.0,105.0,0.0,140.0,30,5,1228.1599999999999,50641.0,0,8,3,7,18
15407.0,90.0,83.0,94.0,33,4,1046.74,1.1368374853703394,0,7,3,6,16
15408.0,,,,263,1,267.18,,0,4,0,2,6
15409.0,,,,720,1,131.25,,0,1,0,1,2
15410.0,51.0,90.0,25.0,83,11,5141.92,0.27904252600397556,10,6,6,9,21
15411.0,52.0,58.0,49.0,25,4,1348.93,0.8454526955855597,0,8,3,7,18
15412.0,,,,170,1,190.53,,0,5,0,2,7
15413.0,11.0,7.0,13.0,691,5,6798.72,1.8441637742640442,0,1,3,10,14
15414.0,116.0,,116.0,9,3,774.9000000000001,,0,9,2,5,16
15415.0,,,,312,1,559.61,,0,3,0,4,7
15416.0,101.0,98.0,103.0,64,7,4572.82,1.0459028818251677,0,6,4,9,19
15417.0,,,,84,1,508.8,,0,6,0,4,10
15418.0,161.0,,161.0,424,2,449.42,,0,2,1,4,7
15419.0,,,,24,1,135.86,,0,8,0,1,9
15420.0,60.0,28.0,81.0,433,6,743.0,2.8467708168185015,0,2,4,5,11
15421.0,74.0,63.0,83.0,58,10,3805.34,1.323625140905957,5,7,6,9,22
15422.0,57.0,108.0,32.0,322,7,1619.97,0.2999990398955406,0,3,4,7,14
15423.0,291.0,,291.0,37,3,266.89,,0,7,2,2,11
15424.0,104.0,,104.0,253,3,597.78,,0,4,2,4,10
15425.0,87.0,34.0,114.0,399,4,1941.1200000000001,3.265267403051494,0,3,3,8,14
15426.0,70.0,48.0,84.0,18,9,2156.35,1.7593779648527987,3,9,5,8,22
15427.0,6.0,,6.0,32,3,1430.54,,0,8,2,7,17
15428.0,235.0,84.0,311.0,14,4,762.75,3.663815880962314,0,9,3,5,17
15429.0,48.0,,48.0,26,2,397.35,,0,8,1,3,12
15430.0,60.0,,60.0,467,2,954.75,,0,2,1,6,9
15431.0,,,,502,1,153.24,,0,2,0,1,3
15432.0,518.0,,518.0,22,2,320.76,,0,8,1,3,12
15433.0,53.0,,53.0,213,2,533.3,,0,4,1,4,9
15434.0,67.0,74.0,62.0,7,11,2567.06,0.8455114790112064,8,10,6,8,24
15435.0,,,,21,1,149.29,,0,8,0,1,9
15436.0,110.0,,110.0,11,3,1067.75,,0,9,2,6,17
15437.0,378.0,,378.0,261,2,393.45000000000005,,0,4,1,3,8
15438.0,,,,130,1,156.57999999999998,,0,5,0,1,6
15439.0,82.0,0.0,124.0,404,4,1269.0500000000002,44808.625,0,3,3,7,13
15440.0,77.0,,77.0,54,3,383.68,,0,7,2,3,12
15441.0,167.0,,167.0,395,3,1254.21,,0,3,2,7,12
15442.0,,,,248,1,594.0,,0,4,0,4,8
15443.0,49.0,28.0,67.0,1,14,5114.23,2.412473393812899,2,10,7,9,26
15444.0,31.0,,31.0,8,2,1411.21,,0,10,1,7,18
15445.0,326.0,,326.0,263,2,284.5,,0,4,1,2,7
15446.0,174.0,,174.0,376,3,399.75,,0,3,2,3,8
15447.0,73.0,26.0,89.0,330,5,492.88,3.3348105913351476,0,3,3,4,10
15448.0,361.0,,361.0,312,2,788.81,,0,3,1,5,9
15449.0,117.0,,117.0,25,3,974.52,,0,8,2,6,16
15450.0,,,,29,1,429.84,,0,8,0,4,12
15451.0,164.0,,164.0,433,2,226.86,,0,2,1,2,5
15452.0,96.0,60.0,120.0,29,6,1785.1100000000001,1.9877063837681426,0,8,4,7,19
15453.0,30.0,28.0,32.0,1,7,1371.77,1.1594892773025909,0,10,4,7,21
15454.0,256.0,,256.0,361,2,305.99,,0,3,1,3,7
15455.0,,,,597,1,38.25,,0,1,0,1,2
15456.0,49.0,40.0,57.0,282,10,2091.52,1.4237993270113185,4,4,6,8,18
15457.0,,,,261,1,237.07,,0,4,0,2,6
15458.0,376.0,,376.0,24,2,370.43999999999994,,0,8,1,3,12
15459.0,80.0,,80.0,416,2,202.82999999999998,,0,2,1,2,5
15460.0,,,,353,1,214.26,,0,3,0,2,5
15461.0,170.0,,170.0,460,2,429.7,,0,2,1,4,7
15462.0,117.0,258.0,46.0,93,4,737.05,0.17988586273945562,0,6,3,5,14
15463.0,,,,28,1,126.14,,0,8,0,1,9
15464.0,,,,337,1,1044.65,,0,3,0,6,9
15465.0,22.0,24.0,21.0,19,32,12100.4,0.8610514190984419,7,8,8,10,26
15466.0,217.0,130.0,260.0,84,4,1560.46,2.0022419130991778,0,6,3,7,16
15467.0,71.0,,71.0,8,3,524.88,,0,10,2,4,16
15468.0,170.0,,170.0,50,3,1430.48,,0,7,2,7,16
15469.0,194.0,,194.0,49,3,874.25,,0,7,2,6,15
15470.0,,,,575,1,63.419999999999995,,0,1,0,1,2
15471.0,274.0,,274.0,1,3,1292.01,,0,10,2,7,19
15472.0,,,,112,1,371.56,,0,5,0,3,8
15473.0,61.0,128.0,11.0,13,8,2046.0,0.08550734149174509,10,9,5,8,22
15474.0,,,,595,1,150.35,,0,1,0,1,2
15475.0,,,,76,1,454.10999999999996,,0,6,0,4,10
15476.0,20.0,49.0,6.0,379,4,2209.9799999999996,0.12180423921061055,0,3,3,8,14
15477.0,,,,649,1,368.4,,0,1,0,3,4
15478.0,267.0,,267.0,39,3,1983.48,,0,7,2,8,17
15479.0,,,,732,1,147.4,,0,1,0,1,2
15480.0,139.0,0.0,186.0,115,5,6279.0,10751.4,0,5,3,10,18
15481.0,,,,400,1,1993.34,,0,3,0,8,11
15482.0,40.0,47.0,34.0,15,19,14417.359999999999,0.7246063544396177,8,9,7,10,26
15483.0,58.0,59.0,56.0,160,10,817.8199999999999,0.9582216151055303,7,5,6,5,16
15484.0,146.0,327.0,25.0,0,6,4652.1,0.07832583227196227,0,10,4,9,23
15485.0,117.0,28.0,162.0,29,7,4810.92,5.719583628242989,0,8,4,9,21
15486.0,,,,526,1,102.0,,0,2,0,1,3
15487.0,,,,679,1,231.32,,0,1,0,2,3
15488.0,122.0,93.0,132.0,92,5,431.92,1.4246380812399122,0,6,3,4,13
15489.0,95.0,77.0,109.0,22,8,2419.61,1.3998294837319467,4,8,5,8,21
15490.0,,,,429,1,210.85,,0,2,0,2,4
15491.0,28.0,8.0,40.0,94,6,3100.09,4.746870392708752,0,6,4,9,19
15492.0,46.0,,46.0,27,2,659.46,,0,8,1,5,14
15493.0,77.0,88.0,71.0,32,9,4121.68,0.8080521052479899,8,8,5,9,22
15494.0,176.0,208.0,166.0,20,5,3702.6,0.7969241585961316,0,8,3,9,20
15495.0,,,,378,1,246.5,,0,3,0,2,5
15496.0,,,,630,1,146.14000000000001,,0,1,0,1,2
15497.0,87.0,38.0,117.0,17,9,8657.39,3.0177144556811424,1,9,5,10,24
15498.0,16.0,19.0,14.0,2,44,24972.86,0.7494493352462223,8,10,8,10,28
15499.0,,,,723,1,158.65,,0,1,0,1,2
15500.0,24.0,54.0,9.0,7,4,1131.56,0.16368664292749452,0,10,3,6,19
15501.0,10.0,,10.0,404,2,399.95,,0,3,1,3,7
15502.0,41.0,71.0,15.0,15,14,13003.869999999999,0.2148584796548263,10,9,7,10,26
15503.0,363.0,,363.0,362,2,257.3,,0,3,1,2,6
15504.0,194.0,59.0,262.0,80,4,402.7,4.448754913267588,0,6,3,3,12
15505.0,25.0,29.0,24.0,52,5,3610.96,0.8452318376578901,0,7,3,9,19
15506.0,90.0,48.0,119.0,22,6,2030.33,2.4926968053044,0,8,4,8,20
15507.0,,,,171,1,475.86,,0,5,0,4,9
15508.0,9.0,8.0,10.0,188,6,1000.27,1.2495155459146783,0,5,4,6,15
15509.0,,,,379,1,152.41,,0,3,0,1,4
15510.0,,,,330,1,250.0,,0,3,0,2,5
15511.0,18.0,27.0,15.0,11,5,900.53,0.5477321921727664,0,9,3,6,18
15512.0,173.0,285.0,117.0,155,4,331.58000000000004,0.4107142857142857,0,5,3,3,11
15513.0,19.0,20.0,18.0,32,35,26437.05,0.9393898637955277,7,8,8,10,26
15514.0,42.0,46.0,39.0,11,18,6392.0599999999995,0.8436872559280958,8,9,7,10,26
15515.0,,,,386,1,171.81,,0,3,0,2,5
15516.0,0.0,,0.0,44,3,62.43,,0,7,2,1,10
15517.0,,,,232,1,267.03,,0,4,0,2,6
15518.0,46.0,56.0,39.0,63,15,4189.99,0.6936376993480058,9,6,7,9,22
15519.0,63.0,,63.0,382,2,344.61,,0,3,1,3,7
15520.0,,,,1,1,343.5,,0,10,0,3,13
15521.0,44.0,43.0,44.0,39,16,7098.24,1.0378146883963912,6,7,7,10,24
15522.0,54.0,,54.0,32,2,397.99,,0,8,1,3,12
15523.0,43.0,22.0,61.0,83,16,17259.19,2.698775217703663,2,6,7,10,23
15524.0,582.0,,582.0,24,2,591.4,,0,8,1,4,13
15525.0,126.0,9.0,185.0,1,4,890.22,20.508405619098795,0,10,3,6,19
15526.0,0.0,,0.0,32,2,148.44,,0,8,1,1,10
15527.0,32.0,21.0,41.0,18,23,5554.89,1.9572285868360675,2,9,7,10,26
15528.0,,,,253,1,229.33,,0,4,0,2,6
15529.0,33.0,26.0,39.0,22,12,4783.66,1.464733983569018,4,8,6,9,23
15530.0,122.0,266.0,75.0,21,5,1808.68,0.2820105157082961,0,8,3,7,18
15531.0,22.0,,22.0,7,2,1972.3899999999999,,0,10,1,8,19
15532.0,58.0,39.0,72.0,24,10,3738.8500000000004,1.83616362500928,3,8,6,9,23
15533.0,34.0,,34.0,18,3,807.5699999999999,,0,9,2,5,16
15534.0,,,,725,1,162.25,,0,1,0,2,3
15535.0,55.0,60.0,51.0,172,6,1044.37,0.8444738659255497,0,5,4,6,15
15536.0,,,,408,1,259.09,,0,3,0,2,5
15537.0,,,,162,1,110.92,,0,5,0,1,6
15538.0,25.0,10.0,34.0,537,6,3358.4,3.1516319225100022,0,1,4,9,14
15539.0,,,,6,1,538.46,,0,10,0,4,14
15540.0,364.0,,364.0,10,2,460.68,,0,9,1,4,14
15541.0,,,,113,1,85.13000000000001,,0,5,0,1,6
15542.0,112.0,,112.0,511,3,855.71,,0,2,2,5,9
15543.0,171.0,,171.0,287,2,242.26,,0,4,1,2,7
15544.0,35.0,20.0,49.0,8,20,7807.89,2.4400703554650067,2,10,7,10,27
15545.0,316.0,,316.0,53,2,288.97,,0,7,1,3,11
15546.0,0.0,,0.0,606,2,1079.1000000000001,,0,1,1,6,8
15547.0,29.0,30.0,27.0,6,26,10057.05,0.8832320749297113,7,10,8,10,28
15548.0,,,,595,1,158.09,,0,1,0,1,2
15549.0,88.0,51.0,116.0,76,8,2334.16,2.2688299512291867,2,6,5,8,19
15550.0,66.0,71.0,62.0,3,12,2211.05,0.8714544203058873,7,10,6,8,24
15551.0,85.0,66.0,95.0,36,7,1679.81,1.445638684979913,0,7,4,7,18
15552.0,405.0,,405.0,216,2,252.52,,0,4,1,2,7
15553.0,,,,59,1,428.93,,0,6,0,4,10
15554.0,,,,277,1,217.2,,0,4,0,2,6
15555.0,20.0,18.0,22.0,11,36,11243.91,1.2165601251860314,5,9,8,10,27
15556.0,,,,23,1,279.77,,0,8,0,2,10
15557.0,,,,28,1,468.91,,0,8,0,4,12
15558.0,,,,638,1,202.68,,0,1,0,2,3
15559.0,,,,567,1,1109.4,,0,1,0,6,7
15560.0,0.0,,0.0,397,2,153.51999999999998,,0,3,1,1,5
15561.0,93.0,93.0,93.0,11,8,1934.3899999999999,0.9967309438399595,7,9,5,8,22
15562.0,187.0,,187.0,351,3,671.4300000000001,,0,3,2,5,10
15563.0,109.0,83.0,123.0,21,7,2859.46,1.482159365182945,0,8,4,8,20
15564.0,212.0,,212.0,462,2,70.74000000000001,,0,2,1,1,4
15565.0,20.0,,20.0,49,2,173.16000000000003,,0,7,1,2,10
15566.0,331.0,,331.0,392,2,227.87,,0,3,1,2,6
15567.0,,,,18,1,186.01,,0,9,0,2,11
15568.0,35.0,,35.0,2,3,758.29,,0,10,2,5,17
15569.0,60.0,64.0,57.0,103,10,3583.45,0.8864413823799909,7,5,6,9,20
15570.0,25.0,21.0,28.0,6,25,8736.49,1.3279677524204447,4,10,8,10,28
15571.0,55.0,54.0,56.0,11,14,3892.35,1.0399358121762512,6,9,7,9,25
15572.0,66.0,81.0,54.0,4,10,3965.2,0.6718965943270025,9,10,6,9,25
15573.0,174.0,76.0,206.0,31,5,1188.4199999999998,2.6921388703238742,0,8,3,6,17
15574.0,57.0,46.0,64.0,177,6,1101.44,1.411176244256841,0,5,4,6,15
15575.0,,,,619,1,30.1,,0,1,0,1,2
15576.0,,,,37,1,921.37,,0,7,0,6,13
15577.0,143.0,2.0,190.0,150,5,396.03,64.81071512862874,0,5,3,3,11
15578.0,,,,161,1,127.1,,0,5,0,1,6
15579.0,90.0,5.0,119.0,68,5,1250.63,23.365305476416587,0,6,3,7,16
15580.0,41.0,46.0,38.0,376,8,1375.39,0.8252578675015008,8,3,5,7,15
15581.0,16.0,14.0,19.0,120,38,7480.4,1.3610729011463134,4,5,8,10,23
15582.0,97.0,,97.0,24,3,682.9100000000001,,0,8,2,5,15
15583.0,,,,375,1,95.96,,0,3,0,1,4
15584.0,129.0,254.0,46.0,23,6,1268.2,0.1820357492134508,0,8,4,7,19
15585.0,,,,176,1,455.3,,0,5,0,4,9
15586.0,54.0,,54.0,592,3,1139.1000000000001,,0,1,2,6,9
15587.0,73.0,49.0,85.0,49,7,1522.08,1.7251318618969902,0,7,4,7,18
15588.0,,,,677,1,579.6,,0,1,0,4,5
15589.0,27.0,,27.0,255,3,478.53,,0,4,2,4,10
15590.0,56.0,22.0,67.0,381,5,1496.6,2.923334543840536,0,3,3,7,13
15591.0,45.0,,45.0,582,3,217.9,,0,1,2,2,5
15592.0,,,,46,1,388.58,,0,7,0,3,10
15593.0,,,,70,1,199.8,,0,6,0,2,8
15594.0,54.0,141.0,25.0,15,5,1771.78,0.1841644385136455,0,9,3,7,19
15595.0,,,,487,1,357.6,,0,2,0,3,5
15596.0,49.0,36.0,57.0,100,9,2727.72,1.5727549496057334,3,5,5,8,18
15597.0,540.0,,540.0,34,2,563.37,,0,7,1,4,12
15598.0,374.0,,374.0,52,2,548.02,,0,7,1,4,12
15599.0,209.0,,209.0,26,3,1250.06,,0,8,2,7,17
15600.0,55.0,51.0,57.0,427,4,1199.31,1.1179212542700436,0,2,3,6,11
15601.0,25.0,24.0,25.0,10,30,14191.74,1.074546325084274,6,9,8,10,27
15602.0,48.0,52.0,44.0,7,16,3137.96,0.8529472748815166,8,10,7,9,26
15603.0,569.0,,569.0,78,2,88.48,,0,6,1,1,8
15604.0,,,,51,1,216.39,,0,7,0,2,9
15605.0,82.0,35.0,110.0,35,9,1741.95,3.1313057460702916,1,7,5,7,19
15606.0,36.0,36.0,36.0,60,17,5230.99,0.9956137230338973,7,6,7,9,22
15607.0,45.0,18.0,61.0,336,9,1708.97,3.297791547899368,1,3,5,7,15
15608.0,96.0,294.0,30.0,27,5,1785.98,0.10411830898381773,0,8,3,7,18
15609.0,,,,183,1,298.48,,0,5,0,3,8
15610.0,,,,51,1,112.46000000000001,,0,7,0,1,8
15611.0,26.0,24.0,28.0,9,26,2997.28,1.1514193105327637,5,9,8,9,26
15612.0,25.0,,25.0,35,2,195.15,,0,7,1,2,10
15613.0,,,,609,1,433.71999999999997,,0,1,0,4,5
15614.0,62.0,126.0,31.0,437,4,3147.36,0.24953727676358148,0,2,3,9,14
15615.0,15.0,14.0,17.0,9,47,21373.97,1.1858517892044746,5,9,8,10,27
15616.0,,,,437,1,317.11,,0,2,0,3,5
15617.0,55.0,,55.0,395,3,828.55,,0,3,2,5,10
15618.0,34.0,44.0,29.0,32,4,776.851,0.6780063913857973,0,8,3,5,16
15619.0,,,,10,1,336.40000000000003,,0,9,0,3,12
15620.0,117.0,51.0,150.0,56,4,1942.36,2.9526975632283827,0,7,3,8,18
15621.0,5.0,10.0,3.0,3,4,1293.03,0.34247278701992195,0,10,3,7,20
15622.0,37.0,31.0,42.0,42,17,7852.61,1.3692771761852072,4,7,7,10,24
15623.0,84.0,57.0,103.0,140,8,2437.05,1.7884467819803689,3,5,5,8,18
15624.0,46.0,49.0,44.0,116,4,588.13,0.900141761174116,0,5,3,4,12
15625.0,54.0,23.0,73.0,103,9,3236.3999999999996,3.164682283546667,1,5,5,9,19
15626.0,173.0,,173.0,74,3,1067.52,,0,6,2,6,14
15627.0,65.0,,65.0,456,2,566.9000000000001,,0,2,1,4,7
15628.0,45.0,46.0,44.0,4,17,5333.08,0.949292725169735,7,10,7,9,26
15629.0,27.0,35.0,23.0,449,4,2240.9,0.6723860908892547,0,2,3,8,13
15630.0,299.0,,299.0,44,3,1481.4,,0,7,2,7,16
15631.0,,,,641,1,596.67,,0,1,0,4,5
15632.0,37.0,30.0,41.0,15,8,3285.31,1.3550764438559004,4,9,5,9,23
15633.0,18.0,20.0,16.0,508,13,4335.96,0.8263137943705114,8,2,7,9,18
15634.0,366.0,,366.0,16,2,554.6500000000001,,0,9,1,4,14
15635.0,,,,395,1,100.35,,0,3,0,1,4
15636.0,159.0,132.0,173.0,89,4,1444.58,1.3160941285281118,0,6,3,7,16
15637.0,167.0,83.0,195.0,52,5,797.59,2.3422138857534915,0,7,3,5,15
15638.0,46.0,87.0,19.0,378,6,2265.2,0.221581137752028,0,3,4,8,15
15639.0,235.0,,235.0,133,3,1065.08,,0,5,2,6,13
15640.0,25.0,25.0,25.0,3,29,23494.31,0.9831926633674825,7,10,8,10,28
15641.0,57.0,50.0,62.0,104,12,5345.55,1.2444518588168683,5,5,6,9,20
15642.0,,,,729,1,105.78000000000002,,0,1,0,1,2
15643.0,45.0,,45.0,191,3,664.0,,0,4,2,5,11
15644.0,31.0,0.0,47.0,165,4,803.54,2972.478260869565,0,5,3,5,13
15645.0,203.0,,203.0,18,3,1055.17,,0,9,2,6,17
15646.0,63.0,16.0,78.0,157,5,784.8100000000001,4.913982678368135,0,5,3,5,13
15647.0,,,,414,1,169.0,,0,2,0,2,4
15648.0,62.0,,62.0,203,2,639.5,,0,4,1,5,10
15649.0,16.0,12.0,19.0,335,4,1660.35,1.6186675919500346,0,3,3,7,13
15650.0,106.0,,106.0,521,2,553.88,,0,2,1,4,7
15651.0,139.0,176.0,127.0,36,5,1259.06,0.7268309555373188,0,7,3,7,17
15652.0,98.0,54.0,113.0,90,5,1405.94,2.0978153248723785,0,6,3,7,16
15653.0,23.0,,23.0,92,2,877.4399999999999,,0,6,1,6,13
15654.0,16.0,,16.0,8,2,922.53,,0,10,1,6,17
15655.0,,,,242,1,560.67,,0,4,0,4,8
15656.0,79.0,63.0,87.0,44,4,748.5,1.3709509052356874,0,7,3,5,15
15657.0,,,,22,1,30.0,,0,8,0,1,9
15658.0,78.0,121.0,45.0,189,8,2117.27,0.37540352276326283,10,4,5,8,17
15659.0,304.0,,304.0,43,3,532.49,,0,7,2,4,13
15660.0,46.0,51.0,42.0,24,15,2603.69,0.832046849955174,8,8,7,8,23
15661.0,37.0,42.0,33.0,316,8,1215.9499999999998,0.7783531680470617,8,3,5,6,14
15662.0,77.0,,77.0,660,2,283.73,,0,1,1,2,4
15663.0,,,,105,1,138.14,,0,5,0,1,6
15664.0,199.0,67.0,265.0,50,4,1254.03,3.9161469374379143,0,7,3,7,17
15665.0,116.0,160.0,102.0,167,5,3987.0699999999997,0.6338847801260532,0,5,3,9,17
15666.0,23.0,,23.0,471,2,632.94,,0,2,1,5,8
15667.0,,,,39,1,301.32,,0,7,0,3,10
15668.0,,,,217,1,76.32000000000001,,0,4,0,1,5
15669.0,74.0,87.0,67.0,39,4,684.34,0.7783578113693652,0,7,3,5,15
15670.0,259.0,,259.0,296,2,325.20000000000005,,0,4,1,3,8
15671.0,42.0,14.0,56.0,18,7,2657.13,3.9880587420886076,0,9,4,8,21
15672.0,,,,724,1,45.300000000000004,,0,1,0,1,2
15673.0,70.0,46.0,85.0,87,9,6204.32,1.8299238216156166,3,6,5,10,21
15674.0,54.0,45.0,61.0,72,13,6948.23,1.3579278586059405,4,6,7,10,23
15675.0,107.0,124.0,99.0,80,4,542.04,0.8022954969283238,0,6,3,4,13
15676.0,132.0,,132.0,18,3,3435.76,,0,9,2,9,20
15677.0,207.0,,207.0,48,3,1305.63,,0,7,2,7,16
15678.0,234.0,,234.0,52,3,1825.94,,0,7,2,8,17
15679.0,52.0,28.0,65.0,23,4,781.28,2.3059541684101705,0,8,3,5,16
15680.0,80.0,38.0,114.0,8,10,4028.69,2.9362353832104593,1,10,6,9,25
15681.0,41.0,28.0,52.0,24,14,2989.7,1.83104275181416,3,8,7,9,24
15682.0,88.0,,88.0,598,2,318.24,,0,1,1,3,5
15683.0,356.0,,356.0,116,2,524.54,,0,5,1,4,10
15684.0,94.0,,94.0,546,3,173.95,,0,1,2,2,5
15685.0,,,,449,1,55.980000000000004,,0,2,0,1,3
15686.0,,,,419,1,90.0,,0,2,0,1,3
15687.0,40.0,20.0,51.0,8,9,2993.1,2.5246754122685733,2,10,5,9,24
15688.0,,,,418,1,190.57,,0,2,0,2,4
15689.0,248.0,,248.0,119,3,521.03,,0,5,2,4,11
15690.0,96.0,,96.0,3,2,239.76,,0,10,1,2,13
15691.0,160.0,143.0,168.0,251,4,571.3,1.1720228668546486,0,4,3,4,11
15692.0,,,,27,1,191.04,,0,8,0,2,10
15693.0,,,,658,1,37.5,,0,1,0,1,2
15694.0,31.0,33.0,30.0,0,24,9978.48,0.9123394185902474,7,10,7,10,27
15695.0,138.0,83.0,165.0,266,4,1131.04,1.9700512650901274,0,4,3,6,13
15696.0,54.0,71.0,41.0,32,13,3881.2200000000003,0.5850337759916985,9,8,7,9,24
15697.0,,,,689,1,246.75,,0,1,0,2,3
15698.0,,,,623,1,46.2,,0,1,0,1,2
15699.0,,,,17,1,309.65,,0,9,0,3,12
15700.0,1.0,,1.0,171,2,696.68,,0,5,1,5,11
15701.0,36.0,36.0,35.0,1,4,1529.0,0.9637731590331985,0,10,3,7,20
15702.0,205.0,,205.0,475,2,140.39000000000001,,0,2,1,1,4
15703.0,,,,264,1,211.5,,0,4,0,2,6
15704.0,88.0,183.0,25.0,139,6,3734.66,0.1359693413692066,0,5,4,9,18
15705.0,,,,200,1,143.1,,0,4,0,1,5
15706.0,17.0,40.0,5.0,63,4,1060.56,0.14528362716983692,0,6,3,6,15
15707.0,17.0,22.0,14.0,34,4,916.98,0.6559136400830868,0,7,3,6,16
15708.0,48.0,30.0,58.0,40,9,3887.15,1.9380892789011828,2,7,5,9,21
15709.0,305.0,,305.0,283,2,327.85,,0,4,1,3,8
15710.0,,,,416,1,898.87,,0,2,0,6,8
15711.0,128.0,,128.0,556,2,420.25,,0,1,1,4,6
15712.0,66.0,61.0,70.0,8,12,3472.4100000000003,1.1395525731104919,6,10,6,9,25
15713.0,193.0,104.0,238.0,142,4,839.6400000000001,2.288401588732018,0,5,3,5,13
15714.0,135.0,5.0,179.0,11,5,783.96,30.643769525843318,0,9,3,5,17
15715.0,15.0,23.0,13.0,555,5,658.02,0.5873354144154961,0,1,3,5,9
15716.0,58.0,48.0,65.0,145,11,2485.26,1.3408910344336178,4,5,6,8,19
15717.0,89.0,59.0,99.0,233,5,607.0,1.6855684229483294,0,4,3,4,11
15718.0,,,,539,1,293.79,,0,1,0,3,4
15719.0,23.0,21.0,25.0,32,31,10195.97,1.2192870831649887,5,8,8,10,26
15720.0,525.0,,525.0,23,2,739.22,,0,8,1,5,14
15721.0,,,,11,1,471.40000000000003,,0,9,0,4,13
15722.0,60.0,43.0,71.0,35,11,5234.0,1.6647795560338021,3,7,6,9,22
15723.0,69.0,124.0,42.0,364,4,930.7,0.3403301309849445,0,3,3,6,12
15724.0,99.0,,99.0,200,3,310.85,,0,4,2,3,9
15725.0,,,,14,1,415.25,,0,9,0,4,13
15726.0,,,,389,1,321.91,,0,3,0,3,6
15727.0,47.0,47.0,48.0,16,15,9371.710000000001,1.0255644482509119,6,9,7,10,26
15728.0,64.0,,64.0,379,2,544.6,,0,3,1,4,8
15729.0,95.0,,95.0,212,3,192.55,,0,4,2,2,8
15730.0,91.0,49.0,105.0,65,5,1726.58,2.113457591545241,0,6,3,7,16
15731.0,,,,553,1,125.3,,0,1,0,1,2
15732.0,51.0,11.0,82.0,211,10,1543.97,7.0483033696246284,1,4,6,7,17
15733.0,,,,282,1,162.3,,0,4,0,2,6
15734.0,144.0,110.0,160.0,114,4,2263.3,1.4517927039298575,0,5,3,8,16
15735.0,,,,420,1,327.68,,0,2,0,3,5
15736.0,0.0,,0.0,434,2,1767.12,,0,2,1,7,10
15737.0,32.0,18.0,42.0,14,8,1188.1200000000001,2.289915084791785,2,9,5,6,20
15738.0,17.0,13.0,21.0,18,41,13043.32,1.5131832165674814,4,9,8,10,27
15739.0,,,,65,1,449.12,,0,6,0,4,10
15740.0,,,,48,1,154.88,,0,7,0,1,8
15741.0,160.0,,160.0,457,2,208.62,,0,2,1,2,5
15742.0,,,,618,1,156.87,,0,1,0,1,2
15743.0,56.0,71.0,48.0,15,4,775.96,0.683452323980115,0,9,3,5,17
15744.0,,,,77,1,34.8,,0,6,0,1,7
15745.0,72.0,162.0,27.0,18,4,1094.5900000000001,0.1661856241473397,0,9,3,6,18
15746.0,,,,133,1,196.88,,0,5,0,2,7
15747.0,84.0,65.0,96.0,12,9,2499.81,1.4859510194198955,4,9,5,8,22
15748.0,204.0,,204.0,39,3,609.8100000000001,,0,7,2,4,13
15749.0,48.0,,48.0,234,3,44534.3,,0,4,2,10,16
15750.0,43.0,43.0,42.0,2,18,6452.991,0.97497394883342,7,10,7,10,27
15751.0,27.0,13.0,36.0,460,11,1380.44,2.5844653690126167,2,2,6,7,15
15752.0,52.0,60.0,47.0,39,9,3924.91,0.7923493012048193,8,7,5,9,21
15753.0,,,,304,1,79.2,,0,4,0,1,5
15754.0,75.0,12.0,113.0,50,9,3037.61,8.968549584731313,1,7,5,9,21
15755.0,45.0,36.0,52.0,9,17,5993.12,1.4332817069199097,4,9,7,10,26
15756.0,62.0,36.0,75.0,60,4,528.01,2.1098148862321637,0,6,3,4,13
15757.0,96.0,49.0,127.0,65,6,2940.36,2.5764602522583147,0,6,4,9,19
15758.0,,,,24,1,205.25,,0,8,0,2,10
15759.0,86.0,98.0,80.0,217,7,830.9300000000001,0.8177453637937051,0,4,4,5,13
15760.0,0.0,,0.0,630,2,13916.34,,0,1,1,10,12
15761.0,,,,442,1,143.05,,0,2,0,1,3
15762.0,12.0,,12.0,64,2,583.75,,0,6,1,4,11
15763.0,45.0,,45.0,31,2,1086.92,,0,8,1,6,15
15764.0,55.0,97.0,24.0,87,8,4503.08,0.2454830235393062,10,6,5,9,20
15765.0,,,,666,1,370.63,,0,1,0,3,4
15766.0,309.0,,309.0,63,3,831.06,,0,6,2,5,13
15768.0,18.0,7.0,29.0,115,34,15308.89,3.6919720855484415,1,5,8,10,23
15769.0,16.0,17.0,14.0,6,46,88612.52,0.8022723939700478,8,10,8,10,28
15770.0,,,,612,1,321.45,,0,1,0,3,4
15771.0,44.0,,44.0,603,3,1006.54,,0,1,2,6,9
15772.0,,,,417,1,280.88,,0,2,0,2,4
15773.0,403.0,,403.0,5,2,774.5200000000001,,0,10,1,5,16
15774.0,117.0,41.0,167.0,68,6,1288.34,4.001328724149148,0,6,4,7,17
15775.0,386.0,,386.0,244,2,150.5,,0,4,1,1,6
15776.0,,,,132,1,241.62,,0,5,0,2,7
15777.0,54.0,86.0,38.0,240,7,1762.61,0.45039932236205227,0,4,4,7,15
15778.0,,,,430,1,307.95,,0,2,0,3,5
15779.0,69.0,,69.0,462,2,124.08,,0,2,1,1,4
15780.0,87.0,,87.0,183,3,475.28000000000003,,0,5,2,4,11
15781.0,140.0,,140.0,24,3,345.46000000000004,,0,8,2,3,13
15782.0,140.0,340.0,39.0,9,4,4014.1,0.117095684833573,0,9,3,9,21
15783.0,,,,10,1,246.3,,0,9,0,2,11
15784.0,204.0,,204.0,467,2,848.3299999999999,,0,2,1,5,8
15785.0,46.0,42.0,49.0,32,16,5969.93,1.1498650340667025,5,8,7,10,25
15786.0,122.0,118.0,123.0,45,5,8501.62,1.040660756763491,0,7,3,10,20
15787.0,17.0,,17.0,25,3,933.26,,0,8,2,6,16
15788.0,,,,508,1,221.82999999999998,,0,2,0,2,4
15789.0,53.0,40.0,61.0,357,6,1962.01,1.5152689315034047,0,3,4,8,15
15790.0,,,,9,1,218.75,,0,9,0,2,11
15791.0,149.0,51.0,182.0,43,5,3608.34,3.5695736117909393,0,7,3,9,19
15792.0,218.0,,218.0,399,2,933.84,,0,3,1,6,10
15793.0,103.0,93.0,110.0,14,8,2399.57,1.182041504276715,5,9,5,8,22
15794.0,0.0,,0.0,735,2,777.0,,0,1,1,5,7
15795.0,77.0,15.0,123.0,149,8,1979.87,8.050710993281717,1,5,5,8,18
15796.0,38.0,34.0,42.0,0,17,5171.63,1.2290232648747248,5,10,7,9,26
15797.0,113.0,181.0,68.0,112,6,2821.08,0.37935952387801614,0,5,4,8,17
15798.0,94.0,,94.0,492,3,1535.37,,0,2,2,7,11
15799.0,114.0,84.0,129.0,75,4,1421.34,1.5404604692290529,0,6,3,7,16
15800.0,85.0,0.0,127.0,106,7,1227.07,61325.0,0,5,4,7,16
15801.0,31.0,,31.0,45,3,1063.95,,0,7,2,6,15
15802.0,,,,142,1,451.42,,0,5,0,4,9
15803.0,208.0,212.0,206.0,50,4,1929.6599999999999,0.9692215259932148,0,7,3,8,18
15804.0,16.0,22.0,12.0,0,13,4206.39,0.5477547228244039,9,10,7,9,26
15805.0,24.0,31.0,17.0,22,30,10148.93,0.5612755226313152,9,8,8,10,26
15806.0,115.0,,115.0,45,3,784.58,,0,7,2,5,14
15807.0,153.0,257.0,119.0,49,5,1817.52,0.4627758689400386,0,7,3,7,17
15808.0,21.0,19.0,23.0,305,21,17180.25,1.2132543307580805,5,4,7,10,21
15809.0,83.0,116.0,66.0,35,7,1274.44,0.5716168703945034,0,7,4,7,18
15810.0,84.0,95.0,76.0,78,8,2999.04,0.8056432976605156,8,6,5,9,20
15811.0,60.0,15.0,83.0,21,7,3486.15,5.421221178479931,0,8,4,9,21
15812.0,56.0,50.0,60.0,106,12,5201.47,1.1984551877300433,5,5,6,9,20
15813.0,31.0,,31.0,207,2,1303.9099999999999,,0,4,1,7,12
15814.0,117.0,276.0,11.0,16,6,2634.44,0.040966021895502434,0,9,4,8,21
15815.0,49.0,14.0,60.0,63,5,2100.6,4.291859056226873,0,6,3,8,17
15816.0,0.0,,0.0,541,2,144.14999999999998,,0,1,1,1,3
15817.0,61.0,,61.0,420,3,2766.3999999999996,,0,2,2,8,12
15818.0,,,,587,1,340.5,,0,1,0,3,4
15819.0,58.0,10.0,89.0,48,11,4231.21,8.3516970577161,1,7,6,9,22
15820.0,,,,319,1,206.98,,0,3,0,2,5
15821.0,17.0,,17.0,43,2,570.96,,0,7,1,4,12
15822.0,145.0,90.0,182.0,2,6,1840.06,2.0081069321139857,0,10,4,8,22
15823.0,179.0,,179.0,371,3,3882.17,,0,3,2,9,14
15824.0,78.0,,78.0,452,2,890.94,,0,2,1,6,9
15825.0,,,,171,1,532.94,,0,5,0,4,9
15826.0,170.0,357.0,77.0,55,4,2598.28,0.21555235041075893,0,7,3,8,18
15827.0,23.0,21.0,24.0,72,28,3603.1400000000003,1.1583596050778107,5,6,8,9,23
15828.0,,,,374,1,1108.82,,0,3,0,6,9
15829.0,41.0,,41.0,98,2,636.14,,0,5,1,5,11
15830.0,,,,37,1,576.0,,0,7,0,4,11
15831.0,132.0,,132.0,57,3,794.64,,0,7,2,5,14
15832.0,,,,253,1,836.79,,0,4,0,5,9
15833.0,,,,737,1,80.4,,0,1,0,1,2
15834.0,59.0,23.0,76.0,69,7,3764.39,3.1941739130434783,0,6,4,9,19
15835.0,95.0,70.0,108.0,43,4,954.09,1.5402756326482119,0,7,3,6,16
15836.0,,,,49,1,137.37,,0,7,0,1,8
15837.0,420.0,,420.0,64,2,777.01,,0,6,1,5,12
15838.0,21.0,25.0,17.0,10,34,73205.5,0.6804390376239905,9,9,8,10,27
15839.0,57.0,,57.0,32,3,1048.49,,0,8,2,6,16
15840.0,113.0,,113.0,58,2,355.56,,0,7,1,3,11
15841.0,82.0,93.0,75.0,72,9,2742.4100000000003,0.80315087890987,8,6,5,8,19
15842.0,134.0,,134.0,392,2,548.8,,0,3,1,4,8
15843.0,,,,303,1,118.95000000000002,,0,4,0,1,5
15844.0,,,,45,1,130.73999999999998,,0,7,0,1,8
15845.0,66.0,98.0,44.0,17,11,4426.28,0.45582573365813334,10,9,6,9,24
15846.0,,,,384,1,107.01,,0,3,0,1,4
15847.0,150.0,198.0,134.0,37,5,822.57,0.6809691449922644,0,7,3,5,15
15848.0,,,,621,1,137.99,,0,1,0,1,2
15850.0,141.0,168.0,123.0,18,6,1006.75,0.7279810472114292,0,9,4,6,19
15851.0,,,,526,1,109.73,,0,2,0,1,3
15852.0,170.0,,170.0,186,3,257.26,,0,5,2,2,9
15853.0,,,,51,1,110.8,,0,7,0,1,8
15854.0,36.0,40.0,32.0,3,21,5578.28,0.7939296836839662,8,10,7,10,27
15855.0,67.0,117.0,34.0,136,6,1052.72,0.29341191617307066,0,5,4,6,15
15856.0,14.0,14.0,13.0,3,52,32275.95,0.9360570047378194,7,10,9,10,29
15857.0,411.0,,411.0,18,2,570.48,,0,9,1,4,14
15858.0,59.0,39.0,73.0,15,13,3552.41,1.8865675220781528,3,9,7,9,25
15859.0,,,,431,1,438.46,,0,2,0,4,6
15860.0,43.0,50.0,38.0,40,17,2361.3,0.7620959279305437,8,7,7,8,22
15861.0,55.0,82.0,36.0,11,13,4583.04,0.4406853795510884,10,9,7,9,25
15862.0,59.0,29.0,81.0,7,13,2512.29,2.798268650842651,1,10,7,8,25
15863.0,174.0,36.0,220.0,25,5,355.1,6.092323744414999,0,8,3,3,14
15864.0,59.0,102.0,38.0,21,7,2180.76,0.3796499576232245,0,8,4,8,20
15865.0,165.0,290.0,124.0,40,5,2241.42,0.4285188714329265,0,7,3,8,18
15866.0,,,,100,1,211.89,,0,5,0,2,7
15867.0,23.0,22.0,24.0,4,31,8923.3,1.087492130422288,6,10,8,10,28
15868.0,,,,582,1,94.53,,0,1,0,1,2
15869.0,174.0,,174.0,276,3,321.11,,0,4,2,3,9
15870.0,137.0,0.0,206.0,32,4,857.46,59583.1,0,8,3,5,16
15871.0,,,,436,1,33.099999999999994,,0,2,0,1,3
15872.0,178.0,171.0,181.0,14,4,729.25,1.0588375513106436,0,9,3,5,17
15873.0,0.0,0.0,0.0,499,4,313.92,741.0,0,2,3,3,8
15874.0,31.0,24.0,38.0,63,21,11284.76,1.5866099556810933,3,6,7,10,23
15875.0,,,,645,1,108.52,,0,1,0,1,2
15876.0,39.0,,39.0,408,2,1449.1399999999999,,0,3,1,7,11
15877.0,16.0,,16.0,1,2,490.33000000000004,,0,10,1,4,15
15878.0,171.0,,171.0,561,2,330.77,,0,1,1,3,5
15879.0,105.0,152.0,82.0,403,4,1137.8,0.5393219646222667,0,3,3,6,12
15880.0,,,,368,1,329.03000000000003,,0,3,0,3,6
15881.0,13.0,2.0,16.0,311,5,501.39000000000004,5.706483268983269,0,3,3,4,10
15882.0,75.0,113.0,47.0,198,8,1124.66,0.4142578053604864,10,4,5,6,15
15883.0,31.0,,31.0,1,2,396.48,,0,10,1,3,14
15884.0,303.0,,303.0,431,2,244.60000000000002,,0,2,1,2,5
15885.0,42.0,27.0,53.0,92,15,1951.8200000000002,1.9551787293166603,2,6,7,8,21
15886.0,179.0,181.0,178.0,59,4,1052.87,0.9789991370554499,0,6,3,6,15
15887.0,74.0,,74.0,406,3,1027.15,,0,3,2,6,11
15888.0,223.0,,223.0,80,3,429.15999999999997,,0,6,2,4,12
15889.0,81.0,41.0,112.0,156,8,1427.6,2.7127320242418818,2,5,5,7,17
15890.0,52.0,7.0,67.0,394,5,535.65,9.37609881296118,0,3,3,4,10
15891.0,,,,226,1,511.68,,0,4,0,4,8
15892.0,,,,668,1,128.2,,0,1,0,1,2
15893.0,,,,481,1,305.28000000000003,,0,2,0,3,5
15894.0,115.0,,115.0,252,2,258.25,,0,4,1,2,7
15895.0,,,,149,1,179.17,,0,5,0,2,7
15897.0,0.0,,0.0,193,2,208.59,,0,4,1,2,7
15898.0,30.0,14.0,43.0,0,25,4996.45,2.979617859790797,1,10,8,9,27
15899.0,,,,368,1,56.25,,0,3,0,1,4
15900.0,179.0,144.0,197.0,23,4,886.5699999999999,1.358789721976101,0,8,3,6,17
15901.0,87.0,46.0,108.0,16,7,687.72,2.3628921516848,0,9,4,5,18
15902.0,,,,379,1,145.01,,0,3,0,1,4
15903.0,62.0,79.0,47.0,9,12,8939.84,0.5966161342874923,9,9,6,10,25
15904.0,,,,7,1,164.68,,0,10,0,2,12
15905.0,,,,542,1,114.69,,0,1,0,1,2
15906.0,47.0,48.0,47.0,19,10,2530.19,0.9677529149977748,7,8,6,8,22
15907.0,103.0,,103.0,3,3,882.72,,0,10,2,6,18
15908.0,21.0,,21.0,490,2,758.62,,0,2,1,5,8
15909.0,,,,173,1,191.94,,0,5,0,2,7
15910.0,49.0,47.0,49.0,0,15,2661.17,1.0450700084924764,6,10,7,8,25
15911.0,15.0,16.0,14.0,623,8,1700.24,0.8878332387975043,7,1,5,7,13
15912.0,68.0,13.0,102.0,177,9,1074.7,7.454653110250208,1,5,5,6,16
15913.0,,,,533,1,6.300000000000001,,0,2,0,1,3
15914.0,0.0,,0.0,377,2,205.98999999999998,,0,3,1,2,6
15915.0,,,,401,1,364.45,,0,3,0,3,6
15916.0,59.0,72.0,50.0,15,13,3145.24,0.6890142445406225,9,9,7,9,25
15917.0,122.0,0.0,163.0,247,5,530.17,4797.931972789115,0,4,3,4,11
15918.0,220.0,,220.0,190,3,582.88,,0,4,2,4,10
15919.0,349.0,,349.0,19,2,525.69,,0,8,1,4,13
15920.0,71.0,63.0,76.0,153,9,569.14,1.194431554524362,5,5,5,4,14
15921.0,156.0,223.0,122.0,172,4,775.26,0.5493273542600897,0,5,3,5,13
15922.0,,,,372,1,369.5,,0,3,0,3,6
15923.0,,,,372,1,127.08,,0,3,0,1,4
15924.0,,,,730,1,102.82,,0,1,0,1,2
15925.0,,,,193,1,207.15,,0,4,0,2,6
15926.0,,,,541,1,134.44,,0,1,0,1,2
15927.0,,,,646,1,106.54,,0,1,0,1,2
15928.0,,,,655,1,293.53,,0,1,0,3,4
15929.0,,,,643,1,594.0,,0,1,0,4,5
15930.0,,,,66,1,426.63,,0,6,0,4,10
15931.0,,,,427,1,239.9,,0,2,0,2,4
15932.0,40.0,24.0,52.0,3,8,2495.87,2.1044554042403285,2,10,5,8,23
15933.0,32.0,,32.0,20,3,1107.46,,0,8,2,6,16
15934.0,11.0,,11.0,417,2,2190.66,,0,2,1,8,11
15935.0,2.0,,2.0,238,2,416.86,,0,4,1,4,9
15936.0,88.0,,88.0,378,2,282.79,,0,3,1,2,6
15937.0,,,,63,1,145.35,,0,6,0,1,7
15938.0,55.0,33.0,68.0,111,9,734.81,2.0565987053895944,2,5,5,5,15
15939.0,18.0,18.0,19.0,89,16,9060.39,1.0731193880048142,6,6,7,10,23
15940.0,,,,310,1,35.8,,0,4,0,1,5
15941.0,,,,636,1,405.0,,0,1,0,3,4
15942.0,,,,133,1,337.44,,0,5,0,3,8
15943.0,28.0,,28.0,649,2,271.28999999999996,,0,1,1,2,4
15944.0,149.0,241.0,104.0,276,4,2164.24,0.4331282299462468,0,4,3,8,15
15945.0,124.0,45.0,163.0,364,4,646.27,3.629596026388227,0,3,3,5,11
15946.0,65.0,,65.0,502,3,2304.18,,0,2,2,8,12
15947.0,,,,82,1,1708.24,,0,6,0,7,13
15948.0,208.0,,208.0,7,3,1509.0900000000001,,0,10,2,7,19
15949.0,54.0,,54.0,16,2,364.72,,0,9,1,3,13
15950.0,72.0,70.0,74.0,31,10,7120.91,1.05951157099181,6,8,6,10,24
15951.0,186.0,,186.0,8,3,1013.17,,0,10,2,6,18
15952.0,63.0,66.0,62.0,33,4,781.91,0.953454006184396,0,7,3,5,15
15953.0,42.0,42.0,42.0,14,18,3440.3399999999997,0.985384932488826,7,9,7,9,25
15954.0,,,,588,1,190.75,,0,1,0,2,3
15955.0,29.0,45.0,16.0,23,22,8085.9800000000005,0.36151499602659143,10,8,7,10,25
15956.0,175.0,,175.0,550,2,617.5999999999999,,0,1,1,5,7
15957.0,194.0,,194.0,31,3,921.25,,0,8,2,6,16
15958.0,158.0,132.0,171.0,73,4,462.12,1.2902050791959767,0,6,3,4,13
15959.0,0.0,,0.0,681,3,542.8900000000001,,0,1,2,4,7
15960.0,20.0,40.0,10.0,373,4,410.95000000000005,0.24447871997830473,0,3,3,4,10
15961.0,,,,378,1,451.28999999999996,,0,3,0,4,7
15962.0,,,,448,1,289.48,,0,2,0,3,5
15963.0,25.0,,25.0,19,2,470.76,,0,8,1,4,13
15964.0,,,,662,1,269.21000000000004,,0,1,0,2,3
15965.0,59.0,44.0,71.0,16,13,2771.94,1.620560809186806,3,9,7,8,24
15966.0,,,,450,1,426.53000000000003,,0,2,0,4,6
15967.0,65.0,45.0,80.0,22,12,2966.0,1.7581731717825748,3,8,6,9,23
15968.0,,,,387,1,404.55,,0,3,0,3,6
15969.0,129.0,96.0,140.0,2,5,1127.05,1.454195347549023,0,10,3,6,19
15970.0,295.0,,295.0,303,2,1017.32,,0,4,1,6,11
15971.0,42.0,57.0,28.0,17,18,5902.83,0.48777407120140764,10,9,7,10,26
15972.0,35.0,26.0,39.0,455,5,1769.33,1.507935662074907,0,2,3,7,12
15973.0,31.0,,31.0,366,3,680.6200000000001,,0,3,2,5,10
15974.0,41.0,38.0,43.0,38,7,3442.15,1.116833423472147,0,7,4,9,20
15975.0,,,,83,1,371.01,,0,6,0,3,9
15976.0,77.0,41.0,100.0,164,6,1694.41,2.400292470270121,0,5,4,7,16
15977.0,21.0,,21.0,16,2,1054.73,,0,9,1,6,16
15978.0,283.0,,283.0,76,3,3279.42,,0,6,2,9,17
15979.0,,,,602,1,329.22,,0,1,0,3,4
15980.0,77.0,32.0,100.0,88,7,6543.679999999999,3.048623476236132,0,6,4,10,20
15981.0,29.0,17.0,40.0,24,21,9362.77,2.326449741993365,2,8,7,10,25
15982.0,,,,604,1,324.51,,0,1,0,3,4
15983.0,101.0,113.0,92.0,21,8,3110.37,0.8142774225082481,8,8,5,9,22
15984.0,25.0,18.0,32.0,2,30,8393.02,1.7704979994552623,3,10,8,10,28
15985.0,73.0,37.0,90.0,122,7,2715.28,2.388835965265819,0,5,4,8,17
15986.0,351.0,,351.0,29,2,354.42,,0,8,1,3,12
15987.0,52.0,59.0,46.0,11,8,1535.99,0.7809584671938713,8,9,5,7,21
15988.0,318.0,,318.0,18,3,738.89,,0,9,2,5,16
15989.0,361.0,,361.0,375,2,368.31,,0,3,1,3,7
15990.0,100.0,24.0,139.0,43,7,1997.75,5.666204358901783,0,7,4,8,19
15991.0,,,,533,1,150.55,,0,2,0,1,3
15992.0,224.0,,224.0,3,3,896.6,,0,10,2,6,18
15993.0,5.0,5.0,6.0,8,7,2777.67,1.126579080343608,0,10,4,8,22
15994.0,290.0,,290.0,54,3,1175.68,,0,7,2,6,15
15995.0,,,,413,1,694.54,,0,2,0,5,7
15996.0,51.0,56.0,49.0,87,7,1386.4,0.8792702585405171,0,6,4,7,17
15998.0,46.0,34.0,57.0,36,16,8274.14,1.6811763660482992,3,7,7,10,24
15999.0,,,,735,1,20.4,,0,1,0,1,2
16000.0,0.0,,0.0,2,3,12393.7,,0,10,2,10,22
16001.0,,,,380,1,583.39,,0,3,0,4,7
16002.0,,,,624,1,169.21,,0,1,0,2,3
16003.0,78.0,88.0,70.0,29,10,5613.83,0.7928430963939584,8,8,6,10,24
16004.0,52.0,51.0,52.0,474,5,2146.39,1.0315226415864762,0,2,3,8,13
16005.0,48.0,16.0,74.0,11,10,2365.49,4.35852706045922,1,9,6,8,23
16006.0,176.0,,176.0,210,2,332.82,,0,4,1,3,8
16007.0,82.0,79.0,83.0,47,7,3053.06,1.0500410243497966,0,7,4,9,20
16008.0,43.0,31.0,51.0,23,15,5339.13,1.6322171467195778,3,8,7,9,24
16009.0,45.0,116.0,10.0,21,4,972.11,0.09129183224014938,0,8,3,6,17
16010.0,16.0,6.0,23.0,245,11,1694.8600000000001,3.574305740395706,1,4,6,7,17
16011.0,26.0,28.0,23.0,7,29,5601.01,0.8336220407799787,8,10,8,10,28
16012.0,123.0,128.0,121.0,34,5,2978.59,0.9524238086976636,0,7,3,9,19
16013.0,8.0,9.0,8.0,3,84,56078.44,0.9241683147176963,7,10,9,10,29
16014.0,159.0,269.0,123.0,37,5,1100.28,0.4592825387487389,0,7,3,6,16
16015.0,22.0,,22.0,3,3,704.55,,0,10,2,5,17
16016.0,39.0,43.0,37.0,2,11,2083.4,0.8450010983128073,8,10,6,8,24
16017.0,164.0,12.0,214.0,46,5,1545.58,17.87826036666474,0,7,3,7,17
16018.0,231.0,336.0,178.0,38,4,698.13,0.5310555669206243,0,7,3,5,15
16019.0,25.0,22.0,27.0,46,28,17638.45,1.2088110149880478,5,7,8,10,25
16020.0,24.0,,24.0,16,3,851.01,,0,9,2,5,16
16021.0,149.0,,149.0,394,2,487.03,,0,3,1,4,8
16022.0,,,,259,1,602.63,,0,4,0,4,8
16023.0,110.0,,110.0,45,3,719.8100000000001,,0,7,2,5,14
16024.0,199.0,,199.0,11,3,483.99,,0,9,2,4,15
16025.0,,,,29,1,439.65999999999997,,0,8,0,4,12
16026.0,,,,42,1,236.09,,0,7,0,2,9
16027.0,43.0,19.0,61.0,91,15,2048.36,3.0909682958740246,1,6,7,8,21
16028.0,,,,595,1,82.2,,0,1,0,1,2
16029.0,6.0,7.0,5.0,38,107,117763.62,0.6727471324051549,9,7,10,10,27
16030.0,,,,309,1,331.24,,0,4,0,3,7
16031.0,154.0,,154.0,91,2,547.9,,0,6,1,4,11
16032.0,13.0,10.0,15.0,455,6,1965.72,1.4719763033699171,0,2,4,8,14
16033.0,18.0,17.0,19.0,5,27,10608.81,1.1313590417797594,6,10,8,10,28
16034.0,42.0,7.0,66.0,195,6,911.3199999999999,8.844830792116028,0,4,4,6,14
16035.0,,,,559,1,217.73,,0,1,0,2,3
16036.0,177.0,196.0,168.0,86,4,2556.84,0.8596033458394889,0,6,3,8,17
16037.0,94.0,103.0,91.0,269,5,1509.3400000000001,0.8814481310523421,0,4,3,7,14
16038.0,97.0,,97.0,7,3,471.78,,0,10,2,4,16
16039.0,204.0,,204.0,423,2,456.40000000000003,,0,2,1,4,7
16040.0,90.0,77.0,97.0,64,7,2416.9,1.2650788859555067,0,6,4,8,18
16041.0,55.0,,55.0,30,3,3166.4,,0,8,2,9,19
16042.0,61.0,40.0,77.0,21,8,2245.32,1.9216908073999712,2,8,5,8,21
16043.0,63.0,34.0,85.0,37,8,1856.5900000000001,2.5094981445485067,2,7,5,8,20
16044.0,,,,434,1,340.84000000000003,,0,2,0,3,5
16045.0,54.0,27.0,74.0,119,8,3434.9300000000003,2.72072702297067,2,5,5,9,19
16046.0,,,,561,1,235.78,,0,1,0,2,3
16047.0,,,,681,1,107.14,,0,1,0,1,2
16048.0,58.0,149.0,13.0,372,4,818.7900000000001,0.0872252142946453,0,3,3,5,11
16049.0,95.0,70.0,111.0,39,6,1852.15,1.5833362057221267,0,7,4,8,19
16050.0,113.0,,113.0,173,3,300.70000000000005,,0,5,2,3,10
16051.0,,,,681,1,188.44,,0,1,0,2,3
16052.0,,,,53,1,362.06,,0,7,0,3,10
16053.0,115.0,98.0,126.0,32,6,3634.84,1.2891567680612832,0,8,4,9,21
16054.0,157.0,104.0,183.0,144,4,2111.88,1.7539398684830427,0,5,3,8,16
16055.0,,,,220,1,134.8,,0,4,0,1,5
16056.0,,,,44,1,650.75,,0,7,0,5,12
16057.0,76.0,122.0,39.0,15,10,3854.85,0.31863489822131863,10,9,6,9,24
16058.0,,,,405,1,62.7,,0,3,0,1,4
16059.0,45.0,36.0,53.0,65,12,3053.57,1.4737083756222513,4,6,6,9,21
16060.0,46.0,,46.0,400,3,541.95,,0,3,2,4,9
16061.0,,,,430,1,89.65,,0,2,0,1,3
16062.0,75.0,52.0,92.0,9,8,2863.45,1.7635470863109173,3,9,5,8,22
16063.0,0.0,,0.0,259,2,670.64,,0,4,1,5,10
16064.0,,,,724,1,109.31,,0,1,0,1,2
16065.0,13.0,16.0,12.0,364,8,1992.13,0.7498936969370544,8,3,5,8,16
16066.0,26.0,62.0,15.0,16,5,1521.04,0.23851958186101296,0,9,3,7,19
16067.0,56.0,,56.0,562,3,3269.11,,0,1,2,9,12
16068.0,,,,593,1,115.73,,0,1,0,1,2
16069.0,,,,417,1,457.7,,0,2,0,4,6
16070.0,9.0,,9.0,21,2,852.1500000000001,,0,8,1,5,14
16071.0,203.0,28.0,291.0,44,4,1076.8000000000002,10.097903614457831,0,7,3,6,16
16072.0,86.0,120.0,69.0,287,4,4180.09,0.57858307591608,0,4,3,9,16
16073.0,,,,296,1,122.39999999999999,,0,4,0,1,5
16074.0,,,,389,1,252.5,,0,3,0,2,5
16075.0,61.0,,61.0,502,2,736.9300000000001,,0,2,1,5,8
16076.0,22.0,28.0,17.0,2,10,2234.73,0.6147305898343243,9,10,6,8,24
16077.0,,,,625,1,2300.4,,0,1,0,8,9
16078.0,385.0,,385.0,283,2,362.99,,0,4,1,3,8
16079.0,11.0,,11.0,16,3,1352.0,,0,9,2,7,18
16080.0,122.0,64.0,152.0,81,4,602.5600000000001,2.3482877336736774,0,6,3,4,13
16081.0,88.0,102.0,77.0,55,8,4278.96,0.7552093904336649,8,7,5,9,21
16082.0,,,,669,1,106.75,,0,1,0,1,2
16083.0,71.0,0.0,95.0,100,5,3061.52,138217.66666666666,0,5,3,9,17
16084.0,,,,298,1,436.18,,0,4,0,4,8
16085.0,60.0,45.0,72.0,22,12,2341.03,1.5983749351162524,3,8,6,8,22
16086.0,75.0,89.0,64.0,58,10,2687.73,0.7155753307965312,9,7,6,8,21
16087.0,75.0,12.0,95.0,388,5,1739.92,7.374614383280729,0,3,3,7,13
16088.0,15.0,,15.0,575,2,1437.4299999999998,,0,1,1,7,9
16089.0,122.0,,122.0,385,2,263.49,,0,3,1,2,6
16090.0,,,,623,1,180.56,,0,1,0,2,3
16091.0,43.0,,43.0,154,2,315.06,,0,5,1,3,9
16092.0,92.0,37.0,129.0,114,6,1587.94,3.4754053719519744,0,5,4,7,16
16093.0,,,,106,1,17.0,,0,5,0,1,6
16094.0,59.0,33.0,76.0,11,11,3695.56,2.314264746321411,2,9,6,9,24
16095.0,,,,455,1,447.05,,0,2,0,4,6
16096.0,126.0,56.0,162.0,263,4,1584.97,2.849458360303367,0,4,3,7,14
16097.0,,,,239,1,185.04999999999998,,0,4,0,2,6
16098.0,45.0,51.0,40.0,87,15,4168.6,0.7957802887661605,8,6,7,9,22
16099.0,99.0,73.0,112.0,49,7,1573.2,1.526881517303914,0,7,4,7,18
16100.0,,,,462,1,582.64,,0,2,0,4,6
16101.0,163.0,80.0,205.0,70,4,3229.16,2.5652166371804213,0,6,3,9,18
16102.0,43.0,,43.0,41,3,1842.14,,0,7,2,8,17
16103.0,33.0,20.0,43.0,6,22,6191.71,2.0924750630880977,2,10,7,10,27
16104.0,83.0,18.0,123.0,61,9,2774.46,6.602813651419852,1,6,5,8,19
16105.0,88.0,69.0,95.0,248,5,2386.19,1.3849233492938477,0,4,3,8,15
16106.0,,,,65,1,108.38,,0,6,0,1,7
16107.0,27.0,39.0,21.0,17,7,3204.1600000000003,0.5372093832357725,0,9,4,9,22
16108.0,182.0,49.0,248.0,84,4,2235.92,5.070571675131212,0,6,3,8,17
16109.0,239.0,,239.0,218,3,939.48,,0,4,2,6,12
16110.0,159.0,211.0,133.0,44,4,1781.59,0.630269466299437,0,7,3,7,17
16111.0,,,,427,1,549.33,,0,2,0,4,6
16112.0,65.0,5.0,94.0,142,4,195.74,18.275795241913926,0,5,3,2,10
16113.0,,,,182,1,161.38,,0,5,0,1,6
16114.0,,,,170,1,135.75000000000003,,0,5,0,1,6
16115.0,51.0,62.0,42.0,9,12,2553.8,0.6850287072517257,9,9,6,8,23
16116.0,,,,211,1,612.78,,0,4,0,5,9
16117.0,200.0,,200.0,189,3,654.4,,0,4,2,5,11
16118.0,,,,652,1,4376.25,,0,1,0,9,10
16119.0,102.0,67.0,127.0,7,8,1720.8100000000002,1.8798994820875854,3,10,5,7,22
16120.0,72.0,181.0,0.0,58,6,2967.51,1.530622982686741e-05,0,7,4,9,20
16121.0,127.0,175.0,111.0,56,5,1450.04,0.6343538629612289,0,7,3,7,17
16122.0,70.0,29.0,97.0,72,6,895.6200000000001,3.3213587458940617,0,6,4,6,16
16123.0,,,,51,1,307.78,,0,7,0,3,10
16124.0,138.0,149.0,133.0,316,4,1772.49,0.89307484388107,0,3,3,7,13
16125.0,27.0,20.0,33.0,366,14,4292.35,1.6396666916894094,3,3,7,9,19
16126.0,50.0,36.0,61.0,28,15,14644.6,1.7081236017897092,3,8,7,10,25
16127.0,687.0,,687.0,38,2,801.31,,0,7,1,5,13
16128.0,49.0,27.0,63.0,17,11,3801.05,2.296424091645935,2,9,6,9,24
16129.0,50.0,,50.0,406,3,1396.05,,0,3,2,7,12
16130.0,65.0,38.0,78.0,421,4,987.48,2.0025482020029224,0,2,3,6,11
16131.0,62.0,72.0,53.0,51,12,9957.42,0.7454441378331681,8,7,6,10,23
16132.0,83.0,,83.0,543,2,664.2,,0,1,1,5,7
16133.0,11.0,14.0,8.0,3,56,22992.260000000002,0.5724335267918943,9,10,9,10,29
16134.0,129.0,83.0,145.0,21,5,2145.34,1.7449653791607576,0,8,3,8,19
16135.0,321.0,,321.0,262,2,819.4499999999999,,0,4,1,5,10
16136.0,201.0,385.0,108.0,59,4,946.8,0.28243557695941607,0,6,3,6,15
16137.0,,,,679,1,422.7,,0,1,0,4,5
16138.0,106.0,,106.0,378,3,910.3500000000001,,0,3,2,6,11
16139.0,179.0,13.0,234.0,18,5,1111.15,16.882243208581087,0,9,3,6,18
16140.0,188.0,,188.0,65,3,1433.46,,0,6,2,7,15
16141.0,328.0,,328.0,87,2,955.94,,0,6,1,6,13
16142.0,,,,249,1,535.34,,0,4,0,4,8
16143.0,66.0,63.0,67.0,2,12,4555.08,1.062794153805314,6,10,6,9,25
16144.0,,,,246,1,175.2,,0,4,0,2,6
16145.0,31.0,28.0,35.0,8,19,6805.4400000000005,1.2492175771766059,5,10,7,10,27
16146.0,97.0,216.0,37.0,156,4,946.38,0.173351128585149,0,5,3,6,14
16147.0,134.0,101.0,145.0,133,5,2398.91,1.4292304337753308,0,5,3,8,16
16148.0,140.0,,140.0,295,2,386.62,,0,4,1,3,8
16149.0,212.0,,212.0,4,3,422.22,,0,10,2,4,16
16150.0,67.0,66.0,69.0,42,11,4446.389999999999,1.0445687198324118,6,7,6,9,22
16152.0,,,,268,1,1829.04,,0,4,0,8,12
16153.0,51.0,22.0,70.0,49,11,5133.49,3.129891491516189,1,7,6,9,22
16155.0,39.0,37.0,40.0,381,5,796.9,1.086821937641978,0,3,3,5,11
16156.0,38.0,34.0,42.0,8,20,6188.18,1.2246244131986173,5,10,7,10,27
16157.0,28.0,,28.0,15,3,656.69,,0,9,2,5,16
16158.0,26.0,24.0,27.0,521,9,628.32,1.1449831341832943,6,2,5,5,12
16159.0,151.0,89.0,182.0,281,4,1232.79,2.0526155859941095,0,4,3,7,14
16160.0,20.0,,20.0,64,2,1025.44,,0,6,1,6,13
16161.0,15.0,13.0,18.0,1,43,12580.06,1.373886199529585,4,10,8,10,28
16162.0,,,,251,1,37.4,,0,4,0,1,5
16163.0,101.0,95.0,104.0,231,6,2407.98,1.095922869218553,0,4,4,8,16
16164.0,12.0,,12.0,16,3,822.48,,0,9,2,5,16
16165.0,,,,504,1,79.9,,0,2,0,1,3
16166.0,263.0,,263.0,427,2,435.83000000000004,,0,2,1,4,7
16167.0,81.0,121.0,67.0,413,5,1386.1200000000001,0.5577474036620724,0,2,3,7,12
16168.0,11.0,9.0,12.0,10,66,10360.67,1.3374855897216482,4,9,9,10,28
16169.0,22.0,36.0,15.0,7,4,1822.97,0.43195921985815605,0,10,3,8,21
16170.0,32.0,17.0,44.0,50,20,6869.0,2.5047154422431697,2,7,7,10,24
16171.0,,,,58,1,73.2,,0,7,0,1,8
16172.0,59.0,90.0,36.0,94,8,1884.55,0.40294481285826683,10,6,5,8,19
16173.0,16.0,10.0,20.0,15,6,1418.3200000000002,2.0791627810589577,0,9,4,7,20
16174.0,79.0,33.0,102.0,125,7,2246.75,3.0132339550444542,0,5,4,8,17
16175.0,78.0,45.0,94.0,93,7,1836.4399999999998,2.0495406749850917,0,6,4,8,18
16176.0,66.0,24.0,87.0,420,4,2052.69,3.62482363442656,0,2,3,8,13
16177.0,85.0,49.0,112.0,49,8,2247.31,2.2754604753748326,2,7,5,8,20
16178.0,263.0,,263.0,137,2,612.6,,0,5,1,5,11
16179.0,,,,60,1,215.83,,0,6,0,2,8
16180.0,36.0,56.0,21.0,99,13,16249.87,0.38581430936502226,10,5,7,10,22
16181.0,,,,72,1,305.54,,0,6,0,3,9
16182.0,71.0,55.0,80.0,71,9,9971.65,1.450618666087407,4,6,5,10,21
16183.0,113.0,5.0,167.0,66,4,1077.81,28.129166179394222,0,6,3,6,15
16184.0,29.0,39.0,23.0,63,6,1158.79,0.5897397134802984,0,6,4,6,16
16185.0,273.0,,273.0,16,3,644.72,,0,9,2,5,16
16186.0,28.0,28.0,28.0,22,26,8718.43,1.0105419703644947,6,8,8,10,26
16187.0,18.0,13.0,21.0,31,15,6911.4400000000005,1.5904900876809545,3,8,7,10,25
16188.0,91.0,165.0,66.0,44,5,1087.66,0.3980163015422565,0,7,3,6,16
16189.0,69.0,,69.0,15,2,215.48,,0,9,1,2,12
16190.0,97.0,66.0,121.0,39,8,2723.55,1.8324846966196455,3,7,5,8,20
16191.0,31.0,33.0,29.0,2,24,15677.82,0.8916091437801968,7,10,7,10,27
16192.0,,,,735,1,351.3,,0,1,0,3,4
16193.0,174.0,,174.0,236,2,630.4300000000001,,0,4,1,5,10
16194.0,,,,374,1,308.59999999999997,,0,3,0,3,6
16195.0,,,,722,1,323.25,,0,1,0,3,4
16196.0,,,,488,1,93.3,,0,2,0,1,3
16197.0,31.0,60.0,14.0,468,9,2016.71,0.2426461103774454,10,2,5,8,15
16198.0,362.0,,362.0,74,2,1030.0410000000002,,0,6,1,6,13
16199.0,39.0,57.0,31.0,391,7,942.75,0.5406693061155303,0,3,4,6,13
16200.0,66.0,16.0,108.0,3,12,5608.1,6.707518160982608,1,10,6,10,26
16201.0,103.0,305.0,35.0,2,5,2112.12,0.11572587143385682,0,10,3,8,21
16202.0,47.0,29.0,57.0,360,9,2501.99,1.943097390734061,2,3,5,8,16
16203.0,89.0,66.0,104.0,58,6,943.8399999999999,1.5839492544113267,0,7,4,6,17
16204.0,353.0,,353.0,22,3,918.71,,0,8,2,6,16
16205.0,85.0,73.0,91.0,30,7,1820.1100000000001,1.2529190189242791,0,8,4,8,20
16206.0,52.0,46.0,56.0,54,13,2589.87,1.2164113808849315,5,7,7,8,22
16207.0,,,,24,1,394.38,,0,8,0,3,11
16208.0,67.0,45.0,85.0,44,10,3440.45,1.9057827839604993,3,7,6,9,22
16209.0,57.0,54.0,58.0,88,9,4146.78,1.0744682021487721,6,6,5,9,20
16210.0,21.0,21.0,21.0,1,35,33750.97,1.0130219777134877,6,10,8,10,28
16211.0,174.0,,174.0,88,3,1090.59,,0,6,2,6,14
16212.0,216.0,51.0,299.0,18,4,1293.71,5.774561520953274,0,9,3,7,19
16213.0,,,,78,1,159.0,,0,6,0,1,7
16214.0,88.0,165.0,49.0,170,4,2038.25,0.2979987950093303,0,5,3,8,16
16215.0,,,,80,1,242.35,,0,6,0,2,8
16216.0,,,,266,1,914.9300000000001,,0,4,0,6,10
16217.0,46.0,,46.0,234,2,304.25,,0,4,1,3,8
16218.0,44.0,34.0,50.0,29,13,3968.67,1.4574385050153402,4,8,7,9,24
16219.0,,,,500,1,40.8,,0,2,0,1,3
16221.0,56.0,22.0,76.0,36,9,2019.92,3.3729227561678554,1,7,5,8,20
16222.0,402.0,,402.0,317,2,1272.0500000000002,,0,3,1,7,11
16223.0,20.0,,20.0,374,2,1087.0500000000002,,0,3,1,6,10
16224.0,82.0,137.0,64.0,56,5,1616.54,0.4645298672009504,0,7,3,7,17
16225.0,44.0,31.0,54.0,44,15,2859.31,1.7338186007540846,3,7,7,8,22
16226.0,52.0,35.0,58.0,202,5,672.1700000000001,1.6625772536293542,0,4,3,5,12
16227.0,155.0,,155.0,224,3,1027.22,,0,4,2,6,12
16228.0,7.0,,7.0,384,3,885.71,,0,3,2,6,11
16229.0,95.0,21.0,144.0,86,6,2867.8599999999997,6.705612866193519,0,6,4,8,18
16230.0,30.0,,30.0,189,2,542.03,,0,4,1,4,9
16231.0,72.0,173.0,22.0,378,4,1074.47,0.12959072814230105,0,3,3,6,12
16232.0,84.0,65.0,94.0,43,7,2712.97,1.4485041320549232,0,7,4,8,19
16233.0,83.0,81.0,84.0,70,9,1818.31,1.0309268652064265,6,6,5,7,18
16234.0,42.0,,42.0,475,3,333.18,,0,2,2,3,7
16235.0,53.0,31.0,67.0,40,9,2053.71,2.118803794133146,2,7,5,8,20
16236.0,,,,77,1,432.2,,0,6,0,4,10
16237.0,,,,436,1,136.65,,0,2,0,1,3
16238.0,,,,422,1,63.66,,0,2,0,1,3
16239.0,81.0,17.0,123.0,56,6,1492.2,6.914979861947499,0,7,4,7,18
16240.0,53.0,,53.0,23,2,3718.8,,0,8,1,9,18
16241.0,26.0,33.0,20.0,9,16,3992.86,0.6309716888878916,9,9,7,9,25
16242.0,48.0,42.0,53.0,7,14,7404.650000000001,1.2633481970095428,5,10,7,10,27
16243.0,21.0,,21.0,33,2,409.1,,0,7,1,3,11
16244.0,160.0,,160.0,211,2,1522.75,,0,4,1,7,12
16245.0,116.0,,116.0,23,3,1413.66,,0,8,2,7,17
16246.0,209.0,,209.0,459,2,821.35,,0,2,1,5,8
16247.0,,,,169,1,114.56,,0,5,0,1,6
16248.0,,,,61,1,152.94,,0,6,0,1,7
16249.0,46.0,38.0,49.0,52,5,1800.0700000000002,1.30509021599469,0,7,3,7,17
16250.0,62.0,,62.0,260,3,565.24,,0,4,2,4,10
16251.0,,,,511,1,128.31,,0,2,0,1,3
16252.0,,,,382,1,295.09000000000003,,0,3,0,3,6
16253.0,110.0,94.0,118.0,66,7,7272.2,1.2511627396378033,0,6,4,10,20
16254.0,126.0,,126.0,377,3,967.44,,0,3,2,6,11
16255.0,47.0,47.0,48.0,16,15,4530.0,1.0263027661853232,6,9,7,9,25
16256.0,165.0,,165.0,266,3,1629.3700000000001,,0,4,2,7,13
16257.0,,,,176,1,46.95,,0,5,0,1,6
16258.0,42.0,29.0,52.0,44,15,11942.52,1.7843248998490822,3,7,7,10,24
16259.0,97.0,,97.0,409,3,340.94,,0,3,2,3,8
16260.0,,,,50,1,1035.45,,0,7,0,6,13
16261.0,85.0,98.0,76.0,16,6,1041.16,0.7782708005028596,0,9,4,6,19
16262.0,,,,377,1,755.15,,0,3,0,5,8
16263.0,,,,422,1,348.16,,0,2,0,3,5
16264.0,7.0,,7.0,437,2,823.53,,0,2,1,5,8
16265.0,36.0,20.0,49.0,8,12,6935.17,2.3914809538919233,2,10,6,10,26
16266.0,46.0,41.0,49.0,73,14,1757.95,1.19906063014256,5,6,7,7,20
16267.0,,,,590,1,186.66,,0,1,0,2,3
16268.0,0.0,,0.0,70,2,667.65,,0,6,1,5,12
16269.0,,,,437,1,717.57,,0,2,0,5,7
16270.0,,,,352,1,1141.24,,0,3,0,6,9
16271.0,64.0,42.0,78.0,2,11,3984.01,1.8155497740359496,3,10,6,9,25
16272.0,0.0,,0.0,116,2,823.4,,0,5,1,5,11
16273.0,7.0,,7.0,647,2,318.34000000000003,,0,1,1,3,5
16274.0,,,,372,1,351.75,,0,3,0,3,6
16275.0,148.0,166.0,139.0,196,4,3046.51,0.8331613160983161,0,4,3,9,16
16276.0,215.0,,215.0,176,3,2629.3900000000003,,0,5,2,8,15
16277.0,,,,733,1,188.69,,0,1,0,2,3
16278.0,199.0,,199.0,99,3,1117.84,,0,5,2,6,13
16279.0,71.0,36.0,93.0,20,9,5698.280000000001,2.5429061234817816,2,8,5,10,23
16280.0,,,,724,1,238.05,,0,1,0,2,3
16281.0,305.0,,305.0,71,3,3424.02,,0,6,2,9,17
16282.0,189.0,,189.0,339,3,1307.58,,0,3,2,7,12
16283.0,91.0,146.0,50.0,5,8,4350.32,0.34515200667711277,10,10,5,9,24
16284.0,181.0,,181.0,30,3,1018.48,,0,8,2,6,16
16285.0,,,,645,1,176.9,,0,1,0,2,3
16286.0,146.0,,146.0,476,2,328.95,,0,2,1,3,6
16287.0,129.0,48.0,157.0,169,5,1006.98,3.263596055090384,0,5,3,6,14
16288.0,,,,469,1,129.85,,0,2,0,1,3
16289.0,,,,461,1,136.31,,0,2,0,1,3
16290.0,33.0,20.0,40.0,464,4,1957.7,1.9070102273855625,0,2,3,8,13
16291.0,,,,681,1,117.72,,0,1,0,1,2
16292.0,120.0,59.0,141.0,121,5,1253.76,2.356567379507471,0,5,3,7,15
16293.0,50.0,76.0,30.0,21,15,4279.200000000001,0.4051466172067769,10,8,7,9,24
16294.0,,,,476,1,126.05000000000001,,0,2,0,1,3
16295.0,18.0,6.0,24.0,9,4,1328.55,3.995677888989991,0,9,3,7,19
16296.0,31.0,20.0,37.0,625,4,1313.67,1.8444330250085645,0,1,3,7,11
16297.0,,,,268,1,301.9,,0,4,0,3,7
16298.0,69.0,9.0,100.0,22,7,1085.7,10.500254721443907,0,8,4,6,18
16299.0,,,,476,1,193.65,,0,2,0,2,4
16300.0,122.0,,122.0,429,3,1367.3200000000002,,0,2,2,7,11
16301.0,,,,736,1,107.33,,0,1,0,1,2
16302.0,,,,126,1,233.22,,0,5,0,2,7
16303.0,100.0,103.0,99.0,25,7,7928.27,0.9642135472610097,0,8,4,10,22
16304.0,,,,694,1,381.66,,0,1,0,3,4
16305.0,,,,138,1,361.21999999999997,,0,5,0,3,8
16306.0,36.0,48.0,30.0,213,7,1124.72,0.635652223537972,0,4,4,6,14
16307.0,73.0,,73.0,428,3,1194.92,,0,2,2,6,10
16308.0,114.0,158.0,92.0,37,7,5120.0,0.580417128212523,0,7,4,9,20
16309.0,134.0,,134.0,105,2,706.5699999999999,,0,5,1,5,11
16310.0,227.0,,227.0,413,2,460.08,,0,2,1,4,7
16311.0,31.0,,31.0,17,2,616.26,,0,9,1,5,15
16312.0,,,,431,1,171.15,,0,2,0,2,4
16313.0,46.0,,46.0,2,2,274.15,,0,10,1,2,13
16314.0,41.0,,41.0,389,3,1491.4,,0,3,2,7,12
16315.0,205.0,,205.0,330,2,402.71000000000004,,0,3,1,3,7
16316.0,35.0,26.0,41.0,63,13,5744.91,1.5555119510609365,4,6,7,10,23
16317.0,116.0,34.0,143.0,119,5,2192.51,4.2036160166913925,0,5,3,8,16
16318.0,,,,34,1,328.15,,0,7,0,3,10
16319.0,,,,217,1,404.40000000000003,,0,4,0,3,7
16320.0,101.0,83.0,113.0,171,6,5628.99,1.3551741209145054,0,5,4,10,19
16321.0,111.0,207.0,62.0,71,7,604.5500000000001,0.30249876609307425,0,6,4,4,14
16322.0,35.0,,35.0,0,2,326.75,,0,10,1,3,14
16323.0,381.0,,381.0,195,2,353.66,,0,4,1,3,8
16324.0,24.0,,24.0,127,3,408.59000000000003,,0,5,2,3,10
16325.0,62.0,54.0,69.0,46,12,3597.5,1.2705844721661539,5,7,6,9,22
16326.0,29.0,33.0,25.0,5,24,4721.25,0.769510009906043,8,10,7,9,26
16327.0,47.0,30.0,62.0,13,16,10159.64,2.0599274847174693,2,9,7,10,26
16328.0,,,,562,1,310.83,,0,1,0,3,4
16329.0,103.0,93.0,108.0,427,4,1664.92,1.1696487814333534,0,2,3,7,12
16330.0,107.0,111.0,105.0,17,7,625.38,0.9397180050781407,0,9,4,5,18
16331.0,42.0,90.0,9.0,431,6,2037.7,0.11067778582769411,0,2,4,8,14
16332.0,56.0,71.0,46.0,27,11,2000.01,0.6501888776146407,9,8,6,8,22
16333.0,14.0,6.0,21.0,7,22,26626.8,3.07216564671976,1,10,7,10,27
16334.0,,,,491,1,263.73,,0,2,0,2,4
16335.0,26.0,26.0,26.0,551,8,2983.38,0.9962532174890847,7,1,5,9,15
16336.0,70.0,0.0,105.0,420,4,3517.6899999999996,152053.0,0,2,3,9,14
16337.0,,,,36,1,151.05,,0,7,0,1,8
16338.0,,,,156,1,214.79999999999998,,0,5,0,2,7
16339.0,,,,283,1,94.05,,0,4,0,1,5
16340.0,222.0,,222.0,106,3,1496.2399999999998,,0,5,2,7,14
16341.0,97.0,86.0,103.0,24,7,3850.79,1.197374307304786,0,8,4,9,21
16342.0,34.0,34.0,35.0,74,4,322.40999999999997,1.0255536800146428,0,6,3,3,12
16343.0,195.0,,195.0,15,3,614.12,,0,9,2,5,16
16344.0,170.0,72.0,219.0,157,4,842.42,3.0388076382064475,0,5,3,5,13
16345.0,438.0,,438.0,43,2,1178.79,,0,7,1,6,14
16346.0,,,,384,1,224.51,,0,3,0,2,5
16347.0,62.0,17.0,92.0,10,11,3442.96,5.366683398587826,1,9,6,9,24
16348.0,56.0,79.0,39.0,31,8,1744.4199999999998,0.49837100919029576,9,8,5,7,20
16349.0,,,,290,1,53.5,,0,4,0,1,5
16350.0,50.0,12.0,73.0,20,9,2253.89,5.677430642339415,1,8,5,8,21
16351.0,33.0,23.0,40.0,332,13,3330.03,1.7248898746960357,3,3,7,9,19
16352.0,20.0,,20.0,17,2,494.44,,0,9,1,4,14
16353.0,19.0,21.0,18.0,3,38,9795.460000000001,0.8795022069099058,7,10,8,10,28
16354.0,132.0,150.0,125.0,62,5,1119.46,0.8397590175568515,0,6,3,6,15
16355.0,,,,374,1,416.35,,0,3,0,4,7
16356.0,70.0,87.0,59.0,197,6,415.87,0.6806930464096882,0,4,4,4,12
16357.0,115.0,167.0,90.0,32,4,868.37,0.5374984984860597,0,8,3,5,16
16358.0,98.0,210.0,61.0,0,5,2919.6500000000005,0.29027997625098173,0,10,3,8,21
16359.0,43.0,47.0,40.0,6,16,2697.75,0.8597633151660472,7,10,7,8,25
16360.0,16.0,10.0,20.0,4,6,3450.41,1.8838946568751582,0,10,4,9,23
16361.0,20.0,31.0,15.0,9,4,891.21,0.49945121404892034,0,9,3,6,18
16362.0,81.0,173.0,19.0,31,6,922.16,0.11344442305018025,0,8,4,6,18
16363.0,,,,52,1,109.36000000000001,,0,7,0,1,8
16364.0,125.0,,125.0,11,2,705.79,,0,9,1,5,15
16365.0,50.0,60.0,43.0,17,15,3167.3399999999997,0.7262462556573701,8,9,7,9,25
16366.0,234.0,43.0,330.0,18,4,1548.13,7.677921722176568,0,9,3,7,19
16367.0,172.0,,172.0,36,3,1350.48,,0,7,2,7,16
16368.0,216.0,,216.0,1,3,621.44,,0,10,2,5,17
16369.0,98.0,70.0,113.0,17,7,2656.56,1.6049682489597097,0,9,4,8,21
16370.0,47.0,42.0,50.0,81,4,1301.91,1.1704125016227445,0,6,3,7,16
16371.0,,,,448,1,157.2,,0,2,0,1,3
16372.0,143.0,192.0,127.0,32,5,1290.31,0.6630172824324406,0,8,3,7,18
16373.0,29.0,,29.0,381,2,309.49,,0,3,1,3,7
16374.0,130.0,135.0,128.0,65,5,1723.4,0.946392886201696,0,6,3,7,16
16375.0,0.0,,0.0,469,2,104.0,,0,2,1,1,4
16376.0,8.0,,8.0,8,2,974.96,,0,10,1,6,17
16377.0,350.0,,350.0,266,2,1308.48,,0,4,1,7,12
16378.0,31.0,,31.0,246,3,362.95,,0,4,2,3,9
16379.0,24.0,41.0,16.0,3,4,2157.4,0.40139265903458043,0,10,3,8,21
16380.0,,,,60,1,1743.1499999999999,,0,6,0,7,13
16381.0,22.0,,22.0,395,2,247.85,,0,3,1,2,6
16382.0,142.0,,142.0,407,2,353.1,,0,3,1,3,7
16383.0,99.0,76.0,111.0,74,7,2896.69,1.4448272596494234,0,6,4,8,18
16384.0,166.0,160.0,169.0,89,4,1358.95,1.0560344827586208,0,6,3,7,16
16385.0,142.0,242.0,109.0,59,5,881.35,0.4530990870016814,0,6,3,6,15
16386.0,179.0,,179.0,28,3,1068.16,,0,8,2,6,16
16387.0,78.0,185.0,43.0,322,5,882.4599999999999,0.23593537497951222,0,3,3,6,12
16388.0,,,,653,1,186.05,,0,1,0,2,3
16389.0,76.0,77.0,76.0,52,4,1382.07,0.9755365036361043,0,7,3,7,17
16390.0,71.0,,71.0,536,3,467.50000000000006,,0,1,2,4,7
16391.0,53.0,25.0,67.0,400,4,1052.26,2.712178297365432,0,3,3,6,12
16392.0,146.0,,146.0,269,3,756.6999999999999,,0,4,2,5,11
16393.0,33.0,36.0,30.0,1,23,5297.77,0.8286979277416165,8,10,7,9,26
16394.0,58.0,41.0,63.0,56,5,1555.34,1.5531354917078601,0,7,3,7,17
16395.0,51.0,56.0,47.0,60,14,3518.41,0.8396071268082846,8,6,7,9,22
16396.0,,,,475,1,137.8,,0,2,0,1,3
16397.0,,,,627,1,123.13,,0,1,0,1,2
16398.0,99.0,,99.0,153,2,1705.8000000000002,,0,5,1,7,13
16399.0,185.0,,185.0,18,3,630.22,,0,9,2,5,16
16400.0,79.0,53.0,95.0,94,9,3059.85,1.7867531115833297,3,6,5,9,20
16401.0,25.0,17.0,31.0,0,23,6849.15,1.7938029419006876,3,10,7,10,27
16402.0,104.0,,104.0,264,2,293.45,,0,4,1,3,8
16403.0,,,,311,1,177.5,,0,3,0,2,5
16404.0,,,,69,1,443.05,,0,6,0,4,10
16405.0,7.0,,7.0,301,2,167.25,,0,4,1,2,7
16406.0,317.0,,317.0,18,3,528.36,,0,9,2,4,15
16407.0,32.0,24.0,39.0,12,14,2761.65,1.5931236968639633,3,9,7,8,24
16408.0,,,,590,1,231.93,,0,1,0,2,3
16409.0,62.0,67.0,58.0,35,12,5652.74,0.8627030293099563,7,7,6,10,23
16410.0,,,,733,1,130.32,,0,1,0,1,2
16411.0,136.0,44.0,182.0,18,4,756.3900000000001,4.051774782017191,0,9,3,5,17
16412.0,154.0,63.0,185.0,53,5,593.19,2.8999619709892976,0,7,3,4,14
16413.0,318.0,,318.0,56,2,522.03,,0,7,1,4,12
16414.0,168.0,101.0,190.0,21,5,551.21,1.8867377304935293,0,8,3,4,15
16415.0,316.0,,316.0,43,3,696.76,,0,7,2,5,14
16416.0,78.0,77.0,78.0,26,9,2957.88,1.0169098190660086,6,8,5,9,22
16417.0,,,,492,1,35.7,,0,2,0,1,3
16418.0,94.0,14.0,121.0,44,5,1028.74,8.656097238736953,0,7,3,6,16
16419.0,79.0,131.0,40.0,112,8,1463.7,0.3108428753911198,10,5,5,7,17
16420.0,,,,395,1,75.0,,0,3,0,1,4
16421.0,46.0,,46.0,375,3,526.27,,0,3,2,4,9
16422.0,6.0,5.0,6.0,16,109,61920.87,1.2025501315007185,5,9,10,10,29
16423.0,,,,24,1,346.12,,0,8,0,3,11
16424.0,191.0,,191.0,190,2,443.06,,0,4,1,4,9
16425.0,,,,301,1,302.7,,0,4,0,3,7
16426.0,30.0,57.0,8.0,1,10,1863.76,0.15373679247564012,10,10,6,8,24
16427.0,21.0,,21.0,262,2,241.06,,0,4,1,2,7
16428.0,42.0,,42.0,413,3,638.49,,0,2,2,5,9
16429.0,,,,105,1,284.55,,0,5,0,2,7
16430.0,104.0,136.0,87.0,56,7,1117.94,0.6428698600347433,0,7,4,6,17
16431.0,42.0,,42.0,212,3,623.28,,0,4,2,5,11
16432.0,,,,63,1,287.4,,0,6,0,3,9
16433.0,380.0,,380.0,27,2,384.52,,0,8,1,3,12
16434.0,60.0,78.0,45.0,28,12,2673.69,0.5743296723288784,9,8,6,8,22
16435.0,1.0,,1.0,511,3,1003.07,,0,2,2,6,10
16436.0,32.0,,32.0,667,3,319.14,,0,1,2,3,6
16437.0,48.0,,48.0,380,2,301.25,,0,3,1,3,7
16438.0,19.0,39.0,12.0,5,5,798.35,0.3193621599316179,0,10,3,5,18
16439.0,,,,721,1,310.70000000000005,,0,1,0,3,4
16440.0,97.0,213.0,19.0,7,6,3856.97,0.09202714026626427,0,10,4,9,23
16441.0,139.0,192.0,122.0,66,5,1019.1300000000001,0.6384245333950331,0,6,3,6,15
16442.0,181.0,122.0,200.0,1,5,891.98,1.6459231454624732,0,10,3,6,19
16443.0,,,,520,1,162.24,,0,2,0,2,4
16444.0,36.0,27.0,42.0,45,17,3625.88,1.5442315879101625,4,7,7,9,23
16445.0,125.0,24.0,176.0,33,4,583.16,7.074631227386585,0,7,3,4,14
16446.0,204.0,,204.0,0,2,168472.5,,0,10,1,10,21
16447.0,262.0,,262.0,135,3,727.1,,0,5,2,5,12
16448.0,272.0,,272.0,197,2,361.12,,0,4,1,3,8
16449.0,82.0,,82.0,197,2,707.69,,0,4,1,5,10
16450.0,253.0,,253.0,149,3,1505.73,,0,5,2,7,14
16451.0,323.0,,323.0,87,3,1013.1500000000001,,0,6,2,6,14
16452.0,63.0,,63.0,630,2,332.17,,0,1,1,3,5
16453.0,17.0,,17.0,530,2,251.71,,0,2,1,2,5
16454.0,188.0,4.0,281.0,44,4,30.950000000000003,59.18309447206786,0,7,3,1,11
16455.0,55.0,62.0,51.0,63,11,3995.5699999999997,0.8265952060599788,8,6,6,9,21
16456.0,43.0,29.0,53.0,98,13,6000.94,1.784901643668286,3,5,7,10,22
16457.0,,,,217,1,208.36,,0,4,0,2,6
16458.0,19.0,19.0,18.0,2,30,5690.89,0.9463261563678945,7,10,8,10,28
16459.0,,,,729,1,71.78999999999999,,0,1,0,1,2
16460.0,26.0,,26.0,27,3,811.23,,0,8,2,5,15
16461.0,234.0,,234.0,177,3,1545.83,,0,5,2,7,14
16462.0,105.0,,105.0,73,3,136.0,,0,6,2,1,9
16463.0,60.0,150.0,15.0,20,4,1422.4,0.10592039297574257,0,8,3,7,18
16464.0,61.0,,61.0,19,3,1298.6599999999999,,0,8,2,7,17
16465.0,23.0,,23.0,420,2,746.24,,0,2,1,5,8
16466.0,43.0,36.0,48.0,33,15,3767.09,1.3547193816313794,4,7,7,9,23
16467.0,38.0,39.0,37.0,508,7,2869.16,0.9505855130607684,0,2,4,8,14
16468.0,203.0,,203.0,73,3,787.52,,0,6,2,5,13
16469.0,122.0,267.0,74.0,23,5,803.9000000000001,0.27732776387139796,0,8,3,5,16
16470.0,67.0,60.0,72.0,51,11,2416.85,1.2060665437221454,5,7,6,8,21
16471.0,125.0,84.0,146.0,274,4,1189.98,1.748145455747022,0,4,3,6,13
16472.0,163.0,,163.0,433,2,789.5999999999999,,0,2,1,5,8
16473.0,69.0,37.0,85.0,164,4,470.83,2.276091273489501,0,5,3,4,12
16474.0,22.0,28.0,20.0,6,7,1810.65,0.7302770138011349,0,10,4,7,21
16475.0,61.0,111.0,36.0,87,4,544.3,0.332411545856326,0,6,3,4,13
16476.0,,,,431,1,350.35,,0,2,0,3,5
16477.0,42.0,28.0,51.0,63,11,4094.37,1.8142925836121258,3,6,6,9,21
16478.0,20.0,,20.0,24,3,331.0,,0,8,2,3,13
16479.0,0.0,,0.0,9,2,300.83000000000004,,0,9,1,3,13
16480.0,,,,75,1,769.29,,0,6,0,5,11
16481.0,,,,681,1,453.38,,0,1,0,4,5
16482.0,,,,15,1,220.62,,0,9,0,2,11
16483.0,,,,191,1,139.35,,0,4,0,1,5
16484.0,17.0,,17.0,173,2,404.3,,0,5,1,3,9
16485.0,164.0,77.0,193.0,76,5,2287.19,2.5070239201079816,0,6,3,8,17
16486.0,,,,537,1,134.36,,0,1,0,1,2
16487.0,81.0,,81.0,576,2,209.4,,0,1,1,2,4
16488.0,57.0,,57.0,32,3,498.8,,0,8,2,4,14
16489.0,55.0,,55.0,379,2,303.7,,0,3,1,3,7
16490.0,,,,435,1,205.41000000000003,,0,2,0,2,4
16491.0,366.0,,366.0,46,2,1533.1599999999999,,0,7,1,7,15
16492.0,,,,540,1,385.56,,0,1,0,3,4
16493.0,90.0,89.0,91.0,79,7,2132.09,1.019495056880791,0,6,4,8,18
16494.0,,,,296,1,826.53,,0,4,0,5,9
16495.0,136.0,,136.0,2,3,648.26,,0,10,2,5,17
16496.0,100.0,38.0,140.0,8,6,2330.77,3.616844243309696,0,10,4,8,22
16497.0,31.0,20.0,40.0,49,23,6695.280000000001,1.972913084679593,2,7,7,10,24
16498.0,0.0,,0.0,160,2,100.97,,0,5,1,1,7
16499.0,26.0,32.0,22.0,359,8,2578.34,0.6860165948414485,9,3,5,8,16
16500.0,67.0,70.0,65.0,4,9,843.91,0.919294902334445,7,10,5,5,20
16501.0,,,,382,1,1191.23,,0,3,0,6,9
16502.0,0.0,,0.0,619,2,258.55,,0,1,1,2,4
16503.0,42.0,24.0,55.0,106,11,3614.34,2.256553007229439,2,5,6,9,20
16504.0,,,,24,1,465.88,,0,8,0,4,12
16505.0,,,,31,1,777.6,,0,8,0,5,13
16506.0,20.0,,20.0,19,2,90.30000000000001,,0,8,1,1,10
16507.0,,,,571,1,142.71,,0,1,0,1,2
16508.0,,,,629,1,240.95,,0,1,0,2,3
16509.0,,,,296,1,363.7,,0,4,0,3,7
16510.0,63.0,34.0,83.0,371,6,1777.5,2.4554511290969265,0,3,4,7,14
16511.0,125.0,125.0,125.0,21,6,1760.49,0.997617263364756,0,8,4,7,19
16513.0,12.0,23.0,7.0,4,4,874.59,0.3102833280167039,0,10,3,6,19
16515.0,54.0,40.0,65.0,51,10,3179.06,1.6248497996609979,3,7,6,9,22
16516.0,,,,29,1,101.69999999999999,,0,8,0,1,9
16517.0,,,,276,1,162.7,,0,4,0,2,6
16518.0,165.0,134.0,180.0,60,4,959.37,1.3342990793678566,0,6,3,6,15
16519.0,207.0,163.0,230.0,24,4,439.06,1.4109271904005316,0,8,3,4,15
16520.0,92.0,111.0,79.0,185,6,2148.38,0.7124391632689534,0,5,4,8,17
16521.0,116.0,,116.0,414,3,1140.11,,0,2,2,6,10
16522.0,14.0,,14.0,435,2,433.36,,0,2,1,4,7
16523.0,25.0,36.0,15.0,1,28,11916.33,0.4234429375918966,10,10,8,10,28
16524.0,245.0,,245.0,445,2,306.19,,0,2,1,3,6
16525.0,15.0,16.0,14.0,1,48,24151.3,0.9014985668275122,7,10,8,10,28
16526.0,412.0,,412.0,171,2,717.21,,0,5,1,5,11
16527.0,343.0,,343.0,80,2,1232.94,,0,6,1,7,14
16528.0,,,,3,1,244.41,,0,10,0,2,12
16529.0,113.0,23.0,158.0,189,4,1986.8,6.5969863807592,0,4,3,8,15
16530.0,,,,667,1,48.349999999999994,,0,1,0,1,2
16531.0,41.0,20.0,56.0,21,11,2298.33,2.777977463985166,1,8,6,8,22
16532.0,150.0,189.0,137.0,17,5,8756.64,0.729874206906009,0,9,3,10,22
16533.0,24.0,,24.0,18,3,1082.81,,0,9,2,6,17
16534.0,,,,641,1,635.9,,0,1,0,5,6
16535.0,337.0,,337.0,4,3,972.04,,0,10,2,6,18
16536.0,,,,109,1,548.12,,0,5,0,4,9
16537.0,,,,640,1,23.35,,0,1,0,1,2
16538.0,27.0,,27.0,540,3,395.07,,0,1,2,3,6
16539.0,58.0,26.0,85.0,2,10,3289.66,3.2693086869252674,1,10,6,9,25
16540.0,,,,413,1,205.75,,0,2,0,2,4
16541.0,,,,734,1,424.03,,0,1,0,4,5
16542.0,347.0,,347.0,53,2,257.32,,0,7,1,2,10
16543.0,,,,591,1,292.21,,0,1,0,3,4
16544.0,47.0,0.0,71.0,519,4,376.70000000000005,12861.4375,0,2,3,3,8
16545.0,210.0,,210.0,164,2,689.8199999999999,,0,5,1,5,11
16546.0,37.0,41.0,36.0,290,5,5307.07,0.8739017831011271,0,4,3,9,16
16547.0,,,,545,1,104.25999999999999,,0,1,0,1,2
16548.0,,,,598,1,30.15,,0,1,0,1,2
16549.0,17.0,10.0,24.0,9,35,13072.07,2.3814337475122733,2,9,8,10,27
16550.0,36.0,24.0,48.0,108,18,8813.58,1.9634384831221834,2,5,7,10,22
16551.0,105.0,54.0,130.0,95,7,2237.12,2.3977079850431986,0,6,4,8,18
16552.0,130.0,,130.0,242,2,379.7300000000001,,0,4,1,3,8
16553.0,15.0,17.0,13.0,162,33,16584.010000000002,0.7622597155109174,8,5,8,10,23
16554.0,97.0,95.0,98.0,41,8,2841.7200000000003,1.0318723654330304,6,7,5,8,20
16555.0,94.0,0.0,156.0,34,6,1915.68,225616.66666666666,0,7,4,8,19
16556.0,41.0,39.0,43.0,66,17,8012.58,1.1123284647634633,6,6,7,10,23
16557.0,113.0,,113.0,23,2,281.85,,0,8,1,2,11
16558.0,19.0,20.0,19.0,0,38,13304.11,0.9375981226095215,7,10,8,10,28
16559.0,,,,396,1,175.0,,0,3,0,2,5
16560.0,100.0,34.0,150.0,26,8,3048.38,4.328292277830029,1,8,5,9,22
16561.0,54.0,,54.0,5,2,511.12,,0,10,1,4,15
16562.0,,,,476,1,223.85999999999999,,0,2,0,2,4
16563.0,136.0,103.0,158.0,53,6,4412.56,1.5304116084639108,0,7,4,9,20
16564.0,,,,568,1,87.8,,0,1,0,1,2
16565.0,63.0,68.0,61.0,363,4,773.05,0.8850420252654889,0,3,3,5,11
16566.0,69.0,99.0,59.0,14,5,614.66,0.591596412826162,0,9,3,5,17
16567.0,142.0,,142.0,193,2,865.6,,0,4,1,5,10
16568.0,213.0,,213.0,427,2,1020.9000000000001,,0,2,1,6,9
16569.0,180.0,25.0,231.0,2,5,1455.23,8.900882607030574,0,10,3,7,20
16570.0,31.0,26.0,36.0,14,20,7434.3099999999995,1.3647891478297003,4,9,7,10,26
16571.0,67.0,35.0,92.0,26,10,4248.74,2.6270027383252463,2,8,6,9,23
16572.0,74.0,,74.0,126,3,1009.5999999999999,,0,5,2,6,13
16573.0,205.0,,205.0,84,2,663.61,,0,6,1,5,12
16574.0,293.0,,293.0,70,3,1301.78,,0,6,2,7,15
16576.0,101.0,,101.0,419,2,540.87,,0,2,1,4,7
16577.0,,,,666,1,380.0,,0,1,0,3,4
16578.0,,,,625,1,156.6,,0,1,0,1,2
16579.0,,,,425,1,295.05,,0,2,0,3,5
16581.0,,,,182,1,105.84,,0,5,0,1,6
16582.0,,,,112,1,313.62,,0,5,0,3,8
16583.0,299.0,,299.0,373,2,297.95,,0,3,1,3,7
16584.0,145.0,162.0,139.0,79,5,3156.17,0.862382332264536,0,6,3,9,18
16585.0,101.0,,101.0,593,2,341.59000000000003,,0,1,1,3,5
16586.0,193.0,,193.0,248,3,1462.78,,0,4,2,7,13
16587.0,,,,231,1,225.15,,0,4,0,2,6
16588.0,62.0,69.0,59.0,385,4,1361.28,0.8604837980860955,0,3,3,7,13
16589.0,126.0,288.0,45.0,70,4,612.36,0.1558360872438863,0,6,3,5,14
16590.0,13.0,,13.0,400,2,605.9,,0,3,1,4,8
16591.0,,,,68,1,213.5,,0,6,0,2,8
16592.0,26.0,36.0,17.0,3,28,7807.91,0.49135763727166126,9,10,8,10,28
16593.0,97.0,103.0,93.0,50,8,1071.14,0.909693876404873,7,7,5,6,18
16594.0,,,,74,1,181.09,,0,6,0,2,8
16595.0,157.0,85.0,181.0,60,5,1757.75,2.133234916699291,0,6,3,7,16
16596.0,237.0,39.0,336.0,15,4,458.98,8.428026750043426,0,9,3,4,16
16597.0,,,,3,1,90.04,,0,10,0,1,11
16598.0,,,,285,1,145.04999999999998,,0,4,0,1,5
16599.0,,,,385,1,172.8,,0,3,0,2,5
16600.0,59.0,67.0,54.0,3,13,2153.41,0.8006196573986027,8,10,7,8,25
16601.0,291.0,,291.0,40,3,677.0,,0,7,2,5,14
16602.0,352.0,,352.0,35,2,763.33,,0,7,1,5,13
16603.0,16.0,,16.0,74,2,482.47,,0,6,1,4,11
16604.0,5.0,,5.0,562,2,432.45,,0,1,1,4,6
16605.0,,,,723,1,60.48,,0,1,0,1,2
16606.0,30.0,,30.0,403,2,357.66,,0,3,1,3,7
16607.0,23.0,20.0,26.0,17,25,5706.87,1.2505492852115683,5,9,8,10,27
16608.0,209.0,,209.0,453,2,1286.62,,0,2,1,7,10
16609.0,39.0,27.0,45.0,14,7,5493.46,1.6503028852814126,0,9,4,10,23
16610.0,,,,218,1,75.66,,0,4,0,1,5
16611.0,90.0,33.0,128.0,185,6,1785.13,3.7805435108674903,0,5,4,7,16
16612.0,87.0,111.0,73.0,32,9,3245.4300000000003,0.6651698627571353,9,8,5,9,22
16613.0,,,,69,1,618.59,,0,6,0,5,11
16614.0,197.0,,197.0,182,3,1179.79,,0,5,2,6,13
16615.0,,,,625,1,291.5,,0,1,0,3,4
16616.0,142.0,,142.0,14,2,500.42,,0,9,1,4,14
16617.0,,,,235,1,151.85,,0,4,0,1,5
16618.0,72.0,63.0,75.0,30,5,2647.59,1.2033405555616656,0,8,3,8,19
16619.0,130.0,57.0,167.0,263,4,1938.33,2.9302345374299366,0,4,3,8,15
16620.0,146.0,88.0,186.0,3,6,1758.93,2.1162978449239347,0,10,4,7,21
16621.0,75.0,61.0,82.0,51,4,813.48,1.3236151113402292,0,7,3,5,15
16622.0,,,,543,1,225.4,,0,1,0,2,3
16623.0,115.0,55.0,145.0,245,4,1015.24,2.6011027357283893,0,4,3,6,13
16624.0,116.0,,116.0,80,2,810.5699999999999,,0,6,1,5,12
16625.0,67.0,63.0,68.0,274,5,1654.03,1.0874361428639536,0,4,3,7,14
16626.0,16.0,26.0,8.0,0,17,4413.1,0.32902881964159797,10,10,7,9,26
16627.0,,,,78,1,322.8,,0,6,0,3,9
16628.0,102.0,203.0,51.0,29,7,2318.1,0.25212888161387065,0,8,4,8,20
16629.0,22.0,,22.0,73,2,408.63,,0,6,1,3,10
16630.0,,,,406,1,106.80000000000001,,0,3,0,1,4
16631.0,28.0,36.0,24.0,481,7,1892.52,0.6496248227416583,0,2,4,8,14
16632.0,95.0,,95.0,485,2,406.4,,0,2,1,3,6
16633.0,43.0,59.0,32.0,16,6,2883.1,0.5388511069309796,0,9,4,8,21
16634.0,93.0,140.0,61.0,222,6,1649.81,0.44070338340612364,0,4,4,7,15
16635.0,,,,406,1,473.0,,0,3,0,4,7
16636.0,51.0,0.0,69.0,437,5,5113.49,99822.0,0,2,3,9,14
16637.0,64.0,102.0,45.0,31,4,1154.47,0.44603687576541023,0,8,3,6,17
16638.0,32.0,19.0,42.0,22,15,2380.13,2.1240908507185634,2,8,7,8,23
16639.0,125.0,173.0,102.0,30,4,1747.98,0.58791215383877,0,8,3,7,18
16640.0,,,,397,1,179.4,,0,3,0,2,5
16641.0,596.0,,596.0,105,2,554.5,,0,5,1,4,10
16642.0,205.0,,205.0,4,3,1077.45,,0,10,2,6,18
16643.0,176.0,,176.0,245,2,923.11,,0,4,1,6,11
16644.0,34.0,,34.0,177,2,833.78,,0,5,1,5,11
16645.0,,,,735,1,160.39,,0,1,0,1,2
16646.0,,,,448,1,678.8,,0,2,0,5,7
16647.0,124.0,101.0,136.0,169,4,541.9,1.3383900654627694,0,5,3,4,12
16648.0,273.0,,273.0,42,3,672.8,,0,7,2,5,14
16649.0,,,,519,1,306.58000000000004,,0,2,0,3,5
16650.0,74.0,1.0,110.0,71,7,1916.1100000000001,57.38626570915619,0,6,4,8,18
16651.0,,,,586,1,136.2,,0,1,0,1,2
16652.0,38.0,32.0,43.0,58,16,17550.39,1.325655752670445,4,7,7,10,24
16653.0,55.0,,55.0,15,2,1212.6599999999999,,0,9,1,6,16
16654.0,67.0,58.0,73.0,140,8,1484.07,1.2578357472670587,5,5,5,7,17
16655.0,54.0,46.0,61.0,17,13,6423.26,1.325848115246857,4,9,7,10,26
16656.0,24.0,22.0,26.0,21,30,16833.17,1.1793987278523919,5,8,8,10,26
16657.0,81.0,105.0,69.0,9,4,874.4300000000001,0.655743236602609,0,9,3,6,18
16658.0,50.0,28.0,64.0,367,6,690.83,2.319019875211768,0,3,4,5,12
16659.0,,,,188,1,39.12,,0,5,0,1,6
16660.0,113.0,136.0,101.0,15,7,1879.55,0.7465171849510733,0,9,4,8,21
16661.0,60.0,126.0,27.0,539,4,932.76,0.21747915172289176,0,1,3,6,10
16662.0,,,,393,1,151.05,,0,3,0,1,4
16663.0,,,,728,1,165.0,,0,1,0,2,3
16664.0,,,,568,1,109.2,,0,1,0,1,2
16665.0,,,,361,1,135.39999999999998,,0,3,0,1,4
16666.0,601.0,,601.0,18,2,217.71,,0,9,1,2,12
16667.0,216.0,,216.0,67,2,567.18,,0,6,1,4,11
16668.0,51.0,38.0,60.0,14,13,862.42,1.5681667413761529,3,9,7,5,21
16669.0,27.0,,27.0,23,3,1348.88,,0,8,2,7,17
16670.0,37.0,41.0,34.0,16,20,8030.150000000001,0.8300182416817585,8,9,7,10,26
16671.0,68.0,,68.0,27,3,1692.2700000000002,,0,8,2,7,17
16672.0,13.0,9.0,18.0,1,20,8134.9400000000005,1.9969523181160707,2,10,7,10,27
16673.0,,,,678,1,171.13,,0,1,0,2,3
16674.0,43.0,,43.0,54,2,304.24,,0,7,1,3,11
16675.0,36.0,,36.0,441,2,608.8599999999999,,0,2,1,4,7
16676.0,76.0,40.0,101.0,33,6,2361.9,2.501870539784338,0,7,4,8,19
16677.0,240.0,,240.0,410,2,880.62,,0,2,1,6,9
16678.0,25.0,27.0,23.0,2,12,3109.9900000000002,0.8686365945496186,7,10,6,9,25
16679.0,90.0,,90.0,365,3,663.31,,0,3,2,5,10
16680.0,245.0,,245.0,42,3,821.45,,0,7,2,5,14
16681.0,94.0,206.0,38.0,72,7,1921.84,0.1874088482445997,0,6,4,8,18
16682.0,45.0,28.0,51.0,4,5,1028.0,1.7716898259064047,0,10,3,6,19
16683.0,,,,533,1,320.25,,0,2,0,3,5
16684.0,13.0,13.0,13.0,3,55,147142.77,0.9869926711671129,7,10,9,10,29
16685.0,0.0,,0.0,60,2,324.24,,0,6,1,3,10
16686.0,45.0,49.0,42.0,46,16,4881.07,0.8699386019993378,7,7,7,9,23
16687.0,,,,390,1,157.63,,0,3,0,1,4
16688.0,19.0,17.0,20.0,0,4,1260.86,1.222943985753602,0,10,3,7,20
16689.0,6.0,,6.0,75,2,422.6,,0,6,1,4,11
16690.0,126.0,58.0,160.0,71,4,353.03,2.7643220288294756,0,6,3,3,12
16691.0,143.0,,143.0,417,2,178.82999999999998,,0,2,1,2,5
16692.0,61.0,32.0,76.0,255,4,1914.6999999999998,2.3087466812760757,0,4,3,8,15
16693.0,146.0,139.0,149.0,68,5,1179.48,1.067209263854425,0,6,3,6,15
16694.0,,,,722,1,98.30000000000001,,0,1,0,1,2
16695.0,0.0,,0.0,561,2,191.9,,0,1,1,2,4
16696.0,37.0,34.0,39.0,134,4,657.9000000000001,1.12108588626896,0,5,3,5,13
16697.0,,,,240,1,112.75,,0,4,0,1,5
16698.0,26.0,,26.0,226,2,1998.0,,0,4,1,8,13
16699.0,59.0,82.0,47.0,379,7,994.6,0.575626946057393,0,3,4,6,13
16700.0,30.0,31.0,29.0,8,25,8830.77,0.9261106946778158,7,10,8,10,28
16701.0,29.0,26.0,31.0,8,26,9916.73,1.2154191134602028,5,10,8,10,28
16702.0,105.0,77.0,119.0,414,4,1110.83,1.5327046602581806,0,2,3,6,11
16704.0,53.0,,53.0,617,2,664.16,,0,1,1,5,7
16705.0,17.0,16.0,19.0,0,42,43515.051,1.166078258399606,5,10,8,10,28
16706.0,38.0,,38.0,36,3,531.3499999999999,,0,7,2,4,13
16707.0,79.0,57.0,91.0,399,4,533.41,1.570826741454528,0,3,3,4,10
16708.0,,,,45,1,656.63,,0,7,0,5,12
16709.0,49.0,52.0,46.0,84,14,9056.01,0.889682910086615,7,6,7,10,23
16710.0,34.0,34.0,33.0,18,22,5921.35,0.9725243863315495,7,9,7,10,26
16711.0,91.0,119.0,75.0,2,9,2868.48,0.6303147506260293,9,10,5,8,23
16712.0,32.0,37.0,28.0,8,13,4232.87,0.7670628737735551,8,10,7,9,26
16713.0,22.0,21.0,24.0,18,32,14115.56,1.156664592103991,5,9,8,10,27
16714.0,150.0,353.0,49.0,218,4,1497.33,0.14003870488118114,0,4,3,7,14
16715.0,484.0,,484.0,77,2,625.52,,0,6,1,5,12
16716.0,181.0,,181.0,266,3,2149.6800000000003,,0,4,2,8,14
16717.0,54.0,58.0,51.0,23,14,6663.68,0.8699870982296797,7,8,7,10,25
16718.0,90.0,55.0,102.0,368,5,3006.08,1.836707487724702,0,3,3,9,15
16719.0,50.0,51.0,50.0,14,15,3747.6800000000003,0.9718127951737621,7,9,7,9,25
16720.0,347.0,,347.0,25,3,758.74,,0,8,2,5,15
16721.0,,,,261,1,292.47,,0,4,0,3,7
16722.0,34.0,36.0,31.0,16,22,8189.5599999999995,0.8576342213857203,7,9,7,10,26
16723.0,214.0,291.0,176.0,90,4,1231.3600000000001,0.6030755908284207,0,6,3,7,16
16724.0,,,,404,1,147.35,,0,3,0,1,4
16725.0,32.0,57.0,11.0,301,14,1688.26,0.19986907471468646,10,4,7,7,18
16726.0,64.0,24.0,83.0,25,7,2063.88,3.3580993610712846,0,8,4,8,20
16727.0,108.0,67.0,128.0,363,4,1377.77,1.9165890027958994,0,3,3,7,13
16728.0,54.0,27.0,63.0,45,5,1269.6599999999999,2.2717708748174696,0,7,3,7,17
16729.0,10.0,5.0,13.0,37,21,7205.33,2.4445338717191563,2,7,7,10,24
16730.0,133.0,,133.0,51,3,743.11,,0,7,2,5,14
16731.0,,,,647,1,170.3,,0,1,0,2,3
16732.0,233.0,119.0,289.0,31,4,4387.64,2.4183292889864423,0,8,3,9,20
16733.0,,,,529,1,259.68,,0,2,0,2,4
16734.0,30.0,,30.0,51,3,646.76,,0,7,2,5,14
16735.0,50.0,44.0,54.0,78,14,6217.41,1.222499002154682,5,6,7,10,23
16736.0,57.0,0.0,76.0,505,5,2956.56,99.71996386630533,0,2,3,9,14
16737.0,524.0,,524.0,52,2,835.1999999999999,,0,7,1,5,13
16738.0,,,,297,1,3.75,,0,4,0,1,5
16739.0,359.0,,359.0,176,2,786.4300000000001,,0,5,1,5,11
16740.0,,,,394,1,226.91,,0,3,0,2,5
16741.0,,,,624,1,173.06,,0,1,0,2,3
16742.0,52.0,19.0,80.0,46,14,2799.87,4.155531647685199,1,7,7,8,22
16743.0,43.0,23.0,61.0,28,14,4212.150000000001,2.615061192695718,2,8,7,9,24
16744.0,26.0,38.0,21.0,10,7,1291.9099999999999,0.5531134538424709,0,9,4,7,20
16745.0,14.0,13.0,14.0,86,17,7180.700000000001,1.1454153725629153,6,6,7,10,23
16746.0,17.0,15.0,19.0,4,42,18046.75,1.2580563364753872,5,10,8,10,28
16747.0,30.0,,30.0,37,2,836.06,,0,7,1,5,13
16748.0,54.0,52.0,56.0,17,14,3637.33,1.0859833142891893,6,9,7,9,25
16749.0,132.0,,132.0,590,2,4157.88,,0,1,1,9,11
16750.0,46.0,96.0,30.0,44,5,623.93,0.318693319062152,0,7,3,5,15
16751.0,,,,30,1,1764.72,,0,8,0,7,15
16752.0,,,,372,1,207.5,,0,3,0,2,5
16753.0,,,,57,1,223.92000000000002,,0,7,0,2,9
16754.0,9.0,6.0,12.0,371,29,65500.07,2.019710986467289,2,3,8,10,21
16755.0,102.0,66.0,120.0,113,7,2864.68,1.813351555490642,0,5,4,8,17
16756.0,70.0,51.0,80.0,214,7,1312.3700000000001,1.5678829950146054,0,4,4,7,15
16757.0,90.0,,90.0,318,2,270.48,,0,3,1,2,6
16758.0,,,,64,1,369.34000000000003,,0,6,0,3,9
16759.0,11.0,,11.0,7,3,789.79,,0,10,2,5,17
16760.0,,,,429,1,228.0,,0,2,0,2,4
16761.0,,,,96,1,316.62,,0,5,0,3,8
16762.0,62.0,,62.0,19,3,1207.2400000000002,,0,8,2,6,16
16763.0,539.0,,539.0,198,2,964.7,,0,4,1,6,11
16764.0,11.0,14.0,9.0,3,13,2790.9500000000003,0.6956928064916617,9,10,7,8,25
16765.0,88.0,,88.0,293,2,454.75,,0,4,1,4,9
16766.0,0.0,,0.0,272,2,1145.6,,0,4,1,6,11
16767.0,39.0,61.0,23.0,30,15,8056.76,0.38150355560464,10,8,7,10,25
16768.0,85.0,62.0,99.0,47,9,1698.57,1.5860415119848403,3,7,5,7,19
16769.0,155.0,0.0,232.0,259,4,1117.0500000000002,41858.9375,0,4,3,6,13
16770.0,52.0,28.0,65.0,57,9,1778.93,2.279256505576208,2,7,5,7,19
16771.0,77.0,68.0,84.0,32,10,3949.6,1.2424056524592166,5,8,6,9,23
16772.0,149.0,,149.0,422,3,3698.05,,0,2,2,9,13
16773.0,337.0,,337.0,56,3,421.24,,0,7,2,4,13
16774.0,84.0,79.0,88.0,67,8,1567.48,1.1220128200263288,6,6,5,7,18
16775.0,28.0,21.0,35.0,9,16,2820.84,1.629208157706329,3,9,7,8,24
16776.0,355.0,,355.0,59,2,592.51,,0,6,1,4,11
16777.0,138.0,101.0,150.0,79,5,1292.18,1.4717298600798376,0,6,3,7,16
16778.0,199.0,,199.0,73,2,245.94,,0,6,1,2,9
16779.0,14.0,10.0,17.0,1,53,32809.03,1.6391179559452365,3,10,9,10,29
16780.0,153.0,,153.0,99,3,596.4,,0,5,2,4,11
16781.0,297.0,,297.0,371,2,623.0,,0,3,1,5,9
16782.0,19.0,17.0,21.0,9,38,9636.119999999999,1.1838102425368229,5,9,8,10,27
16783.0,,,,436,1,391.95,,0,2,0,3,5
16784.0,150.0,127.0,158.0,19,5,892.33,1.2361935697640942,0,8,3,6,17
16785.0,,,,409,1,533.78,,0,3,0,4,7
16786.0,,,,393,1,51.839999999999996,,0,3,0,1,4
16787.0,100.0,77.0,111.0,397,4,1017.53,1.4541786145827698,0,3,3,6,12
16788.0,136.0,120.0,142.0,122,5,1928.93,1.1848652857029984,0,5,3,8,16
16789.0,,,,7,1,80.8,,0,10,0,1,11
16790.0,6.0,2.0,9.0,3,6,1545.6200000000001,3.6903237282106014,0,10,4,7,21
16791.0,50.0,55.0,46.0,28,15,3957.63,0.8483455747683407,8,8,7,9,24
16792.0,105.0,116.0,101.0,281,5,623.46,0.8790116659485167,0,4,3,5,12
16793.0,,,,56,1,243.84,,0,7,0,2,9
16794.0,44.0,74.0,22.0,0,15,2052.7,0.3006149527661946,10,10,7,8,25
16795.0,159.0,,159.0,364,3,2062.4100000000003,,0,3,2,8,13
16796.0,,,,88,1,305.62,,0,6,0,3,9
16797.0,86.0,81.0,87.0,392,5,1802.02,1.081641333047884,0,3,3,7,13
16798.0,87.0,,87.0,553,3,841.16,,0,1,2,5,8
16799.0,21.0,,21.0,431,2,452.78,,0,2,1,4,7
16800.0,,,,10,1,1162.65,,0,9,0,6,15
16801.0,36.0,71.0,19.0,162,4,1594.23,0.26512416003707423,0,5,3,7,15
16802.0,51.0,,51.0,678,2,582.61,,0,1,1,4,6
16803.0,,,,64,1,332.3,,0,6,0,3,9
16804.0,123.0,,123.0,22,3,536.99,,0,8,2,4,14
16805.0,139.0,6.0,183.0,173,5,1091.34,30.488259668508288,0,5,3,6,14
16806.0,45.0,18.0,58.0,102,4,762.16,3.1114640271827447,0,5,3,5,13
16807.0,96.0,76.0,109.0,142,6,2123.88,1.4288014064965737,0,5,4,8,17
16808.0,175.0,,175.0,98,2,288.42,,0,5,1,3,9
16809.0,72.0,57.0,81.0,22,9,1727.43,1.4183534624971401,4,8,5,7,20
16810.0,228.0,,228.0,191,2,842.04,,0,4,1,5,10
16811.0,12.0,,12.0,4,2,547.0699999999999,,0,10,1,4,15
16812.0,7.0,3.0,9.0,360,4,2392.0,3.056344376831192,0,3,3,8,14
16813.0,21.0,18.0,24.0,7,10,1652.18,1.3507076325263339,4,10,6,7,23
16814.0,16.0,16.0,17.0,13,36,11924.85,1.077475660112655,6,9,8,10,27
16815.0,82.0,,82.0,453,2,406.02,,0,2,1,3,6
16816.0,84.0,44.0,104.0,102,4,417.06,2.3356046910489963,0,5,3,4,12
16817.0,35.0,14.0,51.0,2,13,2560.7,3.540708012136492,1,10,7,8,25
16818.0,19.0,14.0,22.0,10,11,3349.57,1.5764011233755597,3,9,6,9,24
16819.0,0.0,,0.0,464,2,182.59,,0,2,1,2,5
16820.0,,,,95,1,497.61,,0,6,0,4,10
16821.0,,,,381,1,113.35,,0,3,0,1,4
16822.0,,,,685,1,181.39,,0,1,0,2,3
16823.0,85.0,137.0,58.0,226,7,2243.09,0.4273930100577614,0,4,4,8,16
16824.0,189.0,,189.0,15,3,686.24,,0,9,2,5,16
16825.0,123.0,119.0,125.0,38,5,1826.8899999999999,1.0461763723007442,0,7,3,8,18
16826.0,,,,50,1,341.7,,0,7,0,3,10
16827.0,48.0,19.0,58.0,392,5,392.13,2.962556405040799,0,3,3,3,9
16828.0,19.0,,19.0,92,2,128.5,,0,6,1,1,8
16829.0,231.0,,231.0,156,2,513.32,,0,5,1,4,10
16830.0,229.0,50.0,318.0,38,4,1207.5,6.262717418016001,0,7,3,6,16
16831.0,,,,564,1,91.8,,0,1,0,1,2
16832.0,68.0,29.0,81.0,183,5,417.61,2.729523587833644,0,5,3,4,12
16833.0,124.0,144.0,111.0,0,6,2409.04,0.7685966637100141,0,10,4,8,22
16834.0,446.0,,446.0,227,2,898.96,,0,4,1,6,11
16835.0,88.0,34.0,123.0,127,6,1456.66,3.5803328219679877,0,5,4,7,16
16836.0,178.0,167.0,183.0,39,4,782.37,1.091943071148663,0,7,3,5,15
16837.0,21.0,8.0,30.0,30,11,3170.98,3.650963597430407,1,8,6,9,23
16838.0,155.0,132.0,166.0,196,4,1159.6100000000001,1.2518774610668366,0,4,3,6,13
16839.0,15.0,22.0,8.0,8,44,21758.25,0.40422913050339276,10,10,8,10,28
16840.0,71.0,,71.0,602,2,139.85,,0,1,1,1,3
16841.0,60.0,53.0,65.0,36,12,4006.06,1.2176019556002102,5,7,6,9,22
16842.0,100.0,,100.0,100,3,1264.19,,0,5,2,7,14
16843.0,20.0,19.0,21.0,42,35,19571.43,1.1184514804023098,6,7,8,10,25
16844.0,20.0,,20.0,562,2,614.34,,0,1,1,5,7
16845.0,,,,617,1,253.88,,0,1,0,2,3
16846.0,294.0,,294.0,49,3,842.4100000000001,,0,7,2,5,14
16847.0,574.0,,574.0,42,2,614.8900000000001,,0,7,1,5,13
16848.0,126.0,56.0,161.0,52,4,1411.62,2.8879619996036463,0,7,3,7,17
16849.0,,,,186,1,124.57,,0,5,0,1,6
16850.0,,,,333,1,332.41,,0,3,0,3,6
16851.0,23.0,,23.0,3,3,342.45000000000005,,0,10,2,3,15
16852.0,165.0,,165.0,9,2,144.91,,0,9,1,1,11
16854.0,223.0,,223.0,416,2,1408.96,,0,2,1,7,10
16855.0,19.0,,19.0,23,2,328.4,,0,8,1,3,12
16856.0,213.0,,213.0,14,3,358.49,,0,9,2,3,14
16857.0,,,,442,1,352.8,,0,2,0,3,5
16858.0,39.0,24.0,51.0,368,10,4292.59,2.1609306288676917,2,3,6,9,18
16859.0,83.0,62.0,94.0,144,7,1932.4099999999999,1.5059559559559559,0,5,4,8,17
16860.0,104.0,,104.0,452,3,1610.6200000000001,,0,2,2,7,11
16861.0,112.0,108.0,113.0,59,5,946.59,1.0494076726605317,0,6,3,6,15
16862.0,51.0,102.0,25.0,546,4,662.33,0.24773590122257963,0,1,3,5,9
16863.0,189.0,,189.0,30,3,834.27,,0,8,2,5,15
16864.0,164.0,,164.0,433,2,409.25,,0,2,1,4,7
16865.0,,,,401,1,130.95,,0,3,0,1,4
16866.0,10.0,,10.0,140,3,207.73999999999998,,0,5,2,2,9
16867.0,,,,689,1,76.74000000000001,,0,1,0,1,2
16868.0,99.0,,99.0,393,3,384.56,,0,3,2,3,8
16869.0,50.0,9.0,71.0,22,4,817.12,7.171926158133055,0,8,3,5,16
16870.0,,,,468,1,450.15999999999997,,0,2,0,4,6
16871.0,49.0,7.0,77.0,21,6,2812.34,10.335932813437312,0,8,4,8,20
16872.0,77.0,17.0,116.0,76,6,1213.13,6.499110320284697,0,6,4,6,16
16873.0,60.0,47.0,70.0,4,12,14617.39,1.4810314792812316,4,10,6,10,26
16874.0,,,,378,1,209.89000000000001,,0,3,0,2,5
16875.0,63.0,66.0,61.0,66,11,4234.530000000001,0.9258054030187511,7,6,6,9,21
16876.0,,,,403,1,136.01,,0,3,0,1,4
16877.0,39.0,84.0,9.0,11,6,846.62,0.11070234758861672,0,9,4,5,18
16878.0,,,,83,1,13.3,,0,6,0,1,7
16880.0,66.0,106.0,35.0,30,8,1813.21,0.33505155757932226,10,8,5,7,20
16881.0,,,,66,1,432.0,,0,6,0,4,10
16882.0,125.0,,125.0,66,3,705.12,,0,6,2,5,13
16883.0,30.0,25.0,34.0,186,19,2246.06,1.3608351302323989,4,5,7,8,20
16884.0,177.0,14.0,259.0,37,4,1070.97,18.49312051472408,0,7,3,6,16
16885.0,123.0,28.0,170.0,14,4,684.6,6.063473098147418,0,9,3,5,17
16886.0,,,,455,1,134.0,,0,2,0,1,3
16887.0,351.0,,351.0,34,3,658.17,,0,7,2,5,14
16888.0,150.0,,150.0,400,3,434.2,,0,3,2,4,9
16889.0,74.0,84.0,67.0,194,6,2526.65,0.8056079144620811,0,4,4,8,16
16890.0,52.0,,52.0,476,3,285.40999999999997,,0,2,2,2,6
16891.0,73.0,39.0,95.0,1,11,1727.94,2.4110390858420843,2,10,6,7,23
16892.0,121.0,273.0,45.0,0,7,754.75,0.16615839940174026,0,10,4,5,19
16893.0,9.0,,9.0,366,2,249.89000000000001,,0,3,1,2,6
16894.0,16.0,,16.0,501,3,1306.96,,0,2,2,7,11
16895.0,150.0,37.0,187.0,64,5,1102.9,4.93958889254426,0,6,3,6,15
16896.0,,,,554,1,103.95,,0,1,0,1,2
16897.0,14.0,,14.0,298,2,289.78,,0,4,1,3,8
16898.0,137.0,161.0,129.0,25,5,885.21,0.8054728985719748,0,8,3,6,17
16899.0,55.0,63.0,49.0,7,8,1695.77,0.7886904218115642,8,10,5,7,22
16900.0,23.0,,23.0,16,3,887.11,,0,9,2,6,17
16901.0,,,,728,1,204.26,,0,1,0,2,3
16902.0,,,,115,1,1706.88,,0,5,0,7,12
16903.0,193.0,,193.0,28,3,1041.75,,0,8,2,6,16
16904.0,20.0,16.0,23.0,3,21,4675.36,1.3888200166744293,4,10,7,9,26
16905.0,45.0,45.0,44.0,4,17,4706.7699999999995,0.9704508398250821,7,10,7,9,26
16906.0,82.0,73.0,86.0,81,7,1410.92,1.1792726345512754,0,6,4,7,17
16907.0,62.0,46.0,71.0,28,9,1470.8899999999999,1.5296152663578746,4,8,5,7,20
16908.0,,,,721,1,252.59,,0,1,0,2,3
16909.0,,,,71,1,379.14,,0,6,0,3,9
16910.0,12.0,4.0,18.0,3,8,1508.96,3.9219947258433674,1,10,5,7,22
16911.0,25.0,,25.0,635,2,255.25000000000003,,0,1,1,2,4
16912.0,50.0,73.0,32.0,28,15,4460.51,0.4468444582663069,10,8,7,9,24
16913.0,180.0,,180.0,289,3,423.90999999999997,,0,4,2,4,10
16914.0,,,,35,1,183.76,,0,7,0,2,9
16915.0,56.0,45.0,62.0,8,11,1543.18,1.3762127100753871,4,10,6,7,23
16916.0,130.0,12.0,189.0,23,4,902.02,15.789523809523809,0,8,3,6,17
16917.0,355.0,,355.0,276,2,1851.88,,0,4,1,8,13
16918.0,45.0,30.0,58.0,49,16,3206.54,1.895252290568788,3,7,7,9,23
16919.0,13.0,7.0,20.0,155,24,4909.66,2.8575015665725245,1,5,7,9,21
16920.0,,,,410,1,355.45,,0,2,0,3,5
16921.0,269.0,,269.0,60,3,409.21000000000004,,0,6,2,4,12
16922.0,,,,572,1,611.08,,0,1,0,5,6
16923.0,21.0,24.0,18.0,11,32,13157.130000000001,0.7754397775857234,8,9,8,10,27
16924.0,31.0,,31.0,20,3,829.89,,0,8,2,5,15
16925.0,,,,539,1,125.65,,0,1,0,1,2
16926.0,38.0,12.0,47.0,370,5,1169.61,3.972841077869722,0,3,3,6,12
16927.0,122.0,,122.0,115,3,543.05,,0,5,2,4,11
16928.0,21.0,27.0,16.0,79,29,3897.5299999999997,0.5960001341444836,9,6,8,9,23
16929.0,25.0,41.0,16.0,3,7,1295.39,0.4052808532838676,0,10,4,7,21
16930.0,21.0,,21.0,25,3,378.89,,0,8,2,3,13
16931.0,17.0,20.0,15.0,4,23,5032.22,0.7764421705850815,8,10,7,9,26
16932.0,258.0,,258.0,52,3,412.55000000000007,,0,7,2,4,13
16933.0,91.0,77.0,99.0,0,9,3099.3,1.2846505587110444,5,10,5,9,24
16934.0,113.0,50.0,155.0,54,6,2083.14,3.0743505154639177,0,7,4,8,19
16935.0,19.0,,19.0,381,3,530.86,,0,3,2,4,9
16936.0,359.0,,359.0,25,2,548.29,,0,8,1,4,13
16937.0,,,,498,1,196.25,,0,2,0,2,4
16938.0,81.0,76.0,84.0,8,9,6995.360000000001,1.100601525555777,6,10,5,10,25
16939.0,80.0,,80.0,488,3,433.85,,0,2,2,4,8
16940.0,97.0,62.0,122.0,51,8,6427.66,1.9450281694799396,2,7,5,10,22
16941.0,,,,611,1,33.0,,0,1,0,1,2
16942.0,26.0,12.0,35.0,12,9,1904.99,2.7887458047570406,1,9,5,8,22
16943.0,103.0,84.0,109.0,211,5,1299.49,1.287838139950816,0,4,3,7,14
16944.0,,,,609,1,101.36,,0,1,0,1,2
16945.0,22.0,28.0,16.0,21,33,8548.16,0.5891207058848992,9,8,8,10,26
16946.0,66.0,7.0,85.0,382,5,1222.04,10.67905845565882,0,3,3,6,12
16947.0,102.0,85.0,108.0,235,5,955.21,1.2762387359820266,0,4,3,6,13
16948.0,86.0,60.0,99.0,138,7,868.77,1.6417930163105905,0,5,4,5,14
16949.0,62.0,49.0,71.0,3,6,1286.27,1.462086589717973,0,10,4,7,21
16950.0,69.0,53.0,82.0,56,10,3541.77,1.5567297761356935,4,7,6,9,22
16951.0,84.0,,84.0,134,3,1277.75,,0,5,2,7,14
16952.0,154.0,270.0,116.0,108,5,795.83,0.4307455442141006,0,5,3,5,13
16953.0,,,,29,1,20.8,,0,8,0,1,9
16954.0,36.0,30.0,41.0,0,20,6081.88,1.350372684410357,4,10,7,10,27
16955.0,98.0,152.0,62.0,184,6,1120.31,0.41410028326325976,0,5,4,6,15
16956.0,,,,17,1,308.74,,0,9,0,3,12
16957.0,42.0,,42.0,238,2,416.64,,0,4,1,4,9
16958.0,,,,434,1,778.49,,0,2,0,5,7
16959.0,,,,86,1,117.35000000000001,,0,6,0,1,7
16960.0,86.0,83.0,89.0,38,8,1990.88,1.06253462432095,6,7,5,8,20
16961.0,207.0,,207.0,115,3,794.56,,0,5,2,5,12
16962.0,,,,409,1,251.04,,0,3,0,2,5
16963.0,,,,186,1,110.55000000000001,,0,5,0,1,6
16964.0,0.0,,0.0,732,2,207.85,,0,1,1,2,4
16965.0,,,,226,1,201.19,,0,4,0,2,6
16966.0,38.0,21.0,47.0,7,7,2154.97,2.203050655445865,0,10,4,8,22
16967.0,,,,188,1,319.02,,0,5,0,3,8
16968.0,103.0,,103.0,3,2,439.43,,0,10,1,4,15
16969.0,76.0,,76.0,38,3,650.41,,0,7,2,5,14
16970.0,,,,625,1,71.4,,0,1,0,1,2
16971.0,,,,37,1,357.21,,0,7,0,3,10
16972.0,73.0,,73.0,382,2,749.0,,0,3,1,5,9
16973.0,,,,385,1,127.0,,0,3,0,1,4
16974.0,41.0,,41.0,522,2,365.5,,0,2,1,3,6
16975.0,41.0,,41.0,422,3,926.12,,0,2,2,6,10
16976.0,,,,266,1,251.51999999999998,,0,4,0,2,6
16977.0,78.0,44.0,95.0,394,4,496.0,2.1243670104366084,0,3,3,4,10
16978.0,294.0,,294.0,77,3,768.88,,0,6,2,5,13
16979.0,55.0,50.0,58.0,3,9,2859.74,1.1550593154856597,5,10,5,8,23
16980.0,86.0,,86.0,254,3,1422.83,,0,4,2,7,13
16982.0,,,,60,1,384.06,,0,6,0,3,9
16983.0,43.0,19.0,59.0,12,11,3490.5299999999997,3.0908762942386088,1,9,6,9,24
16984.0,69.0,30.0,92.0,87,9,10350.53,3.0166903452028295,1,6,5,10,21
16985.0,32.0,25.0,37.0,16,23,10923.16,1.4743691895483446,4,9,7,10,26
16986.0,64.0,0.0,107.0,29,11,4888.75,11446.111111111111,1,8,6,9,23
16987.0,73.0,133.0,33.0,2,11,2521.4,0.2531852530560374,10,10,6,8,24
16988.0,374.0,,374.0,4,2,382.67,,0,10,1,3,14
16989.0,28.0,35.0,24.0,6,6,1133.25,0.674962130816089,0,10,4,6,20
16990.0,203.0,,203.0,218,2,344.0,,0,4,1,3,8
16991.0,,,,420,1,1041.21,,0,2,0,6,8
16992.0,54.0,45.0,60.0,10,13,5476.5,1.330891201353125,4,9,7,10,26
16993.0,112.0,,112.0,463,2,1950.95,,0,2,1,8,11
16996.0,48.0,21.0,64.0,29,9,2123.61,3.0275282482812464,1,8,5,8,21
16997.0,18.0,,18.0,287,3,702.0,,0,4,2,5,11
16998.0,73.0,140.0,51.0,149,5,402.0,0.36834058139900067,0,5,3,3,11
16999.0,50.0,,50.0,22,2,484.82000000000005,,0,8,1,4,13
17000.0,11.0,,11.0,395,2,406.3,,0,3,1,3,7
17001.0,34.0,33.0,35.0,0,19,6640.8,1.0772210816655958,6,10,7,10,27
17002.0,92.0,29.0,124.0,85,7,2571.55,4.2301446603318675,0,6,4,8,18
17003.0,58.0,155.0,10.0,401,4,828.2099999999999,0.06726759378579611,0,3,3,5,11
17004.0,125.0,31.0,173.0,45,4,2324.36,5.424173814603562,0,7,3,8,18
17005.0,118.0,,118.0,470,2,622.36,,0,2,1,5,8
17006.0,91.0,84.0,96.0,4,8,1635.27,1.1545358097495109,5,10,5,7,22
17007.0,64.0,40.0,76.0,50,7,1120.1,1.9178044736864948,0,7,4,6,17
17008.0,,,,428,1,81.36,,0,2,0,1,3
17009.0,,,,550,1,242.06,,0,1,0,2,3
17010.0,,,,17,1,195.36,,0,9,0,2,11
17011.0,310.0,,310.0,29,3,671.6999999999999,,0,8,2,5,15
17012.0,,,,724,1,360.61,,0,1,0,3,4
17014.0,29.0,,29.0,7,3,583.4300000000001,,0,10,2,4,16
17015.0,78.0,,78.0,28,3,1838.61,,0,8,2,8,18
17016.0,,,,576,1,552.4,,0,1,0,4,5
17017.0,26.0,28.0,23.0,2,29,12576.99,0.8245592652780084,8,10,8,10,28
17018.0,138.0,78.0,178.0,40,6,2287.7,2.278834336843408,0,7,4,8,19
17019.0,72.0,76.0,69.0,10,11,3602.29,0.9100563571022466,7,9,6,9,24
17020.0,104.0,,104.0,541,2,935.62,,0,1,1,6,8
17021.0,29.0,32.0,27.0,441,6,1182.22,0.827191728859013,0,2,4,6,12
17022.0,401.0,,401.0,30,2,260.0,,0,8,1,2,11
17023.0,140.0,,140.0,416,3,800.1800000000001,,0,2,2,5,9
17024.0,56.0,,56.0,44,3,95.85,,0,7,2,1,10
17025.0,145.0,231.0,116.0,60,5,1349.67,0.504494324619162,0,6,3,7,16
17026.0,115.0,,115.0,184,3,175.82999999999998,,0,5,2,2,9
17027.0,81.0,137.0,47.0,78,9,1310.63,0.34786631143107033,10,6,5,7,18
17028.0,70.0,,70.0,580,3,1593.83,,0,1,2,7,10
17029.0,92.0,68.0,104.0,110,7,2137.3,1.5193909118571862,0,5,4,8,17
17030.0,,,,63,1,146.87,,0,6,0,1,7
17031.0,113.0,61.0,148.0,11,6,2773.85,2.42108927247617,0,9,4,8,21
17032.0,25.0,25.0,26.0,547,8,2984.32,1.0202249621457928,6,1,5,9,15
17033.0,103.0,38.0,136.0,85,4,1332.79,3.5910660139553574,0,6,3,7,16
17034.0,124.0,104.0,131.0,15,5,1276.42,1.259233550253073,0,9,3,7,19
17035.0,163.0,145.0,172.0,245,4,613.59,1.1914799965552547,0,4,3,5,12
17036.0,,,,382,1,176.9,,0,3,0,2,5
17037.0,,,,87,1,1267.32,,0,6,0,7,13
17038.0,384.0,,384.0,29,2,743.17,,0,8,1,5,14
17039.0,,,,603,1,1954.99,,0,1,0,8,9
17040.0,412.0,,412.0,137,2,463.25,,0,5,1,4,10
17041.0,114.0,101.0,123.0,26,6,1655.2,1.2185451463625236,0,8,4,7,19
17042.0,61.0,50.0,64.0,2,5,1036.58,1.273388735500214,0,10,3,6,19
17043.0,99.0,118.0,85.0,31,8,2593.65,0.7247073472278193,8,8,5,8,21
17044.0,64.0,63.0,64.0,24,12,11962.300000000001,1.0247447385632364,6,8,6,10,24
17045.0,79.0,52.0,87.0,112,5,827.6800000000001,1.6573730270149705,0,5,3,5,13
17046.0,115.0,135.0,109.0,156,5,1906.0700000000002,0.8019352542851937,0,5,3,8,16
17047.0,129.0,150.0,115.0,84,6,2289.23,0.7692330245556209,0,6,4,8,18
17048.0,95.0,110.0,87.0,117,7,2071.6800000000003,0.7966914480612357,0,5,4,8,17
17049.0,35.0,30.0,39.0,2,19,9942.53,1.2976567035269797,5,10,7,10,27
17050.0,58.0,76.0,46.0,95,11,4648.59,0.6053435724418434,9,6,6,9,21
17051.0,144.0,42.0,195.0,193,4,706.49,4.663246083680349,0,4,3,5,12
17052.0,,,,27,1,399.09,,0,8,0,3,11
17053.0,,,,130,1,498.48,,0,5,0,4,9
17054.0,54.0,10.0,68.0,27,5,1356.33,6.860616107197127,0,8,3,7,18
17055.0,,,,445,1,232.85,,0,2,0,2,4
17056.0,,,,737,1,128.60000000000002,,0,1,0,1,2
17057.0,,,,595,1,294.74,,0,1,0,3,4
17058.0,79.0,,79.0,81,3,1179.89,,0,6,2,6,14
17059.0,81.0,60.0,93.0,29,9,4864.57,1.5415841584158416,4,8,5,9,22
17060.0,,,,265,1,234.24,,0,4,0,2,6
17061.0,15.0,3.0,24.0,73,11,5232.2300000000005,7.019969432827799,1,6,6,9,21
17062.0,25.0,35.0,18.0,313,6,889.75,0.5329391612600279,0,3,4,6,13
17063.0,59.0,66.0,55.0,20,13,3638.53,0.8326490210464101,8,8,7,9,24
17064.0,134.0,,134.0,58,3,855.45,,0,7,2,5,14
17065.0,0.0,,0.0,637,2,194.7,,0,1,1,2,4
17066.0,,,,725,1,228.34,,0,1,0,2,3
17067.0,3.0,,3.0,724,3,454.53999999999996,,0,1,2,4,7
17068.0,13.0,9.0,16.0,11,47,8987.68,1.7814110116458204,3,9,8,10,27
17069.0,54.0,63.0,46.0,27,14,5517.2300000000005,0.7323588250099557,8,8,7,10,25
17070.0,296.0,,296.0,113,2,437.42,,0,5,1,4,10
17071.0,54.0,86.0,32.0,27,13,3793.71,0.37304697030090994,10,8,7,9,24
17072.0,,,,624,1,273.35,,0,1,0,2,3
17073.0,30.0,27.0,32.0,17,4,1446.09,1.1977185823902277,0,9,3,7,19
17074.0,,,,562,1,203.05,,0,1,0,2,3
17075.0,78.0,61.0,92.0,17,10,2236.63,1.4915767381880196,4,9,6,8,23
17076.0,139.0,171.0,118.0,35,6,1242.75,0.6926170945051593,0,7,4,7,18
17077.0,,,,577,1,306.0,,0,1,0,3,4
17078.0,0.0,,0.0,35,2,378.2,,0,7,1,3,11
17079.0,,,,77,1,118.80000000000001,,0,6,0,1,7
17080.0,83.0,9.0,121.0,21,7,957.53,12.270178464571087,0,8,4,6,18
17081.0,125.0,108.0,137.0,24,6,949.39,1.2689477710104944,0,8,4,6,18
17082.0,138.0,49.0,197.0,32,6,4732.030000000001,3.9915052548072536,0,8,4,9,21
17083.0,69.0,47.0,83.0,108,9,4049.79,1.7634185358217351,3,5,5,9,19
17084.0,180.0,,180.0,34,3,5001.21,,0,7,2,9,18
17085.0,22.0,22.0,23.0,122,28,7847.67,1.044861030714257,6,5,8,10,23
17086.0,11.0,13.0,9.0,6,6,2050.08,0.7230163235117051,0,10,4,8,22
17087.0,,,,737,1,221.53,,0,1,0,2,3
17088.0,75.0,70.0,77.0,27,4,1991.01,1.086239788680722,0,8,3,8,19
17089.0,,,,385,1,128.45,,0,3,0,1,4
17090.0,41.0,26.0,52.0,3,13,3080.1800000000003,1.9761347364423878,2,10,7,9,26
17091.0,40.0,36.0,42.0,2,19,7495.75,1.168303303694819,5,10,7,10,27
17092.0,62.0,45.0,73.0,49,11,5511.41,1.6249401761621098,3,7,6,10,23
17093.0,,,,592,1,235.88,,0,1,0,2,3
17094.0,101.0,,101.0,321,2,402.2,,0,3,1,3,7
17095.0,116.0,125.0,112.0,22,7,2572.25,0.903361006219458,0,8,4,8,20
17096.0,54.0,29.0,70.0,14,11,3697.93,2.360007006071929,2,9,6,9,24
17097.0,53.0,105.0,22.0,1,9,1143.36,0.2153091317860213,10,10,5,6,21
17098.0,79.0,,79.0,381,3,591.07,,0,3,2,4,9
17099.0,,,,532,1,582.17,,0,2,0,4,6
17100.0,0.0,,0.0,17,2,971.74,,0,9,1,6,16
17101.0,89.0,77.0,96.0,9,7,2507.05,1.232893382008799,0,9,4,8,21
17102.0,,,,261,1,25.5,,0,4,0,1,5
17103.0,,,,721,1,424.3,,0,1,0,4,5
17104.0,,,,423,1,474.03,,0,2,0,4,6
17105.0,147.0,,147.0,158,2,665.78,,0,5,1,5,11
17106.0,,,,388,1,481.58,,0,3,0,4,7
17107.0,71.0,99.0,48.0,32,10,16052.720000000001,0.49116599655370474,10,8,6,10,24
17108.0,,,,663,1,174.95,,0,1,0,2,3
17109.0,66.0,88.0,50.0,28,8,1291.71,0.5743774702780855,9,8,5,7,20
17110.0,222.0,,222.0,164,3,499.9,,0,5,2,4,11
17111.0,378.0,,378.0,46,2,459.58000000000004,,0,7,1,4,12
17112.0,,,,502,1,197.57,,0,2,0,2,4
17113.0,24.0,35.0,17.0,573,6,2305.59,0.47397702568852185,0,1,4,8,13
17114.0,47.0,42.0,50.0,5,8,801.12,1.2068079693385316,5,10,5,5,20
17115.0,121.0,68.0,147.0,7,7,2761.49,2.1473252716758324,0,10,4,8,22
17116.0,,,,647,1,389.78,,0,1,0,3,4
17117.0,,,,287,1,116.19999999999999,,0,4,0,1,5
17118.0,,,,317,1,157.02,,0,3,0,1,4
17119.0,56.0,,56.0,2,2,606.91,,0,10,1,4,15
17120.0,,,,232,1,307.46,,0,4,0,3,7
17121.0,,,,402,1,314.74,,0,3,0,3,6
17122.0,126.0,90.0,145.0,118,4,570.5,1.6092537658435104,0,5,3,4,12
17123.0,205.0,,205.0,161,3,977.17,,0,5,2,6,13
17124.0,,,,184,1,294.24,,0,5,0,3,8
17125.0,,,,49,1,230.5,,0,7,0,2,9
17126.0,39.0,27.0,45.0,151,9,2016.43,1.639360416011129,3,5,5,8,18
17127.0,76.0,201.0,34.0,428,5,1155.0300000000002,0.17340647264559897,0,2,3,6,11
17128.0,,,,334,1,157.09,,0,3,0,1,4
17129.0,,,,519,1,31.85,,0,2,0,1,3
17131.0,17.0,28.0,13.0,4,5,2463.17,0.4970962560237242,0,10,3,8,21
17132.0,36.0,,36.0,451,2,1220.9099999999999,,0,2,1,6,9
17133.0,55.0,72.0,41.0,15,12,14622.33,0.5775963704902856,9,9,6,10,25
17134.0,167.0,,167.0,106,3,625.3,,0,5,2,5,12
17135.0,62.0,72.0,54.0,15,10,1722.18,0.754440354308064,8,9,6,7,22
17136.0,,,,661,1,231.68,,0,1,0,2,3
17137.0,52.0,48.0,54.0,415,6,1099.81,1.109737803826519,0,2,4,6,12
17138.0,66.0,23.0,87.0,275,7,4417.27,3.8240132820164514,0,4,4,9,17
17139.0,28.0,28.0,28.0,15,25,19566.76,1.0271232981715692,6,9,8,10,27
17140.0,,,,246,1,454.12,,0,4,0,4,8
17141.0,88.0,0.0,133.0,417,4,727.58,38307.0,0,2,3,5,10
17142.0,148.0,150.0,147.0,238,4,1275.25,0.9748847205220481,0,4,3,7,14
17143.0,98.0,,98.0,416,2,880.97,,0,2,1,6,9
17144.0,83.0,,83.0,0,2,984.5699999999999,,0,10,1,6,17
17145.0,48.0,137.0,4.0,512,4,3120.91,0.031712120368354704,0,2,3,9,14
17146.0,47.0,29.0,60.0,105,13,5852.64,2.0188707762638054,2,5,7,10,22
17147.0,84.0,48.0,106.0,22,9,3199.95,2.208953139522005,2,8,5,9,22
17148.0,,,,51,1,124.88,,0,7,0,1,8
17149.0,,,,450,1,143.10000000000002,,0,2,0,1,3
17150.0,71.0,42.0,91.0,376,6,1357.95,2.166068840879162,0,3,4,7,14
17151.0,,,,734,1,231.90000000000003,,0,1,0,2,3
17152.0,76.0,162.0,34.0,194,4,2016.5,0.21224625267665953,0,4,3,8,15
17153.0,,,,23,1,213.78,,0,8,0,2,10
17154.0,,,,74,1,329.34,,0,6,0,3,9
17155.0,119.0,57.0,151.0,17,7,892.46,2.6265633964429145,0,9,4,6,19
17156.0,,,,491,1,591.87,,0,2,0,4,6
17157.0,40.0,18.0,57.0,7,19,5151.9,3.060101742513178,1,10,7,9,26
17158.0,152.0,94.0,171.0,31,5,1980.0,1.8118247269601235,0,8,3,8,19
17159.0,155.0,167.0,151.0,21,5,2099.59,0.9053771002682001,0,8,3,8,19
17160.0,44.0,37.0,49.0,30,17,10209.16,1.3042387548329515,5,8,7,10,25
17161.0,,,,443,1,856.01,,0,2,0,5,7
17162.0,30.0,15.0,43.0,28,10,1715.46,2.8921588594704684,1,8,6,7,21
17163.0,217.0,229.0,211.0,21,4,699.78,0.9217182163789485,0,8,3,5,16
17164.0,40.0,60.0,29.0,32,7,2467.35,0.487373349052574,0,8,4,8,20
17165.0,88.0,51.0,113.0,283,6,1794.3200000000002,2.2063900489469668,0,4,4,7,15
17166.0,165.0,,165.0,38,2,206.34,,0,7,1,2,10
17167.0,32.0,,32.0,379,3,867.11,,0,3,2,5,10
17168.0,,,,498,1,400.2,,0,2,0,3,5
17169.0,260.0,,260.0,57,3,1156.73,,0,7,2,6,15
17170.0,14.0,,14.0,373,2,178.68,,0,3,1,2,6
17171.0,372.0,,372.0,288,2,384.59000000000003,,0,4,1,3,8
17172.0,323.0,,323.0,78,3,956.5699999999999,,0,6,2,6,14
17173.0,17.0,24.0,13.0,4,8,3766.6000000000004,0.546103463059115,9,10,5,9,24
17174.0,,,,217,1,59.9,,0,4,0,1,5
17175.0,84.0,115.0,68.0,43,4,1443.69,0.5874053166498874,0,7,3,7,17
17176.0,237.0,,237.0,201,3,902.3199999999999,,0,4,2,6,12
17177.0,,,,504,1,119.5,,0,2,0,1,3
17178.0,,,,730,1,432.96,,0,1,0,4,5
17179.0,76.0,90.0,68.0,177,6,1507.26,0.7549132205393044,0,5,4,7,16
17180.0,63.0,35.0,81.0,55,11,2236.77,2.3367101872558886,2,7,6,8,21
17181.0,269.0,,269.0,56,3,309.85,,0,7,2,3,12
17182.0,295.0,,295.0,422,2,321.3,,0,2,1,3,6
17183.0,19.0,32.0,10.0,7,6,3347.3100000000004,0.3368183988653938,0,10,4,9,23
17184.0,161.0,,161.0,568,2,198.41000000000003,,0,1,1,2,4
17185.0,3.0,,3.0,591,3,229.46,,0,1,2,2,5
17186.0,13.0,,13.0,46,2,144.0,,0,7,1,1,9
17187.0,299.0,,299.0,226,2,467.71,,0,4,1,4,9
17188.0,59.0,56.0,62.0,10,13,4592.93,1.0915598844928927,6,9,7,9,25
17189.0,157.0,14.0,205.0,105,5,953.6300000000001,14.675234840605551,0,5,3,6,14
17190.0,97.0,47.0,122.0,58,7,1726.57,2.585281749369218,0,7,4,7,18
17191.0,50.0,54.0,48.0,27,15,4310.34,0.8890953979009469,7,8,7,9,24
17192.0,,,,535,1,75.28,,0,1,0,1,2
17193.0,87.0,187.0,28.0,35,9,2310.04,0.15090516809203564,10,7,5,8,20
17194.0,128.0,,128.0,273,3,812.5,,0,4,2,5,11
17195.0,,,,654,1,562.98,,0,1,0,4,5
17196.0,,,,427,1,327.75,,0,2,0,3,5
17197.0,,,,29,1,1013.01,,0,8,0,6,14
17198.0,173.0,,173.0,23,3,692.22,,0,8,2,5,15
17199.0,,,,581,1,135.04000000000002,,0,1,0,1,2
17200.0,88.0,0.0,132.0,386,4,356.71,190790.0,0,3,3,3,9
17201.0,204.0,117.0,248.0,53,4,1143.1,2.1021549998822726,0,7,3,6,16
17202.0,,,,420,1,160.65,,0,2,0,1,3
17203.0,39.0,82.0,4.0,35,10,5564.09,0.06074191670635551,10,7,6,10,23
17204.0,46.0,57.0,39.0,174,9,5504.6900000000005,0.6886680908540715,9,5,5,10,20
17205.0,255.0,,255.0,53,3,999.3499999999999,,0,7,2,6,15
17206.0,,,,52,1,204.24,,0,7,0,2,9
17207.0,,,,651,1,292.62,,0,1,0,3,4
17208.0,,,,395,1,111.15,,0,3,0,1,4
17209.0,43.0,,43.0,648,3,595.7,,0,1,2,4,7
17210.0,,,,392,1,251.72,,0,3,0,2,5
17211.0,53.0,59.0,48.0,26,14,4116.17,0.8235139143751447,8,8,7,9,24
17212.0,116.0,,116.0,252,3,794.41,,0,4,2,5,11
17213.0,57.0,45.0,65.0,39,13,4869.400000000001,1.4381492150975541,4,7,7,9,23
17214.0,59.0,33.0,77.0,59,6,1059.1200000000001,2.3116005203144026,0,6,4,6,16
17215.0,,,,463,1,186.15,,0,2,0,2,4
17216.0,,,,553,1,63.6,,0,1,0,1,2
17217.0,385.0,,385.0,233,2,210.1,,0,4,1,2,7
17218.0,39.0,39.0,40.0,3,18,3891.39,1.0270846700018152,6,10,7,9,26
17219.0,384.0,,384.0,31,2,259.13,,0,8,1,2,11
17220.0,33.0,48.0,20.0,23,21,4457.31,0.4337366590283745,10,8,7,9,24
17221.0,149.0,0.0,199.0,6,5,976.62,71989.75,0,10,3,6,19
17222.0,126.0,28.0,191.0,64,6,1579.51,6.725066806158737,0,6,4,7,17
17223.0,32.0,,32.0,309,3,558.04,,0,4,2,4,10
17224.0,,,,500,1,100.86,,0,2,0,1,3
17225.0,,,,581,1,131.15,,0,1,0,1,2
17226.0,178.0,,178.0,308,3,895.47,,0,4,2,6,12
17227.0,61.0,62.0,60.0,18,12,1878.93,0.9698025680991613,7,9,6,8,23
17228.0,51.0,53.0,50.0,15,13,2820.03,0.9610156974277588,7,9,7,8,24
17229.0,46.0,,46.0,95,2,318.76,,0,6,1,3,10
17230.0,27.0,18.0,35.0,263,18,9388.49,1.916861675279999,3,4,7,10,21
17231.0,29.0,23.0,35.0,11,25,7064.8,1.5152332693704904,4,9,8,10,27
17232.0,11.0,,11.0,2,2,417.77,,0,10,1,4,15
17233.0,344.0,,344.0,34,3,560.86,,0,7,2,4,13
17234.0,,,,182,1,149.89000000000001,,0,5,0,1,6
17235.0,75.0,20.0,116.0,24,8,1562.98,5.743645153575455,1,8,5,7,20
17236.0,57.0,46.0,66.0,12,12,1929.26,1.429969690891,4,9,6,8,23
17237.0,123.0,6.0,182.0,10,4,994.13,30.32332870691649,0,9,3,6,18
17238.0,23.0,24.0,23.0,2,32,7331.67,0.941798067430011,7,10,8,10,28
17239.0,71.0,101.0,56.0,312,4,1189.45,0.5580599075492304,0,3,3,6,12
17240.0,,,,595,1,130.6,,0,1,0,1,2
17241.0,25.0,13.0,34.0,384,12,2736.6400000000003,2.467371547194549,2,3,6,8,17
17242.0,144.0,102.0,158.0,107,5,2889.2799999999997,1.547425400538585,0,5,3,8,16
17243.0,10.0,8.0,13.0,0,69,20203.58,1.5844435607439744,3,10,9,10,29
17244.0,170.0,350.0,110.0,52,5,1826.04,0.31426568941520294,0,7,3,8,18
17245.0,484.0,,484.0,204,2,371.63,,0,4,1,3,8
17246.0,191.0,,191.0,546,2,38.92,,0,1,1,1,3
17247.0,,,,14,1,280.09000000000003,,0,9,0,2,11
17248.0,361.0,,361.0,119,2,500.53999999999996,,0,5,1,4,10
17249.0,,,,428,1,68.03,,0,2,0,1,3
17250.0,257.0,,257.0,3,2,381.97,,0,10,1,3,14
17251.0,181.0,,181.0,362,3,798.98,,0,3,2,5,10
17252.0,69.0,,69.0,116,2,348.90999999999997,,0,5,1,3,9
17253.0,,,,17,1,178.26,,0,9,0,2,11
17254.0,198.0,,198.0,4,3,469.48,,0,10,2,4,16
17255.0,135.0,55.0,174.0,40,4,781.7,3.1262300981596614,0,7,3,5,15
17256.0,123.0,0.0,164.0,106,5,498.93,118318.0,0,5,3,4,12
17257.0,0.0,,0.0,435,2,189.78,,0,2,1,2,5
17258.0,268.0,,268.0,396,2,417.30000000000007,,0,3,1,4,8
17259.0,101.0,105.0,99.0,147,6,1452.39,0.9430241543018202,0,5,4,7,16
17260.0,,,,410,1,120.95,,0,2,0,1,3
17261.0,,,,509,1,221.59,,0,2,0,2,4
17262.0,67.0,54.0,76.0,51,11,2488.76,1.4072535884347182,4,7,6,8,21
17263.0,,,,207,1,63.440000000000005,,0,4,0,1,5
17264.0,,,,423,1,268.28,,0,2,0,2,4
17265.0,41.0,,41.0,138,2,550.01,,0,5,1,4,10
17266.0,159.0,141.0,165.0,1,5,501.72,1.1726377478527215,0,10,3,4,17
17267.0,0.0,,0.0,126,2,317.20000000000005,,0,5,1,3,9
17268.0,62.0,39.0,77.0,107,11,1733.8899999999999,1.9341050602242233,2,5,6,7,18
17269.0,,,,385,1,491.81,,0,3,0,4,7
17270.0,262.0,,262.0,468,2,601.45,,0,2,1,4,7
17271.0,,,,735,1,204.3,,0,1,0,2,3
17272.0,73.0,63.0,78.0,41,4,2148.63,1.2455874742625603,0,7,3,8,18
17273.0,,,,423,1,141.12,,0,2,0,1,3
17274.0,360.0,,360.0,34,2,573.22,,0,7,1,4,12
17275.0,,,,382,1,114.1,,0,3,0,1,4
17276.0,,,,401,1,502.49,,0,3,0,4,7
17277.0,95.0,,95.0,227,2,1065.35,,0,4,1,6,11
17278.0,323.0,,323.0,240,2,271.24,,0,4,1,2,7
17279.0,,,,57,1,187.82999999999998,,0,7,0,2,9
17280.0,,,,437,1,118.85999999999999,,0,2,0,1,3
17281.0,59.0,48.0,67.0,373,6,797.8499999999999,1.3699134536757374,0,3,4,5,12
17282.0,104.0,92.0,108.0,129,5,2308.54,1.1765475939691235,0,5,3,8,16
17283.0,,,,378,1,188.46,,0,3,0,2,5
17284.0,54.0,69.0,43.0,59,8,2788.06,0.6259577672232611,9,6,5,8,19
17285.0,34.0,,34.0,627,2,407.94,,0,1,1,3,5
17286.0,189.0,,189.0,21,3,389.18,,0,8,2,3,13
17287.0,35.0,23.0,45.0,25,21,3826.86,1.8953750582769728,3,8,7,9,24
17288.0,38.0,8.0,58.0,8,11,2468.4300000000003,6.473835693175452,1,10,6,8,24
17289.0,76.0,41.0,96.0,31,9,2041.8,2.325652014611345,2,8,5,8,21
17290.0,103.0,57.0,137.0,3,8,1487.96,2.3990701641883145,2,10,5,7,22
17291.0,,,,307,1,550.8000000000001,,0,4,0,4,8
17292.0,107.0,,107.0,471,2,271.75,,0,2,1,2,5
17293.0,45.0,48.0,42.0,7,17,3750.63,0.8775166036627537,7,10,7,9,26
17294.0,0.0,,0.0,668,2,467.78999999999996,,0,1,1,4,6
17295.0,17.0,,17.0,28,3,547.0,,0,8,2,4,14
17296.0,,,,729,1,338.13,,0,1,0,3,4
17297.0,,,,16,1,128.18,,0,9,0,1,10
17298.0,135.0,148.0,130.0,100,5,954.26,0.882272894159187,0,5,3,6,14
17299.0,93.0,154.0,53.0,11,6,993.23,0.35028093180977804,0,9,4,6,19
17300.0,90.0,,90.0,390,2,393.64,,0,3,1,3,7
17301.0,603.0,,603.0,20,2,294.39,,0,8,1,3,12
17302.0,72.0,97.0,64.0,14,5,1135.63,0.6660393784360726,0,9,3,6,18
17303.0,,,,360,1,250.04,,0,3,0,2,5
17304.0,,,,533,1,111.5,,0,2,0,1,3
17305.0,,,,648,1,2135.46,,0,1,0,8,9
17306.0,19.0,22.0,17.0,10,21,9782.35,0.7968199050646442,8,9,7,10,26
17307.0,29.0,26.0,31.0,394,11,3999.8900000000003,1.1836611552360776,5,3,6,9,18
17308.0,59.0,,59.0,392,2,4511.76,,0,3,1,9,13
17309.0,288.0,,288.0,94,3,320.39,,0,6,2,3,11
17310.0,147.0,,147.0,386,2,1025.1,,0,3,1,6,10
17311.0,119.0,126.0,114.0,77,6,3566.56,0.903887534857168,0,6,4,9,19
17312.0,10.0,,10.0,138,3,644.3,,0,5,2,5,12
17313.0,,,,30,1,2328.84,,0,8,0,8,16
17314.0,44.0,35.0,51.0,24,17,4904.43,1.443432922441478,4,8,7,9,24
17315.0,10.0,10.0,9.0,1,43,9599.58,0.9139872174474685,7,10,8,10,28
17316.0,,,,419,1,124.45,,0,2,0,1,3
17317.0,21.0,,21.0,45,3,2600.34,,0,7,2,8,17
17318.0,,,,724,1,157.32999999999998,,0,1,0,1,2
17319.0,,,,668,1,29.1,,0,1,0,1,2
17320.0,117.0,124.0,112.0,99,6,2444.85,0.904578371494176,0,5,4,8,17
17321.0,113.0,91.0,128.0,7,6,1665.21,1.406171584102315,0,10,4,7,21
17322.0,90.0,321.0,13.0,375,5,922.59,0.04054132970543514,0,3,3,6,12
17323.0,62.0,81.0,46.0,14,12,1551.04,0.5686431258549932,9,9,6,7,22
17324.0,63.0,42.0,81.0,17,12,2171.07,1.9197289600100835,2,9,6,8,23
17325.0,180.0,,180.0,279,3,609.5699999999999,,0,4,2,4,10
17326.0,121.0,,121.0,407,2,312.35,,0,3,1,3,7
17327.0,152.0,,152.0,409,2,152.35,,0,3,1,1,5
17328.0,,,,672,1,104.7,,0,1,0,1,2
17329.0,180.0,5.0,238.0,13,5,998.53,47.56893373882591,0,9,3,6,18
17330.0,208.0,103.0,260.0,22,4,423.79999999999995,2.5299365716363442,0,8,3,4,15
17331.0,,,,123,1,175.2,,0,5,0,2,7
17332.0,32.0,20.0,35.0,527,5,838.27,1.7086447640877431,0,2,3,5,10
17333.0,,,,85,1,494.25,,0,6,0,4,10
17334.0,52.0,,52.0,301,3,635.15,,0,4,2,5,11
17335.0,300.0,,300.0,383,2,497.04,,0,3,1,4,8
17336.0,,,,471,1,81.12,,0,2,0,1,3
17337.0,52.0,59.0,49.0,150,4,1981.06,0.8260683116792805,0,5,3,8,16
17338.0,38.0,34.0,41.0,16,17,11889.33,1.1969779299870529,5,9,7,10,26
17339.0,207.0,,207.0,93,3,302.36,,0,6,2,3,11
17340.0,37.0,38.0,36.0,29,18,19617.95,0.933881435980807,7,8,7,10,25
17341.0,95.0,0.0,127.0,156,5,1272.21,36840.73333333333,0,5,3,7,15
17342.0,96.0,8.0,140.0,379,4,1227.54,16.942416903290464,0,3,3,7,13
17343.0,76.0,85.0,70.0,354,6,1259.94,0.8209004815822915,0,3,4,7,14
17344.0,682.0,,682.0,45,2,457.36,,0,7,1,4,12
17345.0,72.0,51.0,86.0,14,11,1825.1399999999999,1.6956129572459895,3,9,6,8,23
17346.0,23.0,20.0,27.0,3,26,4998.61,1.3639710837902332,4,10,8,9,27
17347.0,,,,85,1,228.96,,0,6,0,2,8
17348.0,78.0,67.0,84.0,14,9,2442.29,1.2568728593240621,5,9,5,8,22
17349.0,113.0,91.0,120.0,178,5,772.41,1.30457791668554,0,5,3,5,13
17350.0,111.0,141.0,96.0,7,7,1893.701,0.6843003370949751,0,10,4,8,22
17351.0,63.0,36.0,84.0,35,12,1988.23,2.2935059433389986,2,7,6,8,21
17352.0,,,,695,1,36.25,,0,1,0,1,2
17353.0,165.0,132.0,181.0,128,4,3242.0,1.3639155801382252,0,5,3,9,17
17354.0,125.0,0.0,188.0,50,4,3133.96,45345.5,0,7,3,9,19
17355.0,,,,385,1,273.31,,0,3,0,2,5
17356.0,94.0,56.0,106.0,311,5,946.47,1.8732773970096832,0,3,3,6,12
17357.0,0.0,,0.0,23,2,384.39,,0,8,1,3,12
17358.0,87.0,241.0,36.0,302,5,861.01,0.14925383137910497,0,4,3,5,12
17359.0,636.0,,636.0,10,2,284.46,,0,9,1,2,12
17360.0,83.0,24.0,122.0,16,6,1200.51,5.007970367430631,0,9,4,6,19
17361.0,156.0,0.0,209.0,48,5,871.79,100327.77777777778,0,7,3,6,16
17362.0,77.0,27.0,102.0,238,7,1024.04,3.786255960720299,0,4,4,6,14
17363.0,3.0,,3.0,394,3,920.46,,0,3,2,6,11
17364.0,27.0,22.0,31.0,0,28,11972.92,1.3759118340584737,4,10,8,10,28
17365.0,47.0,48.0,46.0,12,15,8184.49,0.9676708909876097,7,9,7,10,26
17366.0,23.0,,23.0,431,2,1077.24,,0,2,1,6,9
17367.0,,,,237,1,167.55,,0,4,0,2,6
17368.0,53.0,64.0,44.0,22,14,2758.29,0.6962157985944424,9,8,7,8,23
17369.0,,,,455,1,979.1999999999999,,0,2,0,6,8
17370.0,32.0,77.0,9.0,72,4,446.18,0.128592529879581,0,6,3,4,13
17371.0,142.0,54.0,201.0,16,6,655.37,3.738300260470217,0,9,4,5,18
17372.0,25.0,15.0,34.0,40,28,4347.31,2.2107548301379363,2,7,8,9,24
17373.0,101.0,115.0,94.0,39,7,1167.5,0.8184550117559336,0,7,4,6,17
17374.0,88.0,,88.0,218,3,727.11,,0,4,2,5,11
17375.0,77.0,70.0,81.0,198,4,660.55,1.1531454498724818,0,4,3,5,12
17376.0,150.0,117.0,167.0,70,4,453.64,1.4158313271450518,0,6,3,4,13
17377.0,9.0,5.0,12.0,23,78,17644.27,2.1305561297747175,2,8,9,10,27
17378.0,,,,373,1,10.95,,0,3,0,1,4
17379.0,,,,10,1,389.71999999999997,,0,9,0,3,12
17380.0,50.0,,50.0,433,3,645.0,,0,2,2,5,9
17381.0,14.0,15.0,14.0,8,38,36398.65,0.9405359294605504,7,10,8,10,28
17382.0,72.0,14.0,115.0,64,8,902.28,8.05005496104232,1,6,5,6,17
17383.0,449.0,,449.0,3,2,304.09000000000003,,0,10,1,3,14
17384.0,223.0,,223.0,18,3,507.55,,0,9,2,4,15
17385.0,,,,14,1,256.11,,0,9,0,2,11
17386.0,62.0,110.0,39.0,7,7,2812.7700000000004,0.3588527544813785,0,10,4,8,22
17387.0,13.0,,13.0,19,2,746.81,,0,8,1,5,14
17388.0,65.0,64.0,65.0,77,11,2675.37,1.023788301939113,6,6,6,8,20
17389.0,12.0,14.0,10.0,0,61,57215.33,0.7089645410562313,9,10,9,10,29
17390.0,,,,420,1,149.3,,0,2,0,1,3
17391.0,0.0,,0.0,163,2,508.8,,0,5,1,4,10
17392.0,71.0,,71.0,306,3,585.92,,0,4,2,4,10
17393.0,77.0,,77.0,410,2,381.15000000000003,,0,2,1,3,6
17394.0,,,,218,1,203.86999999999998,,0,4,0,2,6
17395.0,,,,507,1,97.5,,0,2,0,1,3
17396.0,30.0,11.0,47.0,38,14,8409.6,4.075622650726136,1,7,7,10,24
17397.0,197.0,,197.0,21,3,1198.28,,0,8,2,6,16
17398.0,70.0,,70.0,114,3,653.38,,0,5,2,5,12
17400.0,85.0,123.0,56.0,125,8,4623.28,0.4611613400946458,10,5,5,9,19
17401.0,,,,540,1,114.85,,0,1,0,1,2
17402.0,32.0,35.0,30.0,4,23,4635.5599999999995,0.8592541274722801,7,10,7,9,26
17403.0,414.0,,414.0,35,2,382.87,,0,7,1,3,11
17404.0,31.0,38.0,25.0,3,23,47781.119999999995,0.6721049730483846,9,10,7,10,27
17405.0,74.0,,74.0,0,3,1031.41,,0,10,2,6,18
17406.0,33.0,28.0,36.0,332,13,4186.95,1.2669516124148579,5,3,7,9,19
17407.0,,,,411,1,552.9,,0,2,0,4,6
17408.0,175.0,,175.0,162,3,316.09000000000003,,0,5,2,3,10
17409.0,60.0,41.0,75.0,184,10,7793.51,1.8511161129821116,3,5,6,10,21
17410.0,49.0,119.0,26.0,15,5,1214.72,0.22398540705260966,0,9,3,6,18
17411.0,181.0,349.0,124.0,11,5,1425.38,0.3562946310762253,0,9,3,7,19
17412.0,48.0,43.0,53.0,2,16,4220.22,1.233870582046009,5,10,7,9,26
17413.0,165.0,,165.0,404,2,560.14,,0,3,1,4,8
17414.0,138.0,100.0,163.0,43,6,2249.52,1.6213475892168094,0,7,4,8,19
17415.0,,,,79,1,507.84,,0,6,0,4,10
17416.0,33.0,28.0,37.0,29,22,17298.45,1.2881232838682497,5,8,7,10,25
17417.0,,,,548,1,164.18,,0,1,0,2,3
17418.0,172.0,,172.0,41,3,670.0600000000001,,0,7,2,5,14
17419.0,39.0,44.0,34.0,10,18,6126.25,0.7757004985168342,8,9,7,10,26
17420.0,70.0,5.0,113.0,49,6,953.5799999999999,20.584904470647583,0,7,4,6,17
17421.0,174.0,,174.0,385,3,1059.41,,0,3,2,6,11
17422.0,51.0,38.0,60.0,15,11,3594.76,1.5909315783501645,3,9,6,9,24
17423.0,173.0,,173.0,45,3,1118.95,,0,7,2,6,15
17425.0,41.0,,41.0,18,2,759.1700000000001,,0,9,1,5,15
17426.0,54.0,41.0,63.0,7,13,8077.77,1.525872975587629,4,10,7,10,27
17427.0,,,,71,1,100.8,,0,6,0,1,7
17428.0,16.0,20.0,13.0,0,45,31466.760000000002,0.6395728672328219,9,10,8,10,28
17429.0,75.0,33.0,89.0,127,5,1357.46,2.7037286140653243,0,5,3,7,15
17430.0,148.0,92.0,176.0,32,4,622.5699999999999,1.9036065377834883,0,8,3,5,16
17431.0,,,,312,1,403.3,,0,3,0,3,6
17432.0,89.0,108.0,78.0,17,9,1728.99,0.7222740934961949,8,9,5,7,21
17433.0,297.0,,297.0,87,2,569.96,,0,6,1,4,11
17434.0,13.0,24.0,8.0,1,7,2373.82,0.3637960700394731,0,10,4,8,22
17435.0,,,,410,1,331.35,,0,2,0,3,5
17436.0,182.0,138.0,197.0,1,5,534.06,1.419995469430314,0,10,3,4,17
17437.0,,,,529,1,369.68,,0,2,0,3,5
17438.0,96.0,87.0,100.0,253,5,1422.77,1.140965010258482,0,4,3,7,14
17439.0,,,,655,1,325.74,,0,1,0,3,4
17440.0,130.0,301.0,45.0,156,4,323.58,0.15070331818966012,0,5,3,3,11
17441.0,,,,731,1,293.35,,0,1,0,3,4
17442.0,44.0,32.0,53.0,36,15,4620.3,1.6567262250301829,3,7,7,9,23
17443.0,,,,219,1,534.24,,0,4,0,4,8
17444.0,12.0,,12.0,147,3,2940.04,,0,5,2,9,16
17446.0,133.0,,133.0,176,2,120.9,,0,5,1,1,7
17447.0,31.0,,31.0,39,2,541.53,,0,7,1,4,12
17448.0,3.0,2.0,4.0,496,46,14523.67,2.0555420877168937,2,2,8,10,20
17449.0,60.0,68.0,55.0,1,13,4868.15,0.8020604768286987,8,10,7,9,26
17450.0,8.0,13.0,4.0,7,51,244784.25,0.3011563653660324,10,10,9,10,29
17451.0,17.0,24.0,13.0,0,7,1721.4,0.5612031139419674,0,10,4,7,21
17453.0,46.0,,46.0,17,2,486.7199999999999,,0,9,1,4,14
17454.0,55.0,49.0,60.0,191,10,1547.94,1.205875769056971,5,4,6,7,17
17455.0,,,,203,1,131.7,,0,4,0,1,5
17456.0,90.0,,90.0,364,2,975.5600000000001,,0,3,1,6,10
17457.0,43.0,40.0,45.0,126,15,6804.23,1.1068173563661952,6,5,7,10,22
17458.0,366.0,,366.0,14,2,529.58,,0,9,1,4,14
17459.0,16.0,,16.0,42,2,657.3,,0,7,1,5,13
17460.0,39.0,33.0,44.0,93,16,2157.9700000000003,1.3214433979210822,5,6,7,8,21
17461.0,3.0,,3.0,22,3,735.82,,0,8,2,5,15
17462.0,223.0,,223.0,59,2,675.6899999999999,,0,6,1,5,12
17463.0,95.0,137.0,74.0,15,7,2535.26,0.538057088779319,0,9,4,8,21
17464.0,230.0,,230.0,157,3,907.1400000000001,,0,5,2,6,13
17465.0,51.0,28.0,63.0,425,7,2542.79,2.235660345080405,0,2,4,8,14
17466.0,68.0,,68.0,9,2,763.28,,0,9,1,5,15
17467.0,,,,394,1,102.6,,0,3,0,1,4
17468.0,182.0,,182.0,9,3,194.8,,0,9,2,2,13
17469.0,44.0,30.0,54.0,15,17,5051.25,1.75653950948855,3,9,7,9,25
17470.0,46.0,24.0,61.0,44,11,2626.47,2.527833375180841,2,7,6,8,21
17471.0,,,,474,1,321.65000000000003,,0,2,0,3,5
17472.0,145.0,329.0,54.0,190,4,922.35,0.16412639052155506,0,4,3,6,13
17473.0,47.0,,47.0,408,2,607.0,,0,3,1,4,8
17474.0,,,,599,1,1047.0,,0,1,0,6,7
17475.0,,,,78,1,194.37,,0,6,0,2,8
17476.0,341.0,,341.0,395,2,489.86,,0,3,1,4,8
17477.0,34.0,,34.0,612,2,1144.3,,0,1,1,6,8
17478.0,225.0,,225.0,407,2,1272.8000000000002,,0,3,1,7,11
17479.0,,,,632,1,389.26000000000005,,0,1,0,3,4
17480.0,366.0,,366.0,77,2,882.23,,0,6,1,6,13
17481.0,30.0,57.0,16.0,3,4,1255.59,0.2865603782735209,0,10,3,7,20
17482.0,91.0,,91.0,486,2,775.6400000000001,,0,2,1,5,8
17483.0,116.0,231.0,58.0,64,4,591.73,0.25450598546194797,0,6,3,4,13
17484.0,47.0,,47.0,575,2,209.57,,0,1,1,2,4
17486.0,,,,260,1,396.87,,0,4,0,3,7
17487.0,,,,727,1,160.55,,0,1,0,1,2
17488.0,,,,640,1,336.5,,0,1,0,3,4
17489.0,153.0,,153.0,58,2,376.64,,0,7,1,3,11
17490.0,71.0,162.0,16.0,0,9,2750.5,0.09943304074592711,10,10,5,8,23
17491.0,36.0,31.0,40.0,0,17,5653.67,1.277029923512376,5,10,7,10,27
17492.0,135.0,,135.0,247,3,1122.42,,0,4,2,6,12
17493.0,,,,384,1,100.91000000000001,,0,3,0,1,4
17494.0,,,,501,1,54.699999999999996,,0,2,0,1,3
17495.0,191.0,,191.0,7,3,806.72,,0,10,2,5,17
17496.0,111.0,67.0,134.0,358,4,1412.89,2.0022147935791685,0,3,3,7,13
17497.0,220.0,,220.0,389,2,287.25,,0,3,1,3,7
17498.0,,,,75,1,272.22,,0,6,0,2,8
17499.0,271.0,,271.0,289,2,1341.3899999999999,,0,4,1,7,12
17500.0,6.0,,6.0,16,3,1138.0,,0,9,2,6,17
17501.0,0.0,,0.0,220,2,288.6,,0,4,1,3,8
17502.0,6.0,10.0,4.0,8,4,689.1,0.41442276942756634,0,10,3,5,18
17503.0,35.0,,35.0,2,2,558.96,,0,10,1,4,15
17504.0,27.0,36.0,19.0,205,18,9490.17,0.5355498583300295,9,4,7,10,21
17505.0,110.0,54.0,129.0,161,5,2435.48,2.3656337623728927,0,5,3,8,16
17506.0,,,,75,1,302.2,,0,6,0,3,9
17507.0,47.0,,47.0,261,2,605.5799999999999,,0,4,1,4,9
17508.0,64.0,52.0,73.0,280,8,4579.23,1.4220270258240828,4,4,5,9,18
17509.0,0.0,0.0,1.0,57,8,6083.64,85.11486486486487,1,7,5,10,22
17510.0,395.0,,395.0,24,2,514.56,,0,8,1,4,13
17511.0,12.0,12.0,11.0,2,61,175469.63,0.9535214839885107,7,10,9,10,29
17512.0,41.0,53.0,30.0,28,18,5467.82,0.5673609318302437,9,8,7,9,24
17513.0,203.0,,203.0,71,3,1158.8000000000002,,0,6,2,6,14
17514.0,541.0,,541.0,127,2,522.0,,0,5,1,4,10
17515.0,64.0,38.0,80.0,30,9,1602.51,2.130575784884429,2,8,5,7,20
17516.0,72.0,46.0,90.0,14,6,947.5,1.9367807937871038,0,9,4,6,19
17517.0,,,,308,1,153.94,,0,4,0,1,5
17518.0,195.0,,195.0,425,2,329.42,,0,2,1,3,6
17519.0,51.0,33.0,64.0,16,15,4774.17,1.9024400209747825,3,9,7,9,25
17520.0,,,,53,1,546.81,,0,7,0,4,11
17521.0,101.0,40.0,121.0,29,5,1278.06,3.0254164074918792,0,8,3,7,18
17522.0,54.0,11.0,68.0,1,5,1070.71,5.816149679960611,0,10,3,6,19
17523.0,2.0,0.0,3.0,10,4,652.74,820.9285714285714,0,9,3,5,17
17524.0,38.0,,38.0,360,3,539.14,,0,3,2,4,9
17525.0,34.0,,34.0,359,3,1161.9,,0,3,2,6,11
17526.0,65.0,49.0,78.0,4,12,3939.24,1.5988044580106113,3,10,6,9,25
17527.0,54.0,108.0,28.0,53,4,939.37,0.2576585944676942,0,7,3,6,16
17528.0,10.0,7.0,12.0,0,8,3628.5,1.6535234099361114,3,10,5,9,24
17529.0,87.0,,87.0,609,2,1240.25,,0,1,1,7,9
17530.0,61.0,101.0,32.0,0,13,3038.58,0.3174264998323907,10,10,7,9,26
17531.0,214.0,,214.0,189,3,1266.82,,0,4,2,7,13
17532.0,,,,385,1,65.34,,0,3,0,1,4
17533.0,,,,434,1,34.8,,0,2,0,1,3
17534.0,149.0,84.0,171.0,53,5,1668.83,2.023251237989047,0,7,3,7,17
17535.0,,,,279,1,164.4,,0,4,0,2,6
17536.0,252.0,,252.0,176,3,364.83000000000004,,0,5,2,3,10
17537.0,273.0,,273.0,29,2,887.6700000000001,,0,8,1,6,15
17538.0,,,,25,1,98.42,,0,8,0,1,9
17539.0,36.0,27.0,40.0,617,4,1176.84,1.4503256114535692,0,1,3,6,10
17540.0,115.0,53.0,156.0,24,6,1590.6000000000001,2.9491592767728103,0,8,4,7,19
17541.0,,,,509,1,119.86,,0,2,0,1,3
17542.0,185.0,,185.0,269,3,340.85,,0,4,2,3,9
17543.0,,,,549,1,120.05,,0,1,0,1,2
17544.0,0.0,,0.0,389,3,944.8199999999999,,0,3,2,6,11
17545.0,106.0,93.0,115.0,42,6,1409.8600000000001,1.2353681545168382,0,7,4,7,18
17547.0,289.0,,289.0,375,2,727.85,,0,3,1,5,9
17548.0,54.0,12.0,75.0,233,4,731.26,5.8771419246042536,0,4,3,5,12
17549.0,27.0,,27.0,23,2,148.85999999999999,,0,8,1,1,10
17550.0,59.0,30.0,76.0,196,9,2506.64,2.4863603749216394,2,4,5,8,17
17551.0,,,,358,1,290.34,,0,3,0,3,6
17552.0,51.0,24.0,74.0,59,12,2786.77,3.100334554447436,1,6,6,8,20
17553.0,160.0,117.0,182.0,129,4,3757.6,1.5556030389363722,0,5,3,9,17
17554.0,36.0,25.0,40.0,0,5,1952.45,1.5780672002894225,0,10,3,8,21
17555.0,141.0,151.0,138.0,19,5,1045.74,0.9104061435787261,0,8,3,6,17
17556.0,173.0,,173.0,205,2,300.67,,0,4,1,3,8
17557.0,239.0,651.0,33.0,13,4,575.46,0.05139982595490184,0,9,3,4,16
17558.0,,,,392,1,259.17,,0,3,0,2,5
17559.0,,,,512,1,167.62,,0,2,0,2,4
17560.0,80.0,88.0,75.0,94,8,1895.8,0.8508839369443469,8,6,5,8,19
17561.0,237.0,202.0,255.0,18,4,703.02,1.2585831771097031,0,9,3,5,17
17562.0,26.0,26.0,26.0,13,7,1122.38,1.026269142087937,0,9,4,6,19
17563.0,33.0,,33.0,577,2,392.38,,0,1,1,3,5
17564.0,27.0,,27.0,23,3,454.01,,0,8,2,4,14
17565.0,,,,586,1,131.83,,0,1,0,1,2
17566.0,17.0,,17.0,7,2,869.77,,0,10,1,6,17
17567.0,54.0,53.0,54.0,6,9,4838.08,1.0292995622263914,6,10,5,9,24
17568.0,,,,632,1,374.45,,0,1,0,3,4
17569.0,,,,331,1,344.14,,0,3,0,3,6
17570.0,,,,381,1,100.0,,0,3,0,1,4
17571.0,123.0,244.0,82.0,49,5,1630.9099999999999,0.3386978848096044,0,7,3,7,17
17572.0,72.0,82.0,64.0,70,10,652.21,0.7791343902377615,8,6,6,5,17
17573.0,32.0,,32.0,28,3,380.6,,0,8,2,3,13
17574.0,,,,242,1,185.65,,0,4,0,2,6
17575.0,,,,666,1,171.7,,0,1,0,2,3
17576.0,18.0,17.0,18.0,7,41,8711.95,1.0556552859815584,6,10,8,10,28
17577.0,23.0,,23.0,644,2,348.75,,0,1,1,3,5
17578.0,51.0,11.0,72.0,217,7,1047.33,6.535677287709936,0,4,4,6,14
17579.0,191.0,398.0,87.0,4,4,753.28,0.2192138461110028,0,10,3,5,18
17580.0,42.0,45.0,41.0,252,5,541.02,0.9017413688673531,0,4,3,4,11
17581.0,17.0,20.0,14.0,0,43,17951.170000000002,0.7349170609954129,8,10,8,10,28
17582.0,96.0,51.0,112.0,235,5,1446.95,2.195260715112085,0,4,3,7,14
17583.0,,,,559,1,135.95,,0,1,0,1,2
17584.0,135.0,88.0,166.0,6,6,5309.42,1.8904028669318316,0,10,4,9,23
17585.0,61.0,16.0,83.0,108,7,2064.71,5.1018877873866275,0,5,4,8,17
17586.0,,,,618,1,167.4,,0,1,0,2,3
17587.0,,,,627,1,176.71,,0,1,0,2,3
17588.0,89.0,94.0,87.0,99,7,2939.55,0.9282181600593934,0,5,4,9,18
17589.0,34.0,18.0,48.0,59,18,13837.939999999999,2.611373650635575,2,6,7,10,23
17590.0,18.0,,18.0,1,3,1468.02,,0,10,2,7,19
17591.0,88.0,130.0,56.0,72,8,2339.32,0.4295655086594243,10,6,5,8,19
17592.0,,,,738,1,148.3,,0,1,0,1,2
17593.0,73.0,49.0,88.0,3,11,8092.32,1.787671192997288,3,10,6,10,26
17594.0,173.0,155.0,181.0,84,4,2497.88,1.170555883193938,0,6,3,8,17
17595.0,24.0,,24.0,11,2,386.69,,0,9,1,3,13
17596.0,58.0,56.0,59.0,22,13,4491.46,1.0430874924619635,6,8,7,9,24
17597.0,92.0,33.0,111.0,213,5,3484.09,3.294330806274734,0,4,3,9,16
17598.0,,,,380,1,409.98,,0,3,0,4,7
17599.0,,,,477,1,52.05,,0,2,0,1,3
17600.0,,,,17,1,161.67000000000002,,0,9,0,2,11
17601.0,141.0,,141.0,238,2,413.08,,0,4,1,4,9
17602.0,44.0,19.0,62.0,1,15,8121.4800000000005,3.304512479383608,1,10,7,10,27
17603.0,217.0,50.0,300.0,77,4,1788.38,5.970473772098094,0,6,3,7,16
17604.0,92.0,104.0,84.0,216,6,942.38,0.8066659390884768,0,4,4,6,14
17605.0,,,,589,1,160.75,,0,1,0,1,2
17606.0,,,,736,1,87.30000000000001,,0,1,0,1,2
17607.0,,,,375,1,333.81,,0,3,0,3,6
17608.0,191.0,158.0,207.0,32,4,488.06,1.3151270654169485,0,8,3,4,15
17609.0,56.0,51.0,60.0,40,11,1887.9,1.1849832375966127,5,7,6,8,21
17610.0,48.0,4.0,62.0,539,5,1511.94,15.673750287952085,0,1,3,7,11
17611.0,27.0,29.0,25.0,6,28,8337.53,0.871844904680417,7,10,8,10,28
17612.0,39.0,33.0,44.0,52,18,5394.86,1.3473921919662588,4,7,7,9,23
17613.0,21.0,18.0,24.0,22,14,4544.55,1.327401130447944,4,8,7,9,24
17614.0,,,,56,1,386.32,,0,7,0,3,10
17615.0,71.0,48.0,85.0,129,6,721.8,1.7529602180764972,0,5,4,5,14
17616.0,92.0,83.0,97.0,173,4,734.4,1.1551632884279819,0,5,3,5,13
17617.0,,,,558,1,385.19,,0,1,0,3,4
17618.0,67.0,47.0,81.0,5,11,4001.64,1.7270589675326662,3,10,6,9,25
17619.0,,,,311,1,214.37,,0,3,0,2,5
17620.0,,,,59,1,81.44,,0,6,0,1,7
17621.0,82.0,13.0,127.0,20,6,3175.12,9.454942570085052,0,8,4,9,21
17622.0,0.0,,0.0,597,2,1130.21,,0,1,1,6,8
17623.0,115.0,94.0,126.0,32,7,2365.7700000000004,1.342731658306307,0,8,4,8,20
17624.0,234.0,282.0,211.0,14,4,1568.63,0.7495900751405808,0,9,3,7,19
17625.0,100.0,92.0,106.0,17,8,5978.9,1.1540110910806938,5,9,5,10,24
17626.0,,,,602,1,254.0,,0,1,0,2,3
17627.0,,,,478,1,296.36,,0,2,0,3,5
17628.0,,,,80,1,75.75,,0,6,0,1,7
17629.0,46.0,51.0,41.0,5,10,2455.52,0.8076640951904782,8,10,6,8,24
17630.0,62.0,,62.0,169,2,503.6,,0,5,1,4,10
17631.0,121.0,30.0,166.0,1,7,998.49,5.381286215437724,0,10,4,6,20
17633.0,59.0,4.0,87.0,30,7,2057.39,17.657894736842106,0,8,4,8,20
17634.0,37.0,41.0,35.0,35,9,2358.59,0.8681667560473059,7,7,5,8,20
17635.0,83.0,,83.0,423,3,1265.58,,0,2,2,7,11
17636.0,,,,18,1,285.56,,0,9,0,2,11
17637.0,83.0,,83.0,30,2,547.06,,0,8,1,4,13
17638.0,74.0,,74.0,646,2,842.4,,0,1,1,5,7
17639.0,41.0,4.0,66.0,275,6,615.17,14.67947728558934,0,4,4,5,13
17640.0,107.0,48.0,147.0,86,6,3168.9399999999996,3.07606780835764,0,6,4,9,19
17642.0,153.0,113.0,166.0,119,5,1824.49,1.468173094730758,0,5,3,8,16
17643.0,132.0,,132.0,372,2,439.70000000000005,,0,3,1,4,8
17644.0,34.0,44.0,25.0,0,20,6028.6,0.5816088311688312,9,10,7,10,27
17646.0,45.0,37.0,52.0,218,12,3898.79,1.401700149991503,4,4,6,9,19
17647.0,302.0,,302.0,64,3,331.65999999999997,,0,6,2,3,11
17648.0,81.0,135.0,62.0,60,5,2216.37,0.4640350338674361,0,6,3,8,17
17649.0,167.0,,167.0,137,3,1578.8899999999999,,0,5,2,7,14
17650.0,,,,20,1,166.08,,0,8,0,2,10
17651.0,34.0,50.0,19.0,11,16,5703.52,0.38734118722883915,10,9,7,10,26
17652.0,23.0,27.0,19.0,24,12,4867.72,0.72355648599192,8,8,6,9,23
17653.0,27.0,20.0,31.0,36,4,1207.5600000000002,1.509815991747912,0,7,3,6,16
17654.0,,,,276,1,117.55,,0,4,0,1,5
17655.0,50.0,37.0,58.0,10,9,2976.38,1.5725945788616476,3,9,5,9,23
17656.0,13.0,14.0,13.0,72,5,1674.69,0.9693775347684022,0,6,3,7,16
17657.0,,,,429,1,126.0,,0,2,0,1,3
17658.0,185.0,,185.0,25,2,595.42,,0,8,1,4,13
17659.0,28.0,33.0,23.0,16,14,3586.99,0.7098891721383397,9,9,7,9,25
17660.0,595.0,,595.0,140,2,342.22,,0,5,1,3,9
17662.0,60.0,,60.0,661,2,412.92,,0,1,1,4,6
17663.0,38.0,27.0,47.0,25,17,5175.83,1.7721669051970383,3,8,7,9,24
17664.0,200.0,145.0,227.0,18,4,1166.23,1.563200902870041,0,9,3,6,18
17665.0,,,,492,1,563.1,,0,2,0,4,6
17666.0,130.0,33.0,163.0,3,5,2047.8,4.9376122302108,0,10,3,8,21
17667.0,73.0,73.0,73.0,65,9,3950.7,1.0107568256302655,6,6,5,9,20
17668.0,36.0,,36.0,0,2,347.75,,0,10,1,3,14
17669.0,63.0,94.0,39.0,42,10,6142.35,0.4174747924353395,10,7,6,10,23
17670.0,,,,227,1,205.7,,0,4,0,2,6
17671.0,90.0,10.0,116.0,15,5,2009.1599999999999,11.540332554624158,0,9,3,8,20
17672.0,105.0,121.0,97.0,49,7,5778.63,0.7960476087377645,0,7,4,10,21
17673.0,52.0,43.0,58.0,1,13,4173.88,1.3655553366300373,4,10,7,9,26
17674.0,294.0,,294.0,73,2,551.04,,0,6,1,4,11
17675.0,10.0,9.0,11.0,0,70,37642.48,1.2203639632472378,5,10,9,10,29
17676.0,68.0,63.0,72.0,3,10,2448.64,1.1442897119341564,6,10,6,8,24
17677.0,13.0,13.0,13.0,1,54,35058.46,0.9959592283205574,7,10,9,10,29
17678.0,339.0,,339.0,263,2,599.76,,0,4,1,4,9
17679.0,113.0,20.0,160.0,52,7,3577.61,7.896634082262825,0,7,4,9,20
17680.0,243.0,,243.0,23,3,497.45000000000005,,0,8,2,4,14
17681.0,24.0,10.0,28.0,596,5,731.2,2.602886021231962,0,1,3,5,9
17682.0,63.0,50.0,71.0,9,11,4065.2799999999997,1.4360848077298978,4,9,6,9,24
17683.0,84.0,,84.0,385,3,819.01,,0,3,2,5,10
17684.0,,,,43,1,239.41,,0,7,0,2,9
17685.0,59.0,58.0,59.0,16,12,5454.95,1.008566003334766,6,9,6,9,24
17686.0,65.0,111.0,38.0,6,9,8296.81,0.34766789917087343,10,10,5,10,25
17687.0,,,,420,1,432.68,,0,2,0,4,6
17688.0,,,,393,1,304.2,,0,3,0,3,6
17689.0,85.0,,85.0,387,2,317.08000000000004,,0,3,1,3,7
17690.0,33.0,38.0,29.0,29,20,6963.8,0.765991157772953,8,8,7,10,25
17691.0,62.0,147.0,20.0,357,4,637.55,0.13996921159004194,0,3,3,5,11
17692.0,37.0,23.0,49.0,126,12,2975.7999999999997,2.1293988744459384,2,5,6,9,20
17693.0,,,,136,1,200.47,,0,5,0,2,7
17694.0,210.0,,210.0,141,3,1695.97,,0,5,2,7,14
17695.0,137.0,217.0,110.0,131,5,1746.04,0.509719871915856,0,5,3,7,15
17696.0,26.0,23.0,28.0,37,27,7679.59,1.2066775211071392,5,7,8,10,25
17697.0,,,,235,1,338.95,,0,4,0,3,7
17698.0,,,,260,1,154.95,,0,4,0,1,5
17699.0,84.0,,84.0,476,2,442.0,,0,2,1,4,7
17700.0,55.0,43.0,66.0,16,14,6679.97,1.533446485431661,4,9,7,10,26
17701.0,,,,252,1,417.95,,0,4,0,4,8
17702.0,74.0,97.0,58.0,29,6,3144.04,0.6042139044063125,0,8,4,9,21
17703.0,127.0,279.0,51.0,34,4,1094.84,0.18417925038582353,0,7,3,6,16
17704.0,71.0,,71.0,168,2,885.19,,0,5,1,6,12
17705.0,57.0,90.0,35.0,2,11,2083.9,0.39137881083686504,10,10,6,8,24
17706.0,22.0,23.0,22.0,3,31,20272.15,0.9810858640703081,7,10,8,10,28
17707.0,78.0,70.0,83.0,184,8,609.3000000000001,1.1932210580319265,5,5,5,4,14
17708.0,78.0,20.0,107.0,187,4,884.1800000000001,5.153691252829184,0,5,3,6,14
17709.0,108.0,11.0,140.0,169,5,671.01,11.7454471639021,0,5,3,5,13
17710.0,,,,423,1,293.5,,0,2,0,3,5
17711.0,279.0,,279.0,10,2,385.1,,0,9,1,3,13
17712.0,,,,44,1,522.91,,0,7,0,4,11
17713.0,55.0,69.0,48.0,381,4,1198.0900000000001,0.7020006826212657,0,3,3,6,12
17714.0,48.0,14.0,59.0,320,5,1410.18,4.245629644275287,0,3,3,7,13
17715.0,392.0,,392.0,200,2,489.59999999999997,,0,4,1,4,9
17716.0,31.0,30.0,31.0,22,24,15956.97,1.006325674043678,6,8,7,10,25
17717.0,,,,420,1,376.92,,0,2,0,3,5
17718.0,412.0,,412.0,231,2,439.17999999999995,,0,4,1,4,9
17719.0,15.0,16.0,14.0,37,15,5396.04,0.8994776192611693,7,7,7,9,23
17720.0,61.0,39.0,79.0,25,10,2666.91,2.012863630133049,2,8,6,8,22
17721.0,,,,658,1,307.21000000000004,,0,1,0,3,4
17722.0,69.0,9.0,90.0,95,5,3520.2200000000003,9.869351196366496,0,6,3,9,18
17723.0,41.0,87.0,18.0,126,7,3378.4000000000005,0.20904101549333196,0,5,4,9,18
17724.0,33.0,,33.0,70,3,1033.0,,0,6,2,6,14
17725.0,25.0,21.0,27.0,15,11,3439.08,1.2402889622644,5,9,6,9,24
17726.0,47.0,84.0,29.0,394,7,1092.0600000000002,0.3444558437630286,0,3,4,6,13
17727.0,,,,14,1,1060.25,,0,9,0,6,15
17728.0,112.0,49.0,133.0,3,5,4238.76,2.7239090617269963,0,10,3,9,22
17729.0,,,,595,1,438.65000000000003,,0,1,0,4,5
17730.0,30.0,34.0,27.0,2,20,7773.8,0.7793836175165635,8,10,7,10,27
17731.0,117.0,242.0,34.0,78,6,1708.99,0.1429766504748502,0,6,4,7,17
17732.0,16.0,19.0,14.0,372,8,2166.42,0.7546324891908586,8,3,5,8,16
17733.0,222.0,,222.0,38,2,692.19,,0,7,1,5,13
17734.0,117.0,58.0,157.0,53,6,1442.3200000000002,2.693801536638811,0,7,4,7,18
17735.0,19.0,21.0,18.0,1,26,16790.33,0.8491649503900434,8,10,8,10,28
17736.0,52.0,,52.0,8,3,377.44,,0,10,2,3,15
17737.0,49.0,,49.0,8,2,168.24,,0,10,1,2,13
17738.0,50.0,12.0,78.0,18,13,4183.5599999999995,6.218937335065711,1,9,7,9,25
17739.0,42.0,37.0,47.0,11,18,7730.59,1.2753398402329663,5,9,7,10,26
17740.0,61.0,39.0,76.0,388,6,426.9,1.935961053434219,0,3,4,4,11
17741.0,153.0,,153.0,406,2,101.10000000000001,,0,3,1,1,5
17742.0,62.0,45.0,73.0,112,11,2098.48,1.6098863787249378,3,5,6,8,19
17743.0,,,,447,1,229.2,,0,2,0,2,4
17744.0,62.0,25.0,81.0,3,7,2649.14,3.2543521245558,0,10,4,8,22
17745.0,78.0,,78.0,477,2,600.34,,0,2,1,4,7
17746.0,123.0,139.0,115.0,239,4,904.1800000000001,0.8309448287919279,0,4,3,6,13
17747.0,,,,112,1,71.4,,0,5,0,1,6
17748.0,,,,526,1,358.15,,0,2,0,3,5
17749.0,184.0,,184.0,177,3,1026.18,,0,5,2,6,13
17750.0,19.0,17.0,21.0,4,9,1710.45,1.2631904587454716,5,10,5,7,22
17751.0,,,,420,1,157.85999999999999,,0,2,0,1,3
17752.0,,,,358,1,80.64,,0,3,0,1,4
17753.0,79.0,222.0,7.0,463,4,382.05999999999995,0.03384567468659971,0,2,3,3,8
17754.0,60.0,48.0,69.0,0,13,4451.22,1.4347064381511612,4,10,7,9,26
17756.0,9.0,,9.0,375,3,728.75,,0,3,2,5,10
17757.0,12.0,12.0,13.0,0,56,9074.05,1.0827768446056782,6,10,9,10,29
17758.0,45.0,72.0,26.0,18,13,5406.37,0.3748782581024657,10,9,7,9,25
17759.0,141.0,190.0,125.0,16,5,1261.88,0.6592101306628586,0,9,3,7,19
17760.0,125.0,10.0,201.0,21,6,746.39,18.392656528291546,0,8,4,5,17
17761.0,,,,32,1,712.78,,0,8,0,5,13
17762.0,,,,455,1,129.75,,0,2,0,1,3
17763.0,131.0,5.0,195.0,262,4,86.15,32.730361305361306,0,4,3,1,8
17764.0,171.0,196.0,163.0,50,5,1513.57,0.832463384231848,0,7,3,7,17
17765.0,96.0,191.0,49.0,158,4,524.0,0.255329501181118,0,5,3,4,12
17766.0,0.0,,0.0,380,2,299.61,,0,3,1,3,7
17767.0,394.0,,394.0,14,2,413.04999999999995,,0,9,1,4,14
17768.0,121.0,28.0,167.0,7,7,3292.73,5.878913085747618,0,10,4,9,23
17769.0,42.0,52.0,34.0,12,17,7053.38,0.6492284316566982,9,9,7,10,26
17770.0,20.0,6.0,25.0,198,5,1143.27,3.687385679603578,0,4,3,6,13
17771.0,177.0,153.0,189.0,56,4,387.40999999999997,1.2400754600614927,0,7,3,3,13
17772.0,190.0,,190.0,10,3,360.75,,0,9,2,3,14
17773.0,175.0,,175.0,513,2,575.37,,0,2,1,4,7
17774.0,71.0,65.0,75.0,96,9,3273.83,1.145936526637718,6,5,5,9,19
17775.0,,,,254,1,56.4,,0,4,0,1,5
17776.0,336.0,,336.0,386,2,330.56,,0,3,1,3,7
17777.0,37.0,,37.0,24,3,647.56,,0,8,2,5,15
17778.0,,,,661,1,197.70000000000002,,0,1,0,2,3
17779.0,61.0,,61.0,20,3,650.3199999999999,,0,8,2,5,15
17780.0,8.0,,8.0,666,3,346.56,,0,1,2,3,6
17781.0,93.0,,93.0,158,2,188.01999999999998,,0,5,1,2,8
17782.0,0.0,,0.0,382,2,679.02,,0,3,1,5,9
17783.0,220.0,,220.0,71,3,376.96,,0,6,2,3,11
17784.0,,,,549,1,112.86,,0,1,0,1,2
17785.0,256.0,,256.0,52,3,403.38,,0,7,2,3,12
17786.0,231.0,,231.0,84,2,266.85,,0,6,1,2,9
17787.0,72.0,47.0,85.0,152,4,1817.54,1.7829859350782913,0,5,3,7,15
17788.0,55.0,,55.0,73,2,1117.9,,0,6,1,6,13
17789.0,379.0,,379.0,280,2,397.15,,0,4,1,3,8
17790.0,27.0,20.0,33.0,26,20,2779.41,1.6486592598786647,3,8,7,8,23
17791.0,,,,29,1,106.1,,0,8,0,1,9
17792.0,11.0,,11.0,466,2,368.35,,0,2,1,3,6
17793.0,,,,24,1,300.34,,0,8,0,3,11
17794.0,1.0,,1.0,686,2,147.3,,0,1,1,1,3
17795.0,85.0,,85.0,179,2,342.83000000000004,,0,5,1,3,9
17796.0,63.0,21.0,84.0,39,7,1236.39,3.93816217265419,0,7,4,7,18
17797.0,100.0,51.0,136.0,21,8,1971.8700000000001,2.6270847625241665,2,8,5,8,21
17798.0,,,,581,1,178.07,,0,1,0,2,3
17799.0,35.0,37.0,33.0,21,21,6861.3099999999995,0.8913781069030292,7,8,7,10,25
17800.0,37.0,57.0,24.0,36,9,1187.21,0.43064174044378745,10,7,5,6,18
17801.0,120.0,,120.0,450,3,770.03,,0,2,2,5,9
17802.0,71.0,59.0,81.0,81,10,4946.22,1.3645887731316024,4,6,6,9,21
17803.0,,,,391,1,184.66,,0,3,0,2,5
17804.0,181.0,,181.0,375,3,383.78,,0,3,2,3,8
17805.0,536.0,,536.0,73,2,927.03,,0,6,1,6,13
17806.0,,,,10,1,546.04,,0,9,0,4,13
17807.0,154.0,,154.0,394,3,437.87,,0,3,2,4,9
17808.0,10.0,22.0,4.0,548,4,262.64,0.21440685665828765,0,1,3,2,6
17809.0,37.0,40.0,35.0,15,20,10085.89,0.8731985978605173,7,9,7,10,26
17810.0,15.0,,15.0,668,2,373.15999999999997,,0,1,1,3,5
17811.0,9.0,10.0,8.0,3,47,9519.800000000001,0.8706542303757341,7,10,8,10,28
17812.0,86.0,78.0,90.0,12,7,911.99,1.15866704029392,0,9,4,6,19
17813.0,14.0,7.0,16.0,13,5,1698.07,2.3804046013486713,0,9,3,7,19
17814.0,47.0,,47.0,374,2,1609.37,,0,3,1,7,11
17815.0,,,,392,1,591.96,,0,3,0,4,7
17816.0,137.0,179.0,109.0,36,6,96.11,0.6108461682817968,0,7,4,1,12
17817.0,83.0,21.0,124.0,3,6,788.15,5.672174654829231,0,10,4,5,19
17818.0,,,,737,1,124.78,,0,1,0,1,2
17819.0,59.0,70.0,49.0,71,12,6021.05,0.7039563695933159,9,6,6,10,22
17820.0,,,,373,1,180.60999999999999,,0,3,0,2,5
17821.0,,,,405,1,334.62,,0,3,0,3,6
17822.0,35.0,0.0,46.0,419,5,2162.93,988.3529411764706,0,2,3,8,13
17823.0,0.0,,0.0,420,2,449.25,,0,2,1,4,7
17824.0,,,,50,1,298.4,,0,7,0,3,10
17825.0,42.0,0.0,63.0,598,4,701.96,22858.5,0,1,3,5,9
17826.0,,,,373,1,133.34,,0,3,0,1,4
17827.0,123.0,128.0,119.0,4,6,2376.17,0.9318875714750321,0,10,4,8,22
17828.0,54.0,14.0,73.0,22,4,1820.09,5.277078896538062,0,8,3,8,19
17829.0,89.0,178.0,59.0,298,5,4756.74,0.3349653696204573,0,4,3,9,16
17830.0,143.0,,143.0,1,3,398.7,,0,10,2,3,15
17831.0,,,,32,1,35.400000000000006,,0,8,0,1,9
17832.0,,,,49,1,155.37,,0,7,0,1,8
17833.0,,,,722,1,338.46000000000004,,0,1,0,3,4
17834.0,30.0,,30.0,414,2,689.6700000000001,,0,2,1,5,8
17835.0,10.0,,10.0,2,3,342.24,,0,10,2,3,15
17836.0,,,,46,1,110.21000000000001,,0,7,0,1,8
17837.0,17.0,29.0,8.0,41,8,1541.23,0.28233739451976864,10,7,5,7,19
17838.0,50.0,23.0,69.0,26,13,5604.64,3.035106518710172,1,8,7,10,25
17839.0,,,,41,1,318.15,,0,7,0,3,10
17840.0,,,,443,1,175.9,,0,2,0,2,4
17841.0,3.0,4.0,2.0,1,211,68545.25,0.6672345247684569,9,10,10,10,30
17842.0,,,,601,1,430.69,,0,1,0,4,5
17843.0,108.0,,108.0,302,2,320.4,,0,4,1,3,8
17844.0,,,,106,1,51.559999999999995,,0,5,0,1,6
17845.0,7.0,0.0,10.0,554,4,596.0899999999999,1898.0,0,1,3,4,8
17846.0,,,,84,1,2033.1,,0,6,0,8,14
17847.0,129.0,,129.0,515,2,129.69,,0,2,1,1,4
17848.0,22.0,14.0,29.0,80,30,3559.11,2.005403037253959,2,6,8,9,23
17849.0,59.0,51.0,65.0,217,8,1063.76,1.2694809708755281,5,4,5,6,15
17850.0,2.0,2.0,1.0,371,155,51208.87,0.6902434297552675,9,3,10,10,23
17851.0,62.0,8.0,99.0,421,6,1552.35,11.81626622479978,0,2,4,7,13
17852.0,179.0,6.0,237.0,11,5,657.8100000000001,34.31278195488722,0,9,3,5,17
17853.0,164.0,,164.0,406,3,1596.29,,0,3,2,7,12
17854.0,109.0,108.0,109.0,184,6,1068.5,1.010937353365241,0,5,4,6,15
17855.0,,,,372,1,208.97,,0,3,0,2,5
17856.0,93.0,16.0,131.0,1,4,1418.03,7.733852187768109,0,10,3,7,20
17857.0,27.0,42.0,14.0,3,24,27347.04,0.32841373534095203,10,10,7,10,27
17858.0,25.0,22.0,27.0,5,30,12518.65,1.1767455070342205,5,10,8,10,28
17859.0,,,,304,1,141.92000000000002,,0,4,0,1,5
17860.0,119.0,0.0,179.0,368,4,717.39,43178.916666666664,0,3,3,5,11
17861.0,42.0,42.0,43.0,2,18,5088.29,1.0308815612474889,6,10,7,9,26
17862.0,79.0,170.0,34.0,323,4,1254.89,0.20517658975709974,0,3,3,7,13
17863.0,53.0,47.0,59.0,58,12,5360.48,1.2355954277474797,5,7,6,9,22
17864.0,103.0,42.0,124.0,12,5,876.5699999999999,2.9593134418822493,0,9,3,6,18
17865.0,15.0,14.0,16.0,30,46,26312.190000000002,1.1405730442949589,6,8,8,10,26
17866.0,291.0,,291.0,142,3,1134.95,,0,5,2,6,13
17867.0,50.0,45.0,54.0,29,15,1582.05,1.185753488902691,5,8,7,7,22
17868.0,,,,385,1,227.15,,0,3,0,2,5
17869.0,73.0,89.0,65.0,106,7,813.64,0.7283433280743035,0,5,4,5,14
17870.0,31.0,49.0,18.0,1,13,2753.29,0.38557677469970586,10,10,7,8,25
17871.0,122.0,115.0,124.0,204,5,1068.95,1.082509226576563,0,4,3,6,13
17872.0,,,,381,1,235.87,,0,3,0,2,5
17873.0,37.0,30.0,44.0,79,18,6265.33,1.4439069121237629,4,6,7,10,23
17874.0,14.0,15.0,13.0,184,6,683.46,0.8860212075041938,0,5,4,5,14
17875.0,,,,687,1,167.1,,0,1,0,2,3
17876.0,137.0,,137.0,399,3,3424.02,,0,3,2,9,14
17877.0,,,,169,1,237.61,,0,5,0,2,7
17878.0,175.0,,175.0,43,3,1378.93,,0,7,2,7,16
17879.0,,,,173,1,178.51999999999998,,0,5,0,2,7
17880.0,182.0,,182.0,364,3,824.9200000000001,,0,3,2,5,10
17881.0,,,,303,1,133.35000000000002,,0,4,0,1,5
17882.0,0.0,,0.0,378,2,291.56,,0,3,1,3,7
17883.0,108.0,56.0,134.0,2,7,988.4200000000001,2.3749146222148383,0,10,4,6,20
17884.0,36.0,22.0,47.0,3,21,2796.47,2.0767599372058405,2,10,7,8,25
17885.0,,,,11,1,156.34,,0,9,0,1,10
17886.0,111.0,76.0,135.0,31,6,1572.55,1.778125675128788,0,8,4,7,19
17887.0,,,,128,1,111.35,,0,5,0,1,6
17888.0,29.0,21.0,35.0,20,25,1807.44,1.6968970442560434,3,8,8,7,23
17889.0,67.0,122.0,40.0,211,7,746.42,0.3322170184433809,0,4,4,5,13
17890.0,38.0,,38.0,322,2,586.89,,0,3,1,4,8
17891.0,,,,161,1,203.85999999999999,,0,5,0,2,7
17892.0,49.0,,49.0,55,3,244.1,,0,7,2,2,11
17893.0,,,,224,1,107.21,,0,4,0,1,5
17894.0,23.0,10.0,34.0,71,18,2304.58,3.1736812010478586,1,6,7,8,21
17895.0,,,,43,1,95.45,,0,7,0,1,8
17896.0,,,,22,1,256.32,,0,8,0,2,10
17897.0,50.0,8.0,75.0,172,9,2099.89,8.785016812373907,1,5,5,8,18
17898.0,160.0,114.0,183.0,84,4,299.18,1.5992806103618729,0,6,3,3,12
17899.0,,,,158,1,154.55,,0,5,0,1,6
17900.0,0.0,,0.0,189,2,112.19999999999999,,0,4,1,1,6
17901.0,246.0,,246.0,28,3,260.08,,0,8,2,2,12
17902.0,,,,546,1,216.39999999999998,,0,1,0,2,3
17903.0,,,,393,1,381.09000000000003,,0,3,0,3,6
17904.0,,,,20,1,181.07,,0,8,0,2,10
17905.0,50.0,8.0,80.0,70,13,2178.87,8.991993146469303,1,6,7,8,21
17906.0,,,,246,1,72.9,,0,4,0,1,5
17907.0,,,,640,1,291.76,,0,1,0,3,4
17908.0,87.0,126.0,74.0,373,5,1142.47,0.5906417716719169,0,3,3,6,12
17909.0,,,,736,1,110.05,,0,1,0,1,2
17910.0,,,,725,1,261.7,,0,1,0,2,3
17911.0,,,,8,1,366.23,,0,10,0,3,13
17912.0,13.0,5.0,17.0,309,6,374.55,3.2454249185259463,0,4,4,3,11
17913.0,52.0,32.0,69.0,58,14,3429.29,2.152487078128316,2,7,7,9,23
17914.0,,,,3,1,329.36,,0,10,0,3,13
17915.0,,,,550,1,225.78,,0,1,0,2,3
17916.0,104.0,,104.0,628,2,43.870000000000005,,0,1,1,1,3
17917.0,158.0,,158.0,44,3,335.03,,0,7,2,3,12
17918.0,2.0,,2.0,500,3,396.39,,0,2,2,3,7
17919.0,350.0,,350.0,87,2,1840.32,,0,6,1,8,15
17920.0,13.0,7.0,20.0,3,54,23581.78,2.8908414980290837,1,10,9,10,29
17921.0,49.0,32.0,63.0,63,10,2394.36,1.9826861583093822,2,6,6,8,20
17922.0,,,,542,1,170.4,,0,1,0,2,3
17923.0,131.0,,131.0,281,3,497.0,,0,4,2,4,10
17924.0,57.0,115.0,13.0,11,8,3257.7000000000003,0.12098314286229034,10,9,5,9,23
17925.0,,,,372,1,244.08,,0,3,0,2,5
17926.0,111.0,114.0,110.0,132,5,1035.49,0.9596642850959574,0,5,3,6,14
17927.0,,,,721,1,294.0,,0,1,0,3,4
17928.0,262.0,,262.0,44,3,341.24,,0,7,2,3,12
17929.0,65.0,59.0,70.0,10,12,3082.1,1.1980512755330217,5,9,6,9,24
17930.0,50.0,31.0,64.0,35,13,4275.22,2.0446527510795383,2,7,7,9,23
17931.0,40.0,19.0,58.0,133,14,3402.24,2.90968837439686,1,5,7,9,21
17932.0,91.0,,91.0,28,3,1331.57,,0,8,2,7,17
17933.0,,,,631,1,114.69,,0,1,0,1,2
17934.0,177.0,,177.0,51,3,1049.15,,0,7,2,6,15
17935.0,99.0,157.0,70.0,137,7,686.14,0.4502177661832331,0,5,4,5,14
17936.0,,,,4,1,380.13,,0,10,0,3,13
17937.0,58.0,31.0,72.0,8,7,4301.22,2.2741714211053528,0,10,4,9,23
17938.0,,,,419,1,144.29,,0,2,0,1,3
17939.0,,,,159,1,99.14,,0,5,0,1,6
17940.0,45.0,65.0,28.0,48,16,30306.79,0.43214174623002594,10,7,7,10,24
17941.0,190.0,43.0,264.0,130,4,1433.28,6.124818939710948,0,5,3,7,15
17942.0,,,,7,1,77.50000000000001,,0,10,0,1,11
17944.0,,,,422,1,74.99,,0,2,0,1,3
17945.0,0.0,,0.0,696,3,360.35,,0,1,2,3,6
17946.0,26.0,,26.0,232,2,149.57999999999998,,0,4,1,1,6
17947.0,,,,36,1,176.68,,0,7,0,2,9
17948.0,,,,146,1,358.56000000000006,,0,5,0,3,8
17949.0,6.0,4.0,7.0,0,118,117314.08,1.6487445493793358,3,10,10,10,30
17950.0,105.0,94.0,110.0,71,7,1166.29,1.1720426748596124,0,6,4,6,16
17951.0,121.0,30.0,166.0,39,4,1340.5800000000002,5.405754748791727,0,7,3,7,17
17952.0,54.0,0.0,81.0,377,4,788.46,14677.0,0,3,3,5,11
17953.0,,,,539,1,159.17000000000002,,0,1,0,1,2
17954.0,40.0,45.0,36.0,4,19,3804.38,0.7980148275697135,8,10,7,9,26
17955.0,93.0,222.0,6.0,198,6,949.9,0.03137165720148328,0,4,4,6,14
17956.0,,,,248,1,12.75,,0,4,0,1,5
17957.0,,,,65,1,111.68,,0,6,0,1,7
17958.0,611.0,,611.0,116,2,973.8799999999999,,0,5,1,6,12
17959.0,,,,591,1,140.75,,0,1,0,1,2
17960.0,235.0,,235.0,170,3,135.08,,0,5,2,1,8
17961.0,7.0,5.0,9.0,20,100,2866.74,1.6525226258763543,3,8,10,8,26
17962.0,184.0,146.0,203.0,141,4,666.96,1.3932146406646029,0,5,3,5,13
17963.0,72.0,142.0,37.0,470,4,643.16,0.2623634181772248,0,2,3,5,10
17964.0,340.0,,340.0,31,2,463.21,,0,8,1,4,13
17965.0,24.0,25.0,24.0,37,29,7006.65,0.9670253192951721,7,7,8,10,25
17966.0,72.0,24.0,110.0,37,10,1963.92,4.482809580670085,1,7,6,8,21
17967.0,44.0,,44.0,371,2,223.42,,0,3,1,2,6
17968.0,46.0,123.0,7.0,373,4,590.44,0.06454044045004714,0,3,3,4,10
17969.0,29.0,10.0,47.0,165,20,2354.29,4.7048902720886066,1,5,7,8,20
17970.0,,,,210,1,562.79,,0,4,0,4,8
17971.0,,,,547,1,161.94,,0,1,0,2,3
17972.0,,,,241,1,135.19,,0,4,0,1,5
17973.0,,,,51,1,337.04,,0,7,0,3,10
17974.0,76.0,12.0,118.0,24,6,1739.09,9.250524193911252,0,8,4,7,19
17975.0,20.0,11.0,29.0,14,24,6696.33,2.5951141636893764,2,9,7,10,26
17976.0,,,,371,1,321.79,,0,3,0,3,6
17977.0,370.0,,370.0,28,2,1511.4499999999998,,0,8,1,7,16
17978.0,122.0,34.0,166.0,364,4,1159.9899999999998,4.8801037073330065,0,3,3,6,12
17979.0,74.0,0.0,111.0,35,4,732.4100000000001,4887.242424242424,0,7,3,5,15
17980.0,75.0,34.0,96.0,165,4,1012.72,2.846648853716244,0,5,3,6,14
17981.0,,,,410,1,239.12,,0,2,0,2,4
17982.0,,,,680,1,138.18,,0,1,0,1,2
17983.0,0.0,,0.0,394,2,343.42,,0,3,1,3,7
17984.0,148.0,243.0,116.0,144,5,1152.19,0.47978828725915773,0,5,3,6,14
17985.0,,,,21,1,631.35,,0,8,0,5,13
17986.0,,,,55,1,20.8,,0,7,0,1,8
17987.0,91.0,150.0,71.0,184,5,965.44,0.4780014258335108,0,5,3,6,14
17988.0,55.0,40.0,67.0,11,14,489.53999999999996,1.663493466428707,3,9,7,4,20
17989.0,,,,378,1,207.32999999999998,,0,3,0,2,5
17990.0,99.0,175.0,48.0,236,6,1527.6100000000001,0.2730414549436261,0,4,4,7,15
17991.0,183.0,,183.0,224,3,300.3,,0,4,2,3,9
17992.0,,,,388,1,252.88,,0,3,0,2,5
17993.0,,,,616,1,225.99,,0,1,0,2,3
17994.0,49.0,28.0,64.0,121,11,2270.03,2.278543837539319,2,5,6,8,19
17995.0,52.0,,52.0,281,3,495.48,,0,4,2,4,10
17996.0,83.0,,83.0,379,3,482.33000000000004,,0,3,2,4,9
17997.0,12.0,10.0,14.0,73,8,1962.46,1.4261592741935485,4,6,5,8,19
17998.0,179.0,,179.0,379,3,639.24,,0,3,2,5,10
17999.0,170.0,,170.0,36,3,528.46,,0,7,2,4,13
18000.0,,,,563,1,124.25,,0,1,0,1,2
18001.0,145.0,143.0,145.0,11,6,924.14,1.0126087522980936,0,9,4,6,19
18002.0,118.0,112.0,121.0,375,4,244.37,1.0862058295686614,0,3,3,2,8
18003.0,,,,375,1,353.51,,0,3,0,3,6
18004.0,,,,361,1,157.92,,0,3,0,1,4
18005.0,43.0,,43.0,3,2,226.47,,0,10,1,2,13
18006.0,233.0,105.0,296.0,22,4,969.51,2.82068483301341,0,8,3,6,17
18007.0,,,,392,1,215.22,,0,3,0,2,5
18008.0,28.0,24.0,32.0,69,23,19759.079999999998,1.3078059768479706,5,6,7,10,23
18009.0,59.0,20.0,89.0,234,8,2144.23,4.447367510124961,1,4,5,8,17
18010.0,,,,256,1,174.8,,0,4,0,2,6
18011.0,194.0,,194.0,372,2,410.78999999999996,,0,3,1,4,8
18012.0,,,,722,1,115.3,,0,1,0,1,2
18013.0,0.0,,0.0,154,2,187.29000000000002,,0,5,1,2,8
18014.0,,,,27,1,162.22,,0,8,0,2,10
18015.0,,,,3,1,120.03,,0,10,0,1,11
18016.0,108.0,158.0,82.0,31,7,1954.56,0.5233236375105683,0,8,4,8,20
18017.0,116.0,120.0,114.0,80,4,688.0,0.9470792232697541,0,6,3,5,14
18018.0,104.0,21.0,145.0,107,4,297.99,6.865152160382612,0,5,3,3,11
18019.0,,,,51,1,38.45,,0,7,0,1,8
18020.0,,,,543,1,190.48000000000002,,0,1,0,2,3
18021.0,2.0,,2.0,509,2,216.41,,0,2,1,2,5
18022.0,127.0,132.0,126.0,35,5,1507.25,0.9480224099587432,0,7,3,7,17
18024.0,0.0,,0.0,152,2,389.78,,0,5,1,3,9
18025.0,47.0,106.0,8.0,379,6,1177.72,0.08446856112392717,0,3,4,6,13
18026.0,4.0,,4.0,500,2,2074.07,,0,2,1,8,11
18027.0,,,,98,1,115.31,,0,5,0,1,6
18028.0,,,,582,1,192.05,,0,1,0,2,3
18029.0,,,,641,1,433.77,,0,1,0,4,5
18030.0,38.0,,38.0,3,2,230.64999999999998,,0,10,1,2,13
18031.0,,,,378,1,451.3,,0,3,0,4,7
18032.0,,,,333,1,73.5,,0,3,0,1,4
18033.0,,,,64,1,93.82000000000001,,0,6,0,1,7
18034.0,176.0,,176.0,21,3,754.1999999999999,,0,8,2,5,15
18035.0,87.0,0.0,116.0,35,5,1260.23,41994.416666666664,0,7,3,7,17
18036.0,68.0,53.0,79.0,31,11,1545.49,1.4892672159071159,4,8,6,7,21
18037.0,41.0,18.0,58.0,153,15,167.42,3.126541180086048,1,5,7,2,14
18038.0,,,,555,1,141.48,,0,1,0,1,2
18039.0,88.0,68.0,98.0,373,4,548.22,1.4542185635156226,0,3,3,4,10
18040.0,226.0,,226.0,18,2,357.2,,0,9,1,3,13
18041.0,18.0,17.0,19.0,11,38,8018.7699999999995,1.0619115672896886,6,9,8,10,27
18042.0,488.0,,488.0,53,2,281.15,,0,7,1,2,10
18043.0,171.0,,171.0,24,3,529.2900000000001,,0,8,2,4,14
18044.0,32.0,24.0,39.0,3,18,3505.61,1.5836184325830802,3,10,7,9,26
18045.0,,,,44,1,178.34,,0,7,0,2,9
18046.0,,,,649,1,189.63,,0,1,0,2,3
18047.0,0.0,,0.0,380,2,326.09000000000003,,0,3,1,3,7
18048.0,145.0,,145.0,202,3,394.93,,0,4,2,3,9
18049.0,153.0,,153.0,436,2,500.92,,0,2,1,4,7
18050.0,33.0,,33.0,358,2,412.06000000000006,,0,3,1,4,8
18051.0,16.0,13.0,17.0,633,7,2282.2799999999997,1.2810464248010918,0,1,4,8,13
18052.0,,,,564,1,10877.18,,0,1,0,10,11
18053.0,228.0,,228.0,70,3,571.0699999999999,,0,6,2,4,12
18054.0,,,,392,1,176.5,,0,3,0,2,5
18055.0,31.0,9.0,50.0,6,14,10142.64,5.476995742559591,1,10,7,10,27
18056.0,330.0,,330.0,287,2,554.5999999999999,,0,4,1,4,9
18057.0,148.0,,148.0,392,3,1188.46,,0,3,2,6,11
18058.0,328.0,,328.0,9,3,774.06,,0,9,2,5,16
18059.0,22.0,,22.0,22,3,306.46,,0,8,2,3,13
18060.0,156.0,,156.0,407,2,1185.46,,0,3,1,6,10
18061.0,26.0,20.0,32.0,21,28,6083.81,1.5739322224302195,3,8,8,10,26
18062.0,84.0,105.0,71.0,172,6,1632.67,0.6734493764601363,0,5,4,7,16
18063.0,242.0,,242.0,390,2,186.60000000000002,,0,3,1,2,6
18064.0,54.0,28.0,71.0,132,11,4481.83,2.5380033562203796,2,5,6,9,20
18065.0,25.0,26.0,25.0,5,29,5866.63,0.971313192068354,7,10,8,10,28
18066.0,170.0,,170.0,74,3,1440.4,,0,6,2,7,15
18067.0,,,,39,1,396.33,,0,7,0,3,10
18068.0,,,,288,1,101.69999999999999,,0,4,0,1,5
18069.0,62.0,49.0,70.0,25,11,4464.92,1.441591082941755,4,8,6,9,23
18070.0,,,,668,1,314.1,,0,1,0,3,4
18071.0,95.0,131.0,71.0,257,6,1169.68,0.5427989429447194,0,4,4,6,14
18072.0,,,,185,1,247.44,,0,5,0,2,7
18073.0,7.0,6.0,8.0,113,12,3859.82,1.3362677851078393,4,5,6,9,20
18074.0,131.0,,131.0,373,2,1019.44,,0,3,1,6,10
18075.0,25.0,13.0,35.0,22,20,5783.29,2.5482344245234954,2,8,7,10,25
18076.0,,,,379,1,151.49,,0,3,0,1,4
18077.0,42.0,47.0,38.0,7,18,4078.79,0.8184044516571215,8,10,7,9,26
18078.0,136.0,203.0,103.0,216,4,725.53,0.5121437685363509,0,4,3,5,12
18079.0,111.0,252.0,64.0,44,5,4203.93,0.25446202690894787,0,7,3,9,19
18080.0,223.0,,223.0,18,2,1231.5,,0,9,1,7,17
18081.0,48.0,,48.0,35,3,343.45000000000005,,0,7,2,3,12
18082.0,,,,25,1,680.84,,0,8,0,5,13
18083.0,,,,397,1,463.53,,0,3,0,4,7
18084.0,186.0,,186.0,15,3,795.23,,0,9,2,5,16
18085.0,99.0,235.0,31.0,329,4,1341.85,0.1336938809248282,0,3,3,7,13
18086.0,,,,273,1,101.34,,0,4,0,1,5
18087.0,40.0,19.0,56.0,97,17,14761.52,2.936902556097813,1,5,7,10,22
18088.0,,,,60,1,166.03,,0,6,0,2,8
18089.0,,,,446,1,428.45,,0,2,0,4,6
18090.0,,,,421,1,321.9,,0,2,0,3,5
18091.0,,,,592,1,360.85,,0,1,0,3,4
18092.0,43.0,47.0,39.0,1,18,14693.720000000001,0.8214527315782821,8,10,7,10,27
18093.0,75.0,58.0,87.0,92,8,4452.71,1.5110433923005173,4,6,5,9,20
18094.0,51.0,51.0,52.0,81,13,6391.5199999999995,1.0214094974700594,6,6,7,10,23
18095.0,71.0,20.0,88.0,312,5,2303.09,4.264685917765537,0,3,3,8,14
18096.0,100.0,35.0,143.0,11,6,1657.87,4.047917237420584,0,9,4,7,20
18097.0,71.0,84.0,63.0,7,11,4627.92,0.747820281122429,8,10,6,9,25
18098.0,,,,395,1,527.94,,0,3,0,4,7
18099.0,,,,126,1,168.31,,0,5,0,2,7
18100.0,,,,549,1,451.56,,0,1,0,4,5
18101.0,165.0,286.0,125.0,10,5,622.01,0.4367919011031117,0,9,3,5,17
18102.0,5.0,3.0,6.0,0,145,580987.04,1.863666468944289,3,10,10,10,30
18103.0,,,,548,1,105.8,,0,1,0,1,2
18104.0,,,,36,1,754.64,,0,7,0,5,12
18105.0,,,,37,1,113.48000000000002,,0,7,0,1,8
18106.0,72.0,22.0,106.0,329,6,1441.06,4.836905568066689,0,3,4,7,14
18107.0,,,,441,1,165.88,,0,2,0,2,4
18108.0,241.0,,241.0,253,3,848.81,,0,4,2,5,11
18109.0,14.0,14.0,13.0,1,38,9555.71,0.9204444096706048,7,10,8,10,28
18110.0,391.0,,391.0,19,2,392.28000000000003,,0,8,1,3,12
18111.0,,,,588,1,405.85,,0,1,0,3,4
18112.0,179.0,133.0,203.0,11,4,773.36,1.526256029568377,0,9,3,5,17
18113.0,,,,368,1,76.32000000000001,,0,3,0,1,4
18114.0,,,,289,1,220.1,,0,4,0,2,6
18115.0,,,,697,1,9.700000000000001,,0,1,0,1,2
18116.0,28.0,9.0,42.0,67,13,2134.49,4.525936980704354,1,6,7,8,21
18117.0,,,,25,1,315.65,,0,8,0,3,11
18118.0,13.0,10.0,15.0,10,29,6221.02,1.464409954779827,4,9,8,10,27
18119.0,,,,367,1,180.7,,0,3,0,2,5
18120.0,,,,213,1,111.15,,0,4,0,1,5
18121.0,5.0,,5.0,148,2,653.3,,0,5,1,5,11
18122.0,28.0,48.0,15.0,7,6,1793.06,0.31923430033759603,0,10,4,7,21
18123.0,244.0,,244.0,23,3,666.6399999999999,,0,8,2,5,15
18124.0,,,,471,1,102.65,,0,2,0,1,3
18125.0,95.0,20.0,132.0,29,4,1131.75,6.34778717056191,0,8,3,6,17
18126.0,,,,60,1,200.92000000000002,,0,6,0,2,8
18127.0,128.0,269.0,57.0,18,4,556.13,0.21154360861620813,0,9,3,4,16
18128.0,,,,536,1,399.29,,0,1,0,3,4
18129.0,,,,242,1,112.55000000000001,,0,4,0,1,5
18130.0,20.0,,20.0,14,3,1059.3899999999999,,0,9,2,6,17
18131.0,,,,631,1,222.95999999999998,,0,1,0,2,3
18132.0,,,,503,1,220.13,,0,2,0,2,4
18133.0,,,,211,1,931.4999999999999,,0,4,0,6,10
18134.0,96.0,,96.0,597,2,445.0,,0,1,1,4,6
18135.0,67.0,60.0,72.0,28,10,1249.6200000000001,1.2019283390614997,5,8,6,7,21
18136.0,96.0,42.0,115.0,62,5,1631.3600000000001,2.7456202710224233,0,6,3,7,16
18137.0,0.0,,0.0,550,2,145.99,,0,1,1,1,3
18138.0,,,,294,1,152.65,,0,4,0,1,5
18139.0,0.0,0.0,0.0,17,6,8438.34,7.046728971962617,0,9,4,10,23
18140.0,,,,473,1,536.41,,0,2,0,4,6
18141.0,187.0,,187.0,401,2,882.47,,0,3,1,6,10
18142.0,58.0,,58.0,156,2,1019.52,,0,5,1,6,12
18143.0,25.0,,25.0,116,2,1000.1600000000001,,0,5,1,6,12
18144.0,39.0,45.0,35.0,7,19,4892.95,0.77819747581548,8,10,7,9,26
18145.0,71.0,61.0,78.0,12,11,5609.74,1.2817258453356217,5,9,6,10,25
18146.0,79.0,,79.0,140,2,160.35000000000002,,0,5,1,1,7
18147.0,62.0,,62.0,45,2,179.33999999999997,,0,7,1,2,10
18148.0,,,,646,1,112.85000000000001,,0,1,0,1,2
18149.0,97.0,84.0,104.0,50,7,1553.96,1.2401102283478556,0,7,4,7,18
18150.0,84.0,,84.0,31,3,566.58,,0,8,2,4,14
18151.0,102.0,43.0,141.0,134,6,1879.44,3.2469234287416104,0,5,4,8,17
18152.0,,,,645,1,426.69,,0,1,0,4,5
18153.0,,,,658,1,246.22,,0,1,0,2,3
18154.0,121.0,86.0,133.0,2,5,932.5999999999999,1.5497234678023137,0,10,3,6,19
18155.0,108.0,,108.0,74,3,371.62,,0,6,2,3,11
18156.0,356.0,,356.0,12,2,675.64,,0,9,1,5,15
18157.0,,,,570,1,213.9,,0,1,0,2,3
18158.0,79.0,,79.0,8,2,453.4,,0,10,1,4,15
18159.0,,,,300,1,530.15,,0,4,0,4,8
18160.0,164.0,,164.0,56,3,1003.88,,0,7,2,6,15
18161.0,72.0,63.0,79.0,14,6,1803.1,1.2490037110734704,0,9,4,7,20
18162.0,,,,731,1,371.51,,0,1,0,3,4
18163.0,,,,583,1,728.84,,0,1,0,5,6
18164.0,,,,36,1,399.65000000000003,,0,7,0,3,10
18165.0,,,,176,1,302.46000000000004,,0,5,0,3,8
18166.0,,,,623,1,175.5,,0,1,0,2,3
18167.0,41.0,,41.0,22,3,1384.8600000000001,,0,8,2,7,17
18168.0,37.0,36.0,38.0,175,16,3435.5,1.0694894495235892,6,5,7,9,21
18169.0,,,,60,1,202.65,,0,6,0,2,8
18170.0,83.0,53.0,101.0,32,9,2878.0,1.8873883206008029,3,8,5,8,21
18171.0,80.0,77.0,82.0,58,9,2437.31,1.0603275816346902,6,7,5,8,20
18172.0,14.0,12.0,15.0,14,52,17467.24,1.1833411321316174,5,9,9,10,28
18173.0,131.0,338.0,62.0,86,5,2696.36,0.18535599320450377,0,6,3,8,17
18174.0,596.0,,596.0,6,2,162.5,,0,10,1,2,13
18175.0,,,,675,1,176.1,,0,1,0,2,3
18176.0,,,,357,1,476.35,,0,3,0,4,7
18177.0,86.0,156.0,44.0,30,9,2216.32,0.2871449976213377,10,8,5,8,21
18178.0,53.0,41.0,60.0,128,11,6103.740000000001,1.4528488932332286,4,5,6,10,21
18179.0,93.0,112.0,79.0,8,8,2547.55,0.7057190552738963,9,10,5,8,23
18180.0,27.0,27.0,27.0,4,6,1843.75,1.029449423815621,0,10,4,8,22
18181.0,177.0,172.0,179.0,23,5,1188.3400000000001,1.0445106573107348,0,8,3,6,17
18182.0,,,,462,1,291.13,,0,2,0,3,5
18183.0,47.0,,47.0,226,2,632.07,,0,4,1,5,10
18184.0,,,,14,1,49.8,,0,9,0,1,10
18185.0,,,,248,1,304.25,,0,4,0,3,7
18186.0,,,,722,1,329.58,,0,1,0,3,4
18187.0,,,,631,1,724.89,,0,1,0,5,6
18188.0,121.0,96.0,138.0,14,6,3280.59,1.4351472216922665,0,9,4,9,22
18189.0,274.0,,274.0,77,3,1403.73,,0,6,2,7,15
18190.0,131.0,38.0,162.0,191,5,745.62,4.2601630461194535,0,4,3,5,12
18191.0,215.0,,215.0,261,2,529.4,,0,4,1,4,9
18192.0,,,,71,1,957.97,,0,6,0,6,12
18193.0,138.0,,138.0,164,3,1207.35,,0,5,2,6,13
18194.0,119.0,55.0,162.0,81,6,4162.04,2.9306994399216184,0,6,4,9,19
18195.0,,,,386,1,101.16,,0,3,0,1,4
18196.0,179.0,161.0,188.0,94,4,1457.19,1.167630543911401,0,6,3,7,16
18197.0,,,,575,1,230.1,,0,1,0,2,3
18198.0,20.0,16.0,23.0,3,17,5425.56,1.4140268159718494,4,10,7,9,26
18199.0,,,,683,1,344.75,,0,1,0,3,4
18200.0,,,,105,1,150.35,,0,5,0,1,6
18201.0,,,,722,1,447.53000000000003,,0,1,0,4,5
18202.0,55.0,,55.0,199,3,1396.99,,0,4,2,7,13
18203.0,191.0,180.0,196.0,156,4,492.52,1.0859165739283934,0,5,3,4,12
18204.0,60.0,,60.0,70,3,1975.35,,0,6,2,8,16
18205.0,38.0,,38.0,35,2,517.36,,0,7,1,4,12
18206.0,,,,552,1,314.65999999999997,,0,1,0,3,4
18207.0,,,,498,1,544.47,,0,2,0,4,6
18208.0,,,,565,1,360.08,,0,1,0,3,4
18209.0,,,,28,1,139.10000000000002,,0,8,0,1,9
18210.0,63.0,165.0,12.0,1,7,2768.83,0.07519340028092832,0,10,4,8,22
18211.0,63.0,142.0,36.0,25,5,600.07,0.26013023953315895,0,8,3,4,15
18212.0,351.0,,351.0,325,2,514.37,,0,3,1,4,8
18213.0,,,,236,1,232.48000000000002,,0,4,0,2,6
18214.0,7.0,4.0,9.0,530,4,1780.34,1.9110733503256867,0,2,3,7,12
18215.0,133.0,96.0,145.0,88,5,2232.4900000000002,1.5184056317140229,0,6,3,8,17
18216.0,,,,30,1,481.75,,0,8,0,4,12
18217.0,165.0,12.0,242.0,28,4,945.0400000000001,18.8096664507772,0,8,3,6,17
18218.0,149.0,63.0,192.0,210,4,1121.84,3.012895757931462,0,4,3,6,13
18219.0,45.0,51.0,40.0,2,17,3352.7,0.7824833238331528,8,10,7,9,26
18220.0,99.0,113.0,90.0,226,6,1921.76,0.7952510577560279,0,4,4,8,16
18221.0,73.0,102.0,54.0,21,6,1424.94,0.5251239072711384,0,8,4,7,19
18222.0,,,,92,1,443.0,,0,6,0,4,10
18223.0,29.0,31.0,27.0,4,26,14000.85,0.8655772976775871,7,10,8,10,28
18224.0,,,,263,1,158.95000000000002,,0,4,0,1,5
18225.0,29.0,28.0,29.0,2,26,13014.800000000001,1.0301286182718041,6,10,8,10,28
18226.0,24.0,20.0,27.0,43,26,11878.88,1.3828236783609333,4,7,8,10,25
18227.0,266.0,,266.0,217,2,388.75,,0,4,1,3,8
18228.0,22.0,,22.0,56,2,779.9,,0,7,1,5,13
18229.0,26.0,38.0,16.0,11,28,10150.51,0.42633946982991133,10,9,8,10,27
18230.0,64.0,91.0,48.0,8,9,4291.06,0.5341130693522546,9,10,5,9,24
18231.0,18.0,9.0,27.0,191,28,6854.17,2.921010779218127,1,4,8,10,22
18232.0,38.0,4.0,55.0,81,4,592.97,11.95771701777977,0,6,3,4,13
18233.0,,,,325,1,440.0,,0,3,0,4,7
18234.0,,,,551,1,179.6,,0,1,0,2,3
18235.0,72.0,,72.0,71,3,1796.48,,0,6,2,7,15
18236.0,52.0,42.0,59.0,29,12,1795.3500000000001,1.3909429524889436,4,8,6,7,21
18237.0,32.0,14.0,39.0,2,5,987.0999999999999,2.6026074733151057,0,10,3,6,19
18238.0,,,,514,1,270.92,,0,2,0,2,4
18239.0,40.0,50.0,34.0,218,6,1712.26,0.6909498238928344,0,4,4,7,15
18240.0,,,,45,1,422.58,,0,7,0,4,11
18241.0,30.0,54.0,10.0,9,21,2986.9900000000002,0.1884718332205612,10,9,7,9,25
18242.0,89.0,84.0,93.0,71,8,3605.21,1.109148705353701,6,6,5,9,20
18243.0,,,,413,1,515.78,,0,2,0,4,6
18244.0,72.0,,72.0,430,2,568.64,,0,2,1,4,7
18245.0,33.0,27.0,39.0,6,20,6324.9800000000005,1.4400656197132555,4,10,7,10,27
18246.0,293.0,,293.0,23,3,758.8199999999999,,0,8,2,5,15
18247.0,108.0,,108.0,414,3,839.73,,0,2,2,5,9
18248.0,63.0,,63.0,122,2,804.02,,0,5,1,5,11
18249.0,,,,16,1,95.34,,0,9,0,1,10
18250.0,,,,309,1,349.27,,0,4,0,3,7
18251.0,78.0,35.0,104.0,86,9,26278.86,2.9329145630815954,1,6,5,10,21
18252.0,111.0,11.0,161.0,50,7,1533.69,13.544808234712571,0,7,4,7,18
18253.0,,,,642,1,317.88,,0,1,0,3,4
18254.0,,,,580,1,267.9,,0,1,0,2,3
18255.0,366.0,,366.0,88,2,303.15,,0,6,1,3,10
18256.0,,,,387,1,110.7,,0,3,0,1,4
18257.0,56.0,73.0,41.0,38,12,4600.15,0.5675335109705079,9,7,6,9,22
18258.0,21.0,13.0,27.0,463,6,2059.67,2.097749367425756,0,2,4,8,14
18259.0,117.0,165.0,93.0,24,7,3941.9000000000005,0.5671531989989897,0,8,4,9,21
18260.0,25.0,28.0,21.0,172,23,9947.26,0.7535715027305384,8,5,7,10,22
18261.0,52.0,,52.0,42,2,324.24,,0,7,1,3,11
18262.0,231.0,,231.0,139,3,577.54,,0,5,2,4,11
18263.0,113.0,,113.0,25,3,1213.1599999999999,,0,8,2,6,16
18264.0,,,,498,1,603.25,,0,2,0,4,6
18265.0,85.0,,85.0,71,2,801.51,,0,6,1,5,12
18266.0,,,,433,1,251.1,,0,2,0,2,4
18267.0,,,,672,1,269.37,,0,1,0,2,3
18268.0,118.0,29.0,178.0,133,6,1490.23,5.939991817767795,0,5,4,7,16
18269.0,,,,365,1,168.6,,0,3,0,2,5
18270.0,197.0,,197.0,37,3,444.55,,0,7,2,4,13
18271.0,121.0,,121.0,609,2,680.85,,0,1,1,5,7
18272.0,80.0,132.0,48.0,2,9,4385.98,0.3672401725740909,10,10,5,9,24
18273.0,196.0,332.0,127.0,1,4,357.0,0.38305127873557226,0,10,3,3,16
18274.0,,,,29,1,175.92,,0,8,0,2,10
18275.0,152.0,,152.0,577,2,741.85,,0,1,1,5,7
18276.0,137.0,104.0,158.0,43,6,1656.52,1.5137271007978907,0,7,4,7,18
18277.0,109.0,0.0,145.0,57,5,1180.05,209378.33333333334,0,7,3,6,16
18278.0,330.0,,330.0,73,2,414.20000000000005,,0,6,1,4,11
18279.0,,,,518,1,231.33999999999997,,0,2,0,2,4
18280.0,116.0,,116.0,277,2,488.15000000000003,,0,4,1,4,9
18281.0,397.0,,397.0,180,2,201.14,,0,5,1,2,8
18282.0,118.0,,118.0,7,2,178.05,,0,10,1,2,13
18283.0,31.0,45.0,17.0,3,22,2664.9,0.39127165044770473,10,10,7,8,25
18284.0,,,,431,1,461.68,,0,2,0,4,6
18285.0,,,,660,1,427.0,,0,1,0,4,5
18286.0,247.0,,247.0,476,2,1296.43,,0,2,1,7,10
18287.0,88.0,63.0,100.0,42,7,4182.99,1.5820047675283209,0,7,4,9,20
